2026-02-26T09:21:57.448096	0	5	NO_Vest	no_vest	0.2854	0.01	32.31	63.72	151.75	1
2026-02-26T09:21:57.448096	0	5	NO_Vest	no_vest	0.2561	0.00	30.00	63.47	153.03	1
2026-02-26T09:21:58.229797	0	5	NO_Vest	no_vest	0.3451	296.44	46.94	429.47	122.31	1
2026-02-26T09:21:58.446414	0	5	NO_Vest	no_vest	0.5516	295.88	65.72	428.16	136.50	1
2026-02-26T09:21:58.448258	0	5	NO_Vest	no_vest	0.5458	293.38	68.12	425.88	221.06	1
2026-02-26T09:21:58.451357	0	5	NO_Vest	no_vest	0.4766	288.56	75.44	428.84	150.25	1
2026-02-26T09:21:58.451357	0	6	NO_goggles	no_goggles	0.3612	360.44	5.40	403.95	25.96	1
2026-02-26T09:21:58.613616	0	6	NO_goggles	no_goggles	0.4668	352.53	10.07	401.58	31.45	1
2026-02-26T09:21:58.613616	0	5	NO_Vest	no_vest	0.3513	285.50	77.69	427.75	168.36	1
2026-02-26T09:21:58.613616	0	5	NO_Vest	no_vest	0.2783	284.50	79.06	427.59	220.53	1
2026-02-26T09:21:58.624773	0	5	NO_Vest	no_vest	0.6968	285.31	85.34	424.69	167.06	1
2026-02-26T09:21:58.624773	0	6	NO_goggles	no_goggles	0.5603	366.48	20.81	399.72	42.97	1
2026-02-26T09:21:58.624773	0	6	NO_goggles	no_goggles	0.4785	352.06	18.49	400.47	42.80	1
2026-02-26T09:21:58.624773	0	5	NO_Vest	no_vest	0.4007	282.38	86.88	425.06	230.72	1
2026-02-26T09:21:58.625963	0	5	NO_Vest	no_vest	0.7303	278.69	92.31	420.88	226.25	1
2026-02-26T09:21:58.625963	0	6	NO_goggles	no_goggles	0.5775	344.56	25.09	395.28	48.93	1
2026-02-26T09:21:58.625963	0	6	NO_goggles	no_goggles	0.3040	354.19	27.84	395.46	50.50	1
2026-02-26T09:21:58.634437	0	5	NO_Vest	no_vest	0.7394	274.88	101.56	419.41	228.94	1
2026-02-26T09:21:58.634437	0	6	NO_goggles	no_goggles	0.5756	336.88	32.41	388.89	56.48	1
2026-02-26T09:21:58.634437	0	4	NO_helmet	no_helmet	0.4073	337.34	1.39	394.42	23.99	1
2026-02-26T09:21:58.737858	0	5	NO_Vest	no_vest	0.7334	267.44	105.03	416.66	214.28	1
2026-02-26T09:21:58.737858	0	6	NO_goggles	no_goggles	0.6243	334.02	39.95	384.84	61.22	1
2026-02-26T09:21:58.737858	0	4	NO_helmet	no_helmet	0.5927	331.67	1.32	394.22	34.06	1
2026-02-26T09:21:58.740858	0	5	NO_Vest	no_vest	0.6749	264.88	110.75	415.03	210.34	1
2026-02-26T09:21:58.740858	0	6	NO_goggles	no_goggles	0.6151	331.19	45.29	381.48	66.25	1
2026-02-26T09:21:58.740858	0	4	NO_helmet	no_helmet	0.6058	327.42	1.99	393.16	35.34	1
2026-02-26T09:21:58.748187	0	5	NO_Vest	no_vest	0.7287	264.69	114.56	414.62	205.62	1
2026-02-26T09:21:58.748187	0	6	NO_goggles	no_goggles	0.5908	324.92	48.27	379.91	74.14	1
2026-02-26T09:21:58.748187	0	4	NO_helmet	no_helmet	0.5851	323.42	2.88	391.75	39.16	1
2026-02-26T09:21:58.753187	0	5	NO_Vest	no_vest	0.6732	260.62	116.25	413.56	214.09	1
2026-02-26T09:21:58.753187	0	6	NO_goggles	no_goggles	0.6169	322.09	49.33	377.58	74.81	1
2026-02-26T09:21:58.753187	0	4	NO_helmet	no_helmet	0.5660	321.50	4.38	386.47	40.20	1
2026-02-26T09:21:58.895826	0	5	NO_Vest	no_vest	0.6766	258.69	116.16	412.94	214.59	1
2026-02-26T09:21:58.895826	0	6	NO_goggles	no_goggles	0.6058	320.44	50.99	375.38	74.57	1
2026-02-26T09:21:58.895826	0	4	NO_helmet	no_helmet	0.5889	319.66	5.23	384.66	41.74	1
2026-02-26T09:21:58.895826	0	5	NO_Vest	no_vest	0.6885	256.12	116.72	411.31	216.69	1
2026-02-26T09:21:58.895826	0	6	NO_goggles	no_goggles	0.6206	319.89	50.94	372.69	75.38	1
2026-02-26T09:21:58.895826	0	4	NO_helmet	no_helmet	0.5946	316.28	4.61	384.66	41.55	1
2026-02-26T09:21:58.904790	0	5	NO_Vest	no_vest	0.6749	254.88	115.50	412.06	217.19	1
2026-02-26T09:21:58.904790	0	6	NO_goggles	no_goggles	0.6352	318.91	50.68	371.97	74.89	1
2026-02-26T09:21:58.904790	0	4	NO_helmet	no_helmet	0.6188	314.91	3.59	385.19	41.06	1
2026-02-26T09:21:58.904790	0	5	NO_Vest	no_vest	0.6715	254.06	114.75	411.00	215.84	1
2026-02-26T09:21:58.904790	0	4	NO_helmet	no_helmet	0.6424	314.03	2.20	384.62	39.09	1
2026-02-26T09:21:58.904790	0	6	NO_goggles	no_goggles	0.6021	317.09	48.66	371.33	73.97	1
2026-02-26T09:21:59.053220	0	5	NO_Vest	no_vest	0.7001	252.06	112.91	410.19	211.78	1
2026-02-26T09:21:59.053220	0	4	NO_helmet	no_helmet	0.6723	314.41	1.59	383.78	37.08	1
2026-02-26T09:21:59.053220	0	6	NO_goggles	no_goggles	0.6114	318.75	44.76	371.59	68.89	1
2026-02-26T09:21:59.067123	0	5	NO_Vest	no_vest	0.6868	252.25	109.91	410.31	208.81	1
2026-02-26T09:21:59.067123	0	6	NO_goggles	no_goggles	0.5889	317.22	40.45	370.19	63.48	1
2026-02-26T09:21:59.067123	0	4	NO_helmet	no_helmet	0.5370	313.77	1.23	381.38	33.91	1
2026-02-26T09:21:59.072125	0	5	NO_Vest	no_vest	0.7210	255.12	106.06	409.50	212.06	1
2026-02-26T09:21:59.072125	0	6	NO_goggles	no_goggles	0.6243	316.73	35.86	371.50	59.83	1
2026-02-26T09:21:59.072125	0	4	NO_helmet	no_helmet	0.3766	315.98	1.34	378.59	26.99	1
2026-02-26T09:21:59.082404	0	5	NO_Vest	no_vest	0.6935	254.44	103.66	408.56	211.78	1
2026-02-26T09:21:59.082404	0	6	NO_goggles	no_goggles	0.5448	319.66	31.88	370.55	56.56	1
2026-02-26T09:21:59.082404	0	4	NO_helmet	no_helmet	0.2697	317.03	0.92	376.06	22.68	1
2026-02-26T09:21:59.222511	0	5	NO_Vest	no_vest	0.6680	254.56	100.16	408.38	207.69	1
2026-02-26T09:21:59.222511	0	6	NO_goggles	no_goggles	0.5983	316.77	27.49	369.22	51.45	1
2026-02-26T09:21:59.229512	0	5	NO_Vest	no_vest	0.6270	255.81	98.84	406.59	214.19	1
2026-02-26T09:21:59.229512	0	6	NO_goggles	no_goggles	0.5983	320.19	26.70	367.20	48.99	1
2026-02-26T09:21:59.229512	0	6	NO_goggles	no_goggles	0.3923	312.42	23.66	365.28	48.04	1
2026-02-26T09:21:59.238435	0	5	NO_Vest	no_vest	0.6610	255.38	101.66	407.47	208.28	1
2026-02-26T09:21:59.238435	0	6	NO_goggles	no_goggles	0.5293	310.78	27.07	366.05	50.96	1
2026-02-26T09:21:59.238435	0	6	NO_goggles	no_goggles	0.3007	323.72	29.20	365.90	51.63	1
2026-02-26T09:21:59.242269	0	5	NO_Vest	no_vest	0.6783	253.12	103.53	407.94	204.06	1
2026-02-26T09:21:59.242269	0	6	NO_goggles	no_goggles	0.5195	303.47	30.38	365.53	56.19	1
2026-02-26T09:21:59.415313	0	5	NO_Vest	no_vest	0.7394	250.75	108.47	409.12	213.66	1
2026-02-26T09:21:59.415313	0	6	NO_goggles	no_goggles	0.5370	310.05	35.27	366.41	60.31	1
2026-02-26T09:21:59.415313	0	4	NO_helmet	no_helmet	0.3567	313.50	1.24	375.36	26.04	1
2026-02-26T09:21:59.415313	0	6	NO_goggles	no_goggles	0.3522	324.59	37.12	367.38	60.64	1
2026-02-26T09:21:59.431410	0	5	NO_Vest	no_vest	0.7513	251.06	113.69	411.44	220.22	1
2026-02-26T09:21:59.431410	0	6	NO_goggles	no_goggles	0.5312	309.39	40.81	367.08	65.05	1
2026-02-26T09:21:59.431410	0	4	NO_helmet	no_helmet	0.4941	310.66	1.85	378.59	32.34	1
2026-02-26T09:21:59.431410	0	6	NO_goggles	no_goggles	0.3775	324.00	42.68	370.61	66.22	1
2026-02-26T09:21:59.439445	0	5	NO_Vest	no_vest	0.6851	251.00	117.28	416.44	223.94	1
2026-02-26T09:21:59.439445	0	4	NO_helmet	no_helmet	0.6002	310.66	1.77	382.19	37.06	1
2026-02-26T09:21:59.439445	0	6	NO_goggles	no_goggles	0.4824	317.19	46.55	371.30	73.12	1
2026-02-26T09:21:59.439445	0	6	NO_goggles	no_goggles	0.3024	310.29	45.77	363.28	70.23	1
2026-02-26T09:21:59.443350	0	5	NO_Vest	no_vest	0.6749	253.44	122.06	416.75	226.66	1
2026-02-26T09:21:59.443350	0	4	NO_helmet	no_helmet	0.6243	310.97	1.66	384.50	38.67	1
2026-02-26T09:21:59.443350	0	6	NO_goggles	no_goggles	0.5660	314.78	49.64	371.02	75.94	1
2026-02-26T09:21:59.548644	0	5	NO_Vest	no_vest	0.6397	249.38	126.44	418.00	228.81	1
2026-02-26T09:21:59.548644	0	6	NO_goggles	no_goggles	0.5622	313.25	50.80	369.73	77.53	1
2026-02-26T09:21:59.548644	0	4	NO_helmet	no_helmet	0.5117	313.70	1.48	388.66	39.81	1
2026-02-26T09:21:59.548644	0	5	NO_Vest	no_vest	0.7033	249.38	130.66	418.69	225.94	1
2026-02-26T09:21:59.548644	0	6	NO_goggles	no_goggles	0.5699	314.17	51.41	372.12	78.44	1
2026-02-26T09:21:59.548644	0	4	NO_helmet	no_helmet	0.4102	315.28	3.91	390.88	41.59	1
2026-02-26T09:21:59.548644	0	4	NO_helmet	no_helmet	0.3320	294.94	1.97	391.91	48.61	1
2026-02-26T09:21:59.548644	0	4	NO_helmet	no_helmet	0.2713	249.84	1.28	395.94	67.88	1
2026-02-26T09:21:59.565466	0	5	NO_Vest	no_vest	0.7082	250.25	126.62	419.50	223.66	1
2026-02-26T09:21:59.565466	0	6	NO_goggles	no_goggles	0.5737	316.81	51.91	381.83	79.38	1
2026-02-26T09:21:59.565466	0	4	NO_helmet	no_helmet	0.4785	321.44	4.09	398.53	43.12	1
2026-02-26T09:21:59.565466	0	5	NO_Vest	no_vest	0.7394	253.25	121.56	422.31	224.22	1
2026-02-26T09:21:59.565466	0	4	NO_helmet	no_helmet	0.5467	327.12	2.52	403.41	40.08	1
2026-02-26T09:21:59.565466	0	6	NO_goggles	no_goggles	0.5390	325.61	49.03	389.22	79.09	1
2026-02-26T09:21:59.699594	0	5	NO_Vest	no_vest	0.7670	256.12	118.50	423.69	213.98	1
2026-02-26T09:21:59.699594	0	4	NO_helmet	no_helmet	0.6132	337.88	2.44	410.25	37.96	1
2026-02-26T09:21:59.699594	0	6	NO_goggles	no_goggles	0.6002	333.45	47.73	393.42	75.91	1
2026-02-26T09:21:59.717584	0	5	NO_Vest	no_vest	0.7225	257.31	114.00	426.94	214.25	1
2026-02-26T09:21:59.717584	0	4	NO_helmet	no_helmet	0.5832	342.72	1.96	414.69	36.00	1
2026-02-26T09:21:59.717584	0	6	NO_goggles	no_goggles	0.5254	336.03	47.26	400.22	75.86	1
2026-02-26T09:21:59.717584	0	6	NO_goggles	no_goggles	0.2814	337.84	46.13	389.12	72.12	1
2026-02-26T09:21:59.726369	0	5	NO_Vest	no_vest	0.7194	257.75	115.97	427.56	218.34	1
2026-02-26T09:21:59.726369	0	4	NO_helmet	no_helmet	0.5964	346.61	2.29	416.88	36.48	1
2026-02-26T09:21:59.726369	0	6	NO_goggles	no_goggles	0.5583	343.72	47.98	404.45	76.84	1
2026-02-26T09:21:59.734439	0	5	NO_Vest	no_vest	0.5955	259.69	124.41	427.94	223.59	1
2026-02-26T09:21:59.734439	0	6	NO_goggles	no_goggles	0.5908	345.69	49.81	404.05	77.64	1
2026-02-26T09:21:59.734439	0	4	NO_helmet	no_helmet	0.5332	347.95	1.61	420.19	36.23	1
2026-02-26T09:21:59.848733	0	5	NO_Vest	no_vest	0.6732	261.06	134.00	429.12	225.06	1
2026-02-26T09:21:59.848733	0	6	NO_goggles	no_goggles	0.6352	345.12	55.73	403.92	84.25	1
2026-02-26T09:21:59.848733	0	4	NO_helmet	no_helmet	0.3303	348.98	3.77	418.94	44.31	1
2026-02-26T09:21:59.865223	0	4	NO_helmet	no_helmet	0.6334	255.00	2.19	421.31	67.91	1
2026-02-26T09:21:59.865223	0	5	NO_Vest	no_vest	0.5823	251.31	140.31	430.75	247.38	1
2026-02-26T09:21:59.865223	0	6	NO_goggles	no_goggles	0.4902	347.50	63.84	404.05	95.05	1
2026-02-26T09:21:59.865223	0	6	NO_goggles	no_goggles	0.3757	337.97	62.17	398.06	89.73	1
2026-02-26T09:21:59.869612	0	4	NO_helmet	no_helmet	0.6926	260.62	7.27	417.06	63.78	1
2026-02-26T09:21:59.869612	0	6	NO_goggles	no_goggles	0.6114	334.19	73.53	397.30	104.38	1
2026-02-26T09:21:59.883345	0	4	NO_helmet	no_helmet	0.6860	276.62	13.88	415.12	69.53	1
2026-02-26T09:21:59.883345	0	4	NO_helmet	no_helmet	0.6671	316.00	18.45	414.78	69.14	1
2026-02-26T09:21:59.883345	0	6	NO_goggles	no_goggles	0.6637	326.78	85.59	390.17	116.11	1
2026-02-26T09:21:59.883345	0	4	NO_helmet	no_helmet	0.3329	254.31	2.17	417.94	69.69	1
2026-02-26T09:22:00.031913	0	4	NO_helmet	no_helmet	0.6058	318.09	31.98	410.47	84.47	1
2026-02-26T09:22:00.031913	0	4	NO_helmet	no_helmet	0.5832	272.00	13.44	412.00	83.44	1
2026-02-26T09:22:00.031913	0	6	NO_goggles	no_goggles	0.4883	323.94	96.39	389.50	127.99	1
2026-02-26T09:22:00.043310	0	4	NO_helmet	no_helmet	0.6460	319.81	45.48	403.53	99.25	1
2026-02-26T09:22:00.043310	0	6	NO_goggles	no_goggles	0.5718	317.81	108.95	383.20	141.05	1
2026-02-26T09:22:00.053150	0	4	NO_helmet	no_helmet	0.6843	312.92	58.53	396.53	105.70	1
2026-02-26T09:22:00.053150	0	6	NO_goggles	no_goggles	0.6151	316.05	118.06	375.59	148.81	1
2026-02-26T09:22:00.058151	0	4	NO_helmet	no_helmet	0.6723	308.00	68.11	389.22	115.94	1
2026-02-26T09:22:00.058151	0	6	NO_goggles	no_goggles	0.4785	311.84	127.27	373.48	159.33	1
2026-02-26T09:22:00.181830	0	4	NO_helmet	no_helmet	0.6706	303.53	71.78	390.28	123.28	1
2026-02-26T09:22:00.181830	0	6	NO_goggles	no_goggles	0.5487	305.06	134.67	369.94	164.08	1
2026-02-26T09:22:00.200202	0	4	NO_helmet	no_helmet	0.6740	301.22	76.39	388.97	125.95	1
2026-02-26T09:22:00.200202	0	6	NO_goggles	no_goggles	0.5583	302.28	137.31	364.41	168.91	1
2026-02-26T09:22:00.200202	0	4	NO_helmet	no_helmet	0.6993	298.59	80.39	377.34	125.50	1
2026-02-26T09:22:00.200202	0	6	NO_goggles	no_goggles	0.6188	295.03	139.65	359.33	172.75	1
2026-02-26T09:22:00.200202	0	4	NO_helmet	no_helmet	0.6775	294.22	80.52	371.19	126.34	1
2026-02-26T09:22:00.200202	0	6	NO_goggles	no_goggles	0.5351	293.58	139.92	358.06	173.36	1
2026-02-26T09:22:00.358407	0	4	NO_helmet	no_helmet	0.6826	290.44	79.52	368.00	125.34	1
2026-02-26T09:22:00.358407	0	6	NO_goggles	no_goggles	0.5622	288.72	139.28	355.34	173.25	1
2026-02-26T09:22:00.361415	0	4	NO_helmet	no_helmet	0.6910	287.00	77.80	365.25	122.72	1
2026-02-26T09:22:00.361415	0	6	NO_goggles	no_goggles	0.5312	284.28	137.47	352.06	168.55	1
2026-02-26T09:22:00.368914	0	4	NO_helmet	no_helmet	0.6926	284.38	74.67	364.47	122.03	1
2026-02-26T09:22:00.368914	0	6	NO_goggles	no_goggles	0.5525	284.75	135.71	346.00	165.45	1
2026-02-26T09:22:00.368914	0	4	NO_helmet	no_helmet	0.7009	281.75	73.55	363.06	118.69	1
2026-02-26T09:22:00.368914	0	6	NO_goggles	no_goggles	0.5813	281.16	133.50	344.59	164.38	1
2026-02-26T09:22:00.614611	0	4	NO_helmet	no_helmet	0.7122	278.69	73.20	361.75	118.16	1
2026-02-26T09:22:00.614611	0	6	NO_goggles	no_goggles	0.5946	279.67	133.55	344.25	164.89	1
2026-02-26T09:22:00.630349	0	4	NO_helmet	no_helmet	0.7311	276.81	74.88	361.75	121.00	1
2026-02-26T09:22:00.630349	0	6	NO_goggles	no_goggles	0.5525	278.73	135.65	343.22	166.33	1
2026-02-26T09:22:00.631308	0	4	NO_helmet	no_helmet	0.7122	277.00	78.03	360.62	123.64	1
2026-02-26T09:22:00.631308	0	6	NO_goggles	no_goggles	0.5234	275.97	138.25	342.16	170.83	1
2026-02-26T09:22:00.631308	0	4	NO_helmet	no_helmet	0.6809	277.38	82.34	359.95	128.72	1
2026-02-26T09:22:00.631308	0	6	NO_goggles	no_goggles	0.4668	276.36	144.26	341.00	178.59	1
2026-02-26T09:22:00.731029	0	4	NO_helmet	no_helmet	0.6406	268.16	89.09	360.12	134.34	1
2026-02-26T09:22:00.731029	0	6	NO_goggles	no_goggles	0.5215	278.61	149.95	342.56	181.34	1
2026-02-26T09:22:00.746704	0	4	NO_helmet	no_helmet	0.4649	260.94	93.59	356.17	142.30	1
2026-02-26T09:22:00.746704	0	6	NO_goggles	no_goggles	0.3812	279.03	152.73	342.56	188.03	1
2026-02-26T09:22:00.751409	0	4	NO_helmet	no_helmet	0.6206	266.56	98.09	358.28	145.78	1
2026-02-26T09:22:00.751409	0	6	NO_goggles	no_goggles	0.5332	278.03	157.13	342.53	188.70	1
2026-02-26T09:22:00.751409	0	4	NO_helmet	no_helmet	0.5312	268.00	99.27	355.88	151.59	1
2026-02-26T09:22:00.751409	0	6	NO_goggles	no_goggles	0.4688	279.31	159.12	342.36	191.12	1
2026-02-26T09:22:00.839825	0	4	NO_helmet	no_helmet	0.5525	271.75	99.53	356.20	149.53	1
2026-02-26T09:22:00.839825	0	6	NO_goggles	no_goggles	0.4766	277.53	158.49	341.95	191.17	1
2026-02-26T09:22:00.845827	0	6	NO_goggles	no_goggles	0.5409	278.81	157.97	341.97	190.27	1
2026-02-26T09:22:00.845827	0	4	NO_helmet	no_helmet	0.4824	269.59	99.92	354.98	149.45	1
2026-02-26T09:22:00.853981	0	4	NO_helmet	no_helmet	0.5098	268.72	98.58	355.53	148.34	1
2026-02-26T09:22:00.853981	0	6	NO_goggles	no_goggles	0.4707	278.78	155.95	341.83	188.64	1
2026-02-26T09:22:00.856981	0	4	NO_helmet	no_helmet	0.4980	269.53	98.16	356.66	145.67	1
2026-02-26T09:22:00.856981	0	6	NO_goggles	no_goggles	0.4941	278.31	153.76	340.06	187.53	1
2026-02-26T09:22:00.980580	0	6	NO_goggles	no_goggles	0.5467	278.47	153.45	341.09	186.42	1
2026-02-26T09:22:00.980580	0	4	NO_helmet	no_helmet	0.5448	269.75	97.05	356.75	143.38	1
2026-02-26T09:22:00.990064	0	4	NO_helmet	no_helmet	0.5351	266.50	96.75	356.56	144.20	1
2026-02-26T09:22:00.990064	0	6	NO_goggles	no_goggles	0.5254	277.94	153.59	341.06	186.06	1
2026-02-26T09:22:01.024968	0	4	NO_helmet	no_helmet	0.5506	270.12	96.86	356.69	143.64	1
2026-02-26T09:22:01.024968	0	6	NO_goggles	no_goggles	0.5351	277.58	154.38	339.97	187.45	1
2026-02-26T09:22:01.084348	0	6	NO_goggles	no_goggles	0.5195	275.66	155.77	341.84	189.34	1
2026-02-26T09:22:01.084348	0	4	NO_helmet	no_helmet	0.3407	265.91	98.69	355.84	146.08	1
2026-02-26T09:22:01.222595	0	4	NO_helmet	no_helmet	0.5889	270.62	99.09	355.97	148.88	1
2026-02-26T09:22:01.222595	0	6	NO_goggles	no_goggles	0.5156	276.72	158.75	341.64	190.97	1
2026-02-26T09:22:01.226029	0	4	NO_helmet	no_helmet	0.5832	268.16	99.84	356.44	151.19	1
2026-02-26T09:22:01.226029	0	6	NO_goggles	no_goggles	0.4610	275.59	157.86	342.33	199.89	1
2026-02-26T09:22:01.234304	0	4	NO_helmet	no_helmet	0.5832	265.69	100.88	357.11	152.58	1
2026-02-26T09:22:01.234304	0	6	NO_goggles	no_goggles	0.5215	275.12	159.97	341.05	197.88	1
2026-02-26T09:22:01.238759	0	4	NO_helmet	no_helmet	0.5506	268.50	101.30	357.31	152.62	1
2026-02-26T09:22:01.238759	0	6	NO_goggles	no_goggles	0.4883	276.09	160.46	341.11	198.23	1
2026-02-26T09:22:01.320528	0	4	NO_helmet	no_helmet	0.5332	267.47	101.56	357.27	152.98	1
2026-02-26T09:22:01.320528	0	6	NO_goggles	no_goggles	0.4902	274.00	163.52	342.05	197.66	1
2026-02-26T09:22:01.329530	0	4	NO_helmet	no_helmet	0.5813	268.78	101.19	357.19	152.78	1
2026-02-26T09:22:01.329530	0	6	NO_goggles	no_goggles	0.4980	276.25	159.85	341.14	198.12	1
2026-02-26T09:22:01.334527	0	4	NO_helmet	no_helmet	0.6243	265.84	100.98	357.73	152.50	1
2026-02-26T09:22:01.334527	0	6	NO_goggles	no_goggles	0.5409	275.66	160.52	341.58	197.66	1
2026-02-26T09:22:01.337527	0	4	NO_helmet	no_helmet	0.5927	268.28	100.61	357.06	151.11	1
2026-02-26T09:22:01.337527	0	6	NO_goggles	no_goggles	0.5234	275.56	158.98	341.17	197.81	1
2026-02-26T09:22:01.495963	0	4	NO_helmet	no_helmet	0.6058	268.66	100.39	357.88	151.47	1
2026-02-26T09:22:01.495963	0	6	NO_goggles	no_goggles	0.5000	275.84	159.36	341.47	197.50	1
2026-02-26T09:22:01.511603	0	4	NO_helmet	no_helmet	0.5699	265.50	100.27	356.67	151.50	1
2026-02-26T09:22:01.511603	0	6	NO_goggles	no_goggles	0.4552	275.16	158.41	341.67	198.67	1
2026-02-26T09:22:01.523322	0	4	NO_helmet	no_helmet	0.6243	266.09	100.77	357.23	152.14	1
2026-02-26T09:22:01.523322	0	6	NO_goggles	no_goggles	0.5176	275.88	160.26	341.33	197.70	1
2026-02-26T09:22:01.523322	0	4	NO_helmet	no_helmet	0.6280	264.16	100.67	357.55	154.41	1
2026-02-26T09:22:01.523322	0	6	NO_goggles	no_goggles	0.4961	275.16	163.06	341.33	195.78	1
2026-02-26T09:22:01.535248	1	4	NO_helmet	no_helmet	0.6740	281.57	140.50	361.06	183.20	1
2026-02-26T09:22:01.535248	1	5	NO_Vest	no_vest	0.5775	0.09	122.12	59.16	370.28	1
2026-02-26T09:22:01.535248	1	6	NO_goggles	no_goggles	0.5583	289.19	202.51	348.36	229.55	1
2026-02-26T09:22:01.633903	0	4	NO_helmet	no_helmet	0.5908	263.62	100.78	358.03	156.75	1
2026-02-26T09:22:01.633903	0	6	NO_goggles	no_goggles	0.5195	275.41	163.25	342.12	196.49	1
2026-02-26T09:22:01.647959	1	4	NO_helmet	no_helmet	0.6689	281.86	140.70	361.19	182.78	1
2026-02-26T09:22:01.647959	1	6	NO_goggles	no_goggles	0.5889	289.34	201.81	348.31	228.33	1
2026-02-26T09:22:01.647959	1	5	NO_Vest	no_vest	0.5574	0.04	121.38	57.25	372.94	1
2026-02-26T09:22:01.650998	0	4	NO_helmet	no_helmet	0.6243	264.81	101.06	357.91	156.09	1
2026-02-26T09:22:01.650998	0	6	NO_goggles	no_goggles	0.5525	276.95	164.23	341.50	196.67	1
2026-02-26T09:22:01.650998	1	4	NO_helmet	no_helmet	0.6549	280.69	140.47	361.91	183.77	1
2026-02-26T09:22:01.650998	1	6	NO_goggles	no_goggles	0.5983	288.16	201.29	348.42	228.56	1
2026-02-26T09:22:01.650998	1	5	NO_Vest	no_vest	0.5784	0.22	121.25	57.53	375.38	1
2026-02-26T09:22:01.731941	0	4	NO_helmet	no_helmet	0.6316	263.56	101.12	357.98	156.59	1
2026-02-26T09:22:01.731941	0	6	NO_goggles	no_goggles	0.5737	276.89	164.68	341.25	197.38	1
2026-02-26T09:22:01.747583	1	4	NO_helmet	no_helmet	0.6496	280.91	139.61	362.84	183.36	1
2026-02-26T09:22:01.747583	1	6	NO_goggles	no_goggles	0.6151	288.66	200.16	349.06	228.48	1
2026-02-26T09:22:01.747583	1	5	NO_Vest	no_vest	0.5049	0.16	121.00	54.09	379.81	1
2026-02-26T09:22:01.757678	0	4	NO_helmet	no_helmet	0.6406	264.12	101.67	357.59	155.89	1
2026-02-26T09:22:01.757678	0	6	NO_goggles	no_goggles	0.5622	275.78	164.00	342.12	198.09	1
2026-02-26T09:22:01.768727	1	4	NO_helmet	no_helmet	0.6424	280.84	138.91	361.94	182.34	1
2026-02-26T09:22:01.768727	1	6	NO_goggles	no_goggles	0.6095	289.03	200.03	348.61	227.91	1
2026-02-26T09:22:01.768727	1	5	NO_Vest	no_vest	0.4834	0.11	122.50	54.44	381.88	1
2026-02-26T09:22:01.831940	0	4	NO_helmet	no_helmet	0.6280	262.25	101.52	356.78	156.28	1
2026-02-26T09:22:01.831940	0	6	NO_goggles	no_goggles	0.5390	275.06	164.86	342.09	199.34	1
2026-02-26T09:22:01.842550	1	4	NO_helmet	no_helmet	0.6549	280.34	139.05	362.69	182.14	1
2026-02-26T09:22:01.842550	1	6	NO_goggles	no_goggles	0.6243	288.28	200.45	348.50	228.09	1
2026-02-26T09:22:01.842550	1	5	NO_Vest	no_vest	0.4600	0.05	123.12	55.53	383.19	1
2026-02-26T09:22:01.852112	0	4	NO_helmet	no_helmet	0.6058	264.75	101.91	356.75	157.02	1
2026-02-26T09:22:01.852112	0	6	NO_goggles	no_goggles	0.4844	275.69	165.30	341.97	200.09	1
2026-02-26T09:22:01.854112	1	4	NO_helmet	no_helmet	0.6637	280.31	139.84	362.52	181.80	1
2026-02-26T09:22:01.854112	1	6	NO_goggles	no_goggles	0.6169	288.81	200.98	348.25	228.11	1
2026-02-26T09:22:01.854112	1	5	NO_Vest	no_vest	0.5000	0.05	126.12	53.22	361.66	1
2026-02-26T09:22:01.903003	0	4	NO_helmet	no_helmet	0.6039	263.34	102.22	356.59	157.17	1
2026-02-26T09:22:01.903003	0	6	NO_goggles	no_goggles	0.5293	275.00	165.08	341.88	200.34	1
2026-02-26T09:22:01.909004	1	4	NO_helmet	no_helmet	0.6514	279.59	140.14	360.62	183.70	1
2026-02-26T09:22:01.909004	1	6	NO_goggles	no_goggles	0.5679	290.00	202.44	348.45	229.00	1
2026-02-26T09:22:01.909004	1	5	NO_Vest	no_vest	0.4776	0.05	125.88	54.69	368.41	1
2026-02-26T09:22:01.922706	0	4	NO_helmet	no_helmet	0.6169	265.09	102.39	355.78	159.28	1
2026-02-26T09:22:01.922706	0	6	NO_goggles	no_goggles	0.5293	275.00	165.64	342.34	200.57	1
2026-02-26T09:22:01.929707	1	4	NO_helmet	no_helmet	0.6567	280.09	141.22	360.16	184.42	1
2026-02-26T09:22:01.929707	1	6	NO_goggles	no_goggles	0.5660	290.28	203.22	348.00	230.36	1
2026-02-26T09:22:01.929707	1	5	NO_Vest	no_vest	0.4668	0.05	127.75	53.31	366.25	1
2026-02-26T09:22:01.984384	0	4	NO_helmet	no_helmet	0.6169	265.56	103.03	356.25	159.81	1
2026-02-26T09:22:01.984384	0	6	NO_goggles	no_goggles	0.4902	274.97	166.78	342.59	202.03	1
2026-02-26T09:22:01.991287	1	4	NO_helmet	no_helmet	0.6442	280.75	141.94	358.27	184.42	1
2026-02-26T09:22:01.991287	1	6	NO_goggles	no_goggles	0.5603	289.78	203.36	349.17	230.89	1
2026-02-26T09:22:01.991287	1	5	NO_Vest	no_vest	0.4523	0.11	128.00	53.53	370.91	1
2026-02-26T09:22:01.998450	0	4	NO_helmet	no_helmet	0.5756	266.50	103.72	355.62	161.44	1
2026-02-26T09:22:01.998450	0	6	NO_goggles	no_goggles	0.4054	275.06	166.81	343.03	203.45	1
2026-02-26T09:22:01.998450	0	6	NO_goggles	no_goggles	0.3766	270.50	164.98	344.38	219.25	1
2026-02-26T09:22:01.999382	1	4	NO_helmet	no_helmet	0.6567	280.38	142.05	357.64	184.62	1
2026-02-26T09:22:01.999382	1	6	NO_goggles	no_goggles	0.5660	289.81	203.56	349.42	231.30	1
2026-02-26T09:22:01.999382	1	5	NO_Vest	no_vest	0.4785	0.12	128.38	52.44	364.25	1
2026-02-26T09:22:02.052228	0	4	NO_helmet	no_helmet	0.6316	269.97	105.27	355.94	161.50	1
2026-02-26T09:22:02.052228	0	6	NO_goggles	no_goggles	0.4244	275.91	171.29	342.45	205.22	1
2026-02-26T09:22:02.052228	0	6	NO_goggles	no_goggles	0.3961	271.03	167.16	344.25	226.25	1
2026-02-26T09:22:02.058227	1	4	NO_helmet	no_helmet	0.6602	280.78	142.75	358.81	184.25	1
2026-02-26T09:22:02.058227	1	6	NO_goggles	no_goggles	0.5409	289.56	203.76	349.33	231.16	1
2026-02-26T09:22:02.058227	1	5	NO_Vest	no_vest	0.4727	0.06	130.38	52.03	358.41	1
2026-02-26T09:22:02.063034	0	4	NO_helmet	no_helmet	0.6460	272.12	105.75	356.03	161.38	1
2026-02-26T09:22:02.063034	0	6	NO_goggles	no_goggles	0.5215	276.09	173.72	342.52	206.30	1
2026-02-26T09:22:02.063034	0	6	NO_goggles	no_goggles	0.4321	274.31	170.69	343.98	219.83	1
2026-02-26T09:22:02.065859	1	4	NO_helmet	no_helmet	0.6689	281.06	142.67	357.62	184.10	1
2026-02-26T09:22:02.065859	1	6	NO_goggles	no_goggles	0.5234	290.41	203.91	349.23	231.67	1
2026-02-26T09:22:02.065859	1	5	NO_Vest	no_vest	0.4610	0.06	130.50	53.00	368.38	1
2026-02-26T09:22:02.129682	0	4	NO_helmet	no_helmet	0.6077	269.12	103.42	358.88	164.69	1
2026-02-26T09:22:02.129682	0	6	NO_goggles	no_goggles	0.4766	276.12	173.52	342.69	208.62	1
2026-02-26T09:22:02.129682	0	6	NO_goggles	no_goggles	0.4359	271.78	173.31	344.22	234.16	1
2026-02-26T09:22:02.136582	1	4	NO_helmet	no_helmet	0.6689	279.19	143.84	355.87	183.86	1
2026-02-26T09:22:02.136582	1	6	NO_goggles	no_goggles	0.5020	288.41	204.04	348.66	232.25	1
2026-02-26T09:22:02.136582	1	5	NO_Vest	no_vest	0.4941	0.12	130.50	53.06	361.16	1
2026-02-26T09:22:02.142664	0	4	NO_helmet	no_helmet	0.5679	272.44	106.55	356.33	164.69	1
2026-02-26T09:22:02.142664	0	6	NO_goggles	no_goggles	0.4149	276.72	176.53	343.05	209.16	1
2026-02-26T09:22:02.142664	0	6	NO_goggles	no_goggles	0.4036	270.75	172.31	344.81	236.97	1
2026-02-26T09:22:02.146664	1	4	NO_helmet	no_helmet	0.6706	279.41	143.80	354.94	184.15	1
2026-02-26T09:22:02.146664	1	5	NO_Vest	no_vest	0.5195	0.06	129.12	54.44	365.75	1
2026-02-26T09:22:02.146664	1	6	NO_goggles	no_goggles	0.5176	289.41	204.48	348.30	232.08	1
2026-02-26T09:22:02.198461	0	4	NO_helmet	no_helmet	0.5039	268.31	102.28	371.83	174.41	1
2026-02-26T09:22:02.198461	0	4	NO_helmet	no_helmet	0.4455	273.28	106.23	357.52	166.97	1
2026-02-26T09:22:02.198461	0	6	NO_goggles	no_goggles	0.4177	268.78	173.53	344.16	239.56	1
2026-02-26T09:22:02.198461	0	6	NO_goggles	no_goggles	0.3739	275.41	175.17	344.16	211.67	1
2026-02-26T09:22:02.209463	1	4	NO_helmet	no_helmet	0.6689	280.36	144.78	354.06	185.16	1
2026-02-26T09:22:02.209463	1	6	NO_goggles	no_goggles	0.5312	291.31	205.55	348.14	232.75	1
2026-02-26T09:22:02.209463	1	5	NO_Vest	no_vest	0.4805	0.18	128.25	54.34	381.56	1
2026-02-26T09:22:02.216256	0	4	NO_helmet	no_helmet	0.4863	266.62	101.09	395.47	176.88	1
2026-02-26T09:22:02.216256	0	6	NO_goggles	no_goggles	0.4552	267.56	173.39	343.44	238.56	1
2026-02-26T09:22:02.216256	0	6	NO_goggles	no_goggles	0.3923	272.69	174.92	343.22	215.89	1
2026-02-26T09:22:02.216256	0	4	NO_helmet	no_helmet	0.3594	271.81	103.91	359.67	168.06	1
2026-02-26T09:22:02.222377	1	4	NO_helmet	no_helmet	0.6792	280.73	145.84	354.12	186.14	1
2026-02-26T09:22:02.222377	1	6	NO_goggles	no_goggles	0.5409	292.52	206.80	348.16	233.59	1
2026-02-26T09:22:02.222377	1	5	NO_Vest	no_vest	0.4659	0.18	124.25	53.69	383.06	1
2026-02-26T09:22:02.284745	0	4	NO_helmet	no_helmet	0.4610	265.19	101.31	392.00	178.12	1
2026-02-26T09:22:02.284745	0	6	NO_goggles	no_goggles	0.4263	268.34	172.45	344.25	242.34	1
2026-02-26T09:22:02.284745	0	4	NO_helmet	no_helmet	0.3970	270.69	104.59	359.80	169.09	1
2026-02-26T09:22:02.284745	0	6	NO_goggles	no_goggles	0.3433	274.19	175.47	344.34	215.89	1
2026-02-26T09:22:02.289745	1	4	NO_helmet	no_helmet	0.6706	281.56	146.67	354.94	187.88	1
2026-02-26T09:22:02.289745	1	6	NO_goggles	no_goggles	0.5390	291.06	209.01	348.45	235.19	1
2026-02-26T09:22:02.289745	1	5	NO_Vest	no_vest	0.5039	0.18	123.75	52.56	370.34	1
2026-02-26T09:22:02.295952	0	4	NO_helmet	no_helmet	0.4688	267.00	101.59	386.47	176.72	1
2026-02-26T09:22:02.295952	0	6	NO_goggles	no_goggles	0.3961	268.78	171.53	344.53	243.47	1
2026-02-26T09:22:02.295952	0	4	NO_helmet	no_helmet	0.3933	273.25	105.95	358.38	167.56	1
2026-02-26T09:22:02.295952	0	6	NO_goggles	no_goggles	0.3007	274.72	175.19	344.03	217.48	1
2026-02-26T09:22:02.305357	1	4	NO_helmet	no_helmet	0.6424	282.12	147.34	355.44	190.84	1
2026-02-26T09:22:02.305357	1	6	NO_goggles	no_goggles	0.5564	290.66	210.25	348.70	236.34	1
2026-02-26T09:22:02.305357	1	5	NO_Vest	no_vest	0.5341	0.16	124.00	53.56	365.41	1
2026-02-26T09:22:02.356275	0	6	NO_goggles	no_goggles	0.3858	268.09	171.72	346.09	246.75	1
2026-02-26T09:22:02.356275	0	4	NO_helmet	no_helmet	0.3821	264.00	100.30	410.12	183.47	1
2026-02-26T09:22:02.356275	0	6	NO_goggles	no_goggles	0.2705	274.69	175.66	346.53	223.94	1
2026-02-26T09:22:02.363275	1	4	NO_helmet	no_helmet	0.6584	281.75	148.28	357.05	192.91	1
2026-02-26T09:22:02.363275	1	5	NO_Vest	no_vest	0.5059	0.16	120.38	54.69	365.91	1
2026-02-26T09:22:02.363275	1	6	NO_goggles	no_goggles	0.4883	291.50	210.48	349.17	236.07	1
2026-02-26T09:22:02.369120	0	4	NO_helmet	no_helmet	0.4455	267.56	100.45	409.38	182.16	1
2026-02-26T09:22:02.369120	0	6	NO_goggles	no_goggles	0.3989	267.78	171.80	345.47	246.34	1
2026-02-26T09:22:02.369120	0	6	NO_goggles	no_goggles	0.2958	275.38	175.50	346.19	218.14	1
2026-02-26T09:22:02.369120	0	4	NO_helmet	no_helmet	0.2666	273.62	103.17	376.03	172.88	1
2026-02-26T09:22:02.377120	1	4	NO_helmet	no_helmet	0.6370	283.31	149.22	356.59	193.22	1
2026-02-26T09:22:02.377120	1	5	NO_Vest	no_vest	0.5088	0.15	119.25	53.97	364.75	1
2026-02-26T09:22:02.377120	1	6	NO_goggles	no_goggles	0.4902	290.47	211.52	349.67	236.67	1
2026-02-26T09:22:02.446770	0	4	NO_helmet	no_helmet	0.4045	264.75	100.09	410.94	183.22	1
2026-02-26T09:22:02.446770	0	6	NO_goggles	no_goggles	0.3730	266.38	170.61	346.25	251.84	1
2026-02-26T09:22:02.446770	0	4	NO_helmet	no_helmet	0.2561	271.00	102.42	388.22	174.28	1
2026-02-26T09:22:02.457268	1	4	NO_helmet	no_helmet	0.6514	284.50	149.78	358.73	192.25	1
2026-02-26T09:22:02.457268	1	5	NO_Vest	no_vest	0.5467	0.03	118.38	55.47	353.97	1
2026-02-26T09:22:02.457268	1	6	NO_goggles	no_goggles	0.4766	290.56	211.70	350.39	237.97	1
2026-02-26T09:22:02.458229	0	4	NO_helmet	no_helmet	0.3684	264.31	99.91	411.00	183.41	1
2026-02-26T09:22:02.458229	0	6	NO_goggles	no_goggles	0.3504	266.28	170.30	346.28	253.81	1
2026-02-26T09:22:02.466106	1	4	NO_helmet	no_helmet	0.6567	285.44	150.11	359.33	192.88	1
2026-02-26T09:22:02.466106	1	6	NO_goggles	no_goggles	0.5370	289.06	212.29	350.52	239.88	1
2026-02-26T09:22:02.466106	1	5	NO_Vest	no_vest	0.5302	0.16	118.38	54.56	352.44	1
2026-02-26T09:22:02.521027	0	4	NO_helmet	no_helmet	0.4149	263.81	100.17	409.88	181.72	1
2026-02-26T09:22:02.521027	0	6	NO_goggles	no_goggles	0.3748	267.16	170.70	346.44	251.31	1
2026-02-26T09:22:02.521027	0	4	NO_helmet	no_helmet	0.2561	269.91	102.45	379.56	172.47	1
2026-02-26T09:22:02.528028	1	4	NO_helmet	no_helmet	0.6261	285.78	150.95	359.81	192.97	1
2026-02-26T09:22:02.528028	1	5	NO_Vest	no_vest	0.5166	0.15	117.88	54.16	356.19	1
2026-02-26T09:22:02.528028	1	6	NO_goggles	no_goggles	0.4863	290.41	212.02	351.41	241.17	1
2026-02-26T09:22:02.532588	0	4	NO_helmet	no_helmet	0.4140	264.88	100.23	409.81	181.47	1
2026-02-26T09:22:02.532588	0	6	NO_goggles	no_goggles	0.4036	267.53	169.98	346.91	256.38	1
2026-02-26T09:22:02.532588	0	4	NO_helmet	no_helmet	0.2674	271.09	102.53	377.97	171.31	1
2026-02-26T09:22:02.571814	1	4	NO_helmet	no_helmet	0.6132	286.53	150.98	359.97	192.95	1
2026-02-26T09:22:02.571814	1	5	NO_Vest	no_vest	0.5438	0.09	118.38	55.59	354.34	1
2026-02-26T09:22:02.571814	1	6	NO_goggles	no_goggles	0.5215	290.94	211.35	351.98	241.62	1
2026-02-26T09:22:02.625082	0	4	NO_helmet	no_helmet	0.4301	265.62	100.39	408.50	180.97	1
2026-02-26T09:22:02.625082	0	6	NO_goggles	no_goggles	0.3989	267.12	170.47	346.47	254.94	1
2026-02-26T09:22:02.625082	0	4	NO_helmet	no_helmet	0.2910	271.81	102.88	373.19	170.81	1
2026-02-26T09:22:02.630083	1	4	NO_helmet	no_helmet	0.6039	287.31	151.72	359.05	192.64	1
2026-02-26T09:22:02.630083	1	5	NO_Vest	no_vest	0.5438	0.15	119.00	54.62	367.16	1
2026-02-26T09:22:02.630083	1	6	NO_goggles	no_goggles	0.5215	291.62	211.53	352.47	241.37	1
2026-02-26T09:22:02.639307	0	4	NO_helmet	no_helmet	0.4552	263.56	100.64	400.50	177.41	1
2026-02-26T09:22:02.639307	0	6	NO_goggles	no_goggles	0.4026	267.28	170.92	345.69	251.59	1
2026-02-26T09:22:02.639307	0	4	NO_helmet	no_helmet	0.3849	268.62	101.28	368.89	173.22	1
2026-02-26T09:22:02.646691	1	4	NO_helmet	no_helmet	0.6334	288.22	151.39	362.25	194.03	1
2026-02-26T09:22:02.646691	1	5	NO_Vest	no_vest	0.5860	0.15	123.00	55.94	357.31	1
2026-02-26T09:22:02.646691	1	6	NO_goggles	no_goggles	0.5525	292.53	212.20	353.02	240.56	1
2026-02-26T09:22:02.694269	0	4	NO_helmet	no_helmet	0.4378	263.44	100.53	398.72	176.88	1
2026-02-26T09:22:02.694269	0	4	NO_helmet	no_helmet	0.3730	269.06	101.28	366.45	172.69	1
2026-02-26T09:22:02.694269	0	6	NO_goggles	no_goggles	0.3549	266.53	171.03	344.88	253.28	1
2026-02-26T09:22:02.694269	0	6	NO_goggles	no_goggles	0.2568	273.66	175.98	345.91	220.39	1
2026-02-26T09:22:02.699269	1	4	NO_helmet	no_helmet	0.6334	288.47	151.83	363.28	194.94	1
2026-02-26T09:22:02.699269	1	5	NO_Vest	no_vest	0.5746	0.16	123.50	54.50	360.50	1
2026-02-26T09:22:02.699269	1	6	NO_goggles	no_goggles	0.5409	293.75	212.42	353.30	240.60	1
2026-02-26T09:22:02.705112	0	4	NO_helmet	no_helmet	0.4436	263.69	100.42	398.25	176.28	1
2026-02-26T09:22:02.705112	0	6	NO_goggles	no_goggles	0.3914	268.97	172.14	344.38	244.97	1
2026-02-26T09:22:02.705112	0	4	NO_helmet	no_helmet	0.3877	269.38	101.09	366.11	172.53	1
2026-02-26T09:22:02.705112	0	6	NO_goggles	no_goggles	0.3174	275.22	176.42	345.28	219.52	1
2026-02-26T09:22:02.709165	1	4	NO_helmet	no_helmet	0.6370	288.22	152.05	363.03	194.73	1
2026-02-26T09:22:02.709165	1	6	NO_goggles	no_goggles	0.5583	293.36	212.31	353.33	240.94	1
2026-02-26T09:22:02.709165	1	5	NO_Vest	no_vest	0.5010	0.16	124.38	54.06	384.75	1
2026-02-26T09:22:02.757882	0	4	NO_helmet	no_helmet	0.4591	263.12	100.73	387.75	174.59	1
2026-02-26T09:22:02.757882	0	4	NO_helmet	no_helmet	0.4187	269.12	102.06	360.91	170.84	1
2026-02-26T09:22:02.757882	0	6	NO_goggles	no_goggles	0.3951	270.78	173.42	344.12	241.16	1
2026-02-26T09:22:02.757882	0	6	NO_goggles	no_goggles	0.3612	275.62	176.56	345.09	218.20	1
2026-02-26T09:22:02.768881	1	4	NO_helmet	no_helmet	0.6370	288.44	152.08	363.09	195.31	1
2026-02-26T09:22:02.768881	1	6	NO_goggles	no_goggles	0.5679	292.92	212.57	353.55	241.42	1
2026-02-26T09:22:02.768881	1	5	NO_Vest	no_vest	0.4961	0.18	123.75	52.78	381.50	1
2026-02-26T09:22:02.774880	0	4	NO_helmet	no_helmet	0.5137	264.69	100.47	404.03	175.28	1
2026-02-26T09:22:02.774880	0	4	NO_helmet	no_helmet	0.4301	270.25	101.06	368.05	172.27	1
2026-02-26T09:22:02.774880	0	6	NO_goggles	no_goggles	0.3998	272.88	174.61	344.19	240.16	1
2026-02-26T09:22:02.774880	0	6	NO_goggles	no_goggles	0.3923	276.36	177.00	345.12	217.89	1
2026-02-26T09:22:02.780880	1	4	NO_helmet	no_helmet	0.6316	288.00	151.98	362.59	194.92	1
2026-02-26T09:22:02.780880	1	6	NO_goggles	no_goggles	0.5487	293.09	212.31	353.50	241.54	1
2026-02-26T09:22:02.780880	1	5	NO_Vest	no_vest	0.4698	0.11	123.00	53.91	397.50	1
2026-02-26T09:22:02.827720	0	4	NO_helmet	no_helmet	0.4980	263.00	100.36	400.84	174.62	1
2026-02-26T09:22:02.827720	0	4	NO_helmet	no_helmet	0.4301	269.81	101.44	364.27	171.62	1
2026-02-26T09:22:02.827720	0	6	NO_goggles	no_goggles	0.3612	276.75	177.83	345.25	217.28	1
2026-02-26T09:22:02.827720	0	6	NO_goggles	no_goggles	0.3355	272.91	175.55	344.12	241.03	1
2026-02-26T09:22:02.840719	1	4	NO_helmet	no_helmet	0.6280	288.78	152.33	361.52	194.22	1
2026-02-26T09:22:02.840719	1	6	NO_goggles	no_goggles	0.5545	293.12	212.35	353.53	242.14	1
2026-02-26T09:22:02.840719	1	5	NO_Vest	no_vest	0.4330	0.18	121.88	54.56	392.00	1
2026-02-26T09:22:02.847249	0	4	NO_helmet	no_helmet	0.4844	264.69	100.38	400.28	174.88	1
2026-02-26T09:22:02.847249	0	4	NO_helmet	no_helmet	0.4244	271.38	101.41	364.38	171.81	1
2026-02-26T09:22:02.847249	0	6	NO_goggles	no_goggles	0.3739	276.88	178.04	345.00	217.34	1
2026-02-26T09:22:02.847249	0	6	NO_goggles	no_goggles	0.3124	273.00	175.45	343.78	242.12	1
2026-02-26T09:22:02.848903	1	4	NO_helmet	no_helmet	0.6243	289.41	152.33	360.69	194.56	1
2026-02-26T09:22:02.848903	1	6	NO_goggles	no_goggles	0.5195	293.59	212.63	353.70	241.81	1
2026-02-26T09:22:02.848903	1	5	NO_Vest	no_vest	0.3739	0.05	121.75	54.31	390.94	1
2026-02-26T09:22:02.896350	0	4	NO_helmet	no_helmet	0.4436	263.31	100.02	404.00	177.56	1
2026-02-26T09:22:02.896350	0	4	NO_helmet	no_helmet	0.3868	270.06	100.91	367.30	173.92	1
2026-02-26T09:22:02.896350	0	6	NO_goggles	no_goggles	0.3398	275.88	177.78	345.41	220.08	1
2026-02-26T09:22:02.896350	0	6	NO_goggles	no_goggles	0.3049	270.88	174.86	344.72	249.56	1
2026-02-26T09:22:02.902351	1	4	NO_helmet	no_helmet	0.6424	289.59	152.38	360.53	194.59	1
2026-02-26T09:22:02.902351	1	6	NO_goggles	no_goggles	0.5234	293.59	212.93	353.91	241.91	1
2026-02-26T09:22:02.902351	1	5	NO_Vest	no_vest	0.3648	0.06	122.38	52.84	379.75	1
2026-02-26T09:22:02.908358	0	4	NO_helmet	no_helmet	0.4417	261.44	100.09	400.00	176.00	1
2026-02-26T09:22:02.908358	0	4	NO_helmet	no_helmet	0.4073	268.94	101.53	363.39	172.28	1
2026-02-26T09:22:02.908358	0	6	NO_goggles	no_goggles	0.3979	275.97	178.41	345.06	217.19	1
2026-02-26T09:22:02.908358	0	6	NO_goggles	no_goggles	0.3032	271.34	176.06	344.50	243.69	1
2026-02-26T09:22:02.916661	1	4	NO_helmet	no_helmet	0.6514	289.34	152.58	360.94	194.61	1
2026-02-26T09:22:02.916661	1	6	NO_goggles	no_goggles	0.5467	293.55	213.05	353.97	242.58	1
2026-02-26T09:22:02.916661	1	5	NO_Vest	no_vest	0.3702	0.06	123.75	53.12	394.94	1
2026-02-26T09:22:02.961875	0	4	NO_helmet	no_helmet	0.4805	264.94	100.48	399.22	175.16	1
2026-02-26T09:22:02.961875	0	4	NO_helmet	no_helmet	0.4397	271.25	101.78	362.52	171.36	1
2026-02-26T09:22:02.961875	0	6	NO_goggles	no_goggles	0.4301	275.59	178.37	345.19	216.55	1
2026-02-26T09:22:02.961875	0	6	NO_goggles	no_goggles	0.3320	271.81	176.70	344.66	244.31	1
2026-02-26T09:22:02.972875	1	4	NO_helmet	no_helmet	0.6370	289.38	152.77	361.97	196.11	1
2026-02-26T09:22:02.972875	1	6	NO_goggles	no_goggles	0.5390	293.19	213.27	353.88	243.27	1
2026-02-26T09:22:02.972875	1	5	NO_Vest	no_vest	0.3576	0.06	123.38	53.25	404.62	1
2026-02-26T09:22:02.975874	0	4	NO_helmet	no_helmet	0.5156	272.06	103.14	360.03	166.16	1
2026-02-26T09:22:02.975874	0	6	NO_goggles	no_goggles	0.4571	276.70	178.27	344.72	215.23	1
2026-02-26T09:22:02.975874	0	6	NO_goggles	no_goggles	0.3337	273.44	176.62	344.00	239.22	1
2026-02-26T09:22:02.980224	1	4	NO_helmet	no_helmet	0.6619	287.88	152.88	363.56	196.89	1
2026-02-26T09:22:02.980224	1	6	NO_goggles	no_goggles	0.5737	293.20	214.06	353.45	242.17	1
2026-02-26T09:22:02.980224	1	5	NO_Vest	no_vest	0.3639	0.00	121.38	52.66	409.69	1
2026-02-26T09:22:03.026766	0	4	NO_helmet	no_helmet	0.4630	268.56	102.69	360.59	167.03	1
2026-02-26T09:22:03.026766	0	6	NO_goggles	no_goggles	0.4187	274.81	178.55	344.66	217.33	1
2026-02-26T09:22:03.026766	0	6	NO_goggles	no_goggles	0.3684	271.53	176.36	343.69	240.53	1
2026-02-26T09:22:03.038179	1	4	NO_helmet	no_helmet	0.5813	288.22	153.78	362.97	199.41	1
2026-02-26T09:22:03.038179	1	6	NO_goggles	no_goggles	0.4417	295.06	214.41	354.39	243.39	1
2026-02-26T09:22:03.038179	1	5	NO_Vest	no_vest	0.3612	0.07	123.38	52.66	419.62	1
2026-02-26T09:22:03.045178	0	4	NO_helmet	no_helmet	0.4045	264.56	100.88	364.33	173.08	1
2026-02-26T09:22:03.045178	0	4	NO_helmet	no_helmet	0.3923	259.00	99.95	400.47	177.53	1
2026-02-26T09:22:03.045178	0	6	NO_goggles	no_goggles	0.3416	274.00	178.49	345.31	223.98	1
2026-02-26T09:22:03.045178	0	6	NO_goggles	no_goggles	0.3268	270.91	173.83	345.53	246.50	1
2026-02-26T09:22:03.049233	1	4	NO_helmet	no_helmet	0.6298	288.72	154.38	362.00	199.06	1
2026-02-26T09:22:03.049233	1	6	NO_goggles	no_goggles	0.4649	295.67	214.52	353.95	243.41	1
2026-02-26T09:22:03.049233	1	5	NO_Vest	no_vest	0.3868	0.06	123.50	53.09	399.94	1
2026-02-26T09:22:03.125892	0	6	NO_goggles	no_goggles	0.3998	274.22	178.30	344.50	224.22	1
2026-02-26T09:22:03.125892	0	4	NO_helmet	no_helmet	0.3821	265.00	100.75	369.52	174.06	1
2026-02-26T09:22:03.125892	0	4	NO_helmet	no_helmet	0.3775	259.19	99.88	406.84	178.44	1
2026-02-26T09:22:03.125892	0	6	NO_goggles	no_goggles	0.3495	270.66	173.91	344.88	245.81	1
2026-02-26T09:22:03.133733	1	4	NO_helmet	no_helmet	0.6151	289.00	154.22	361.56	199.17	1
2026-02-26T09:22:03.133733	1	5	NO_Vest	no_vest	0.4225	0.06	123.50	53.03	395.75	1
2026-02-26T09:22:03.133733	1	6	NO_goggles	no_goggles	0.4017	297.42	214.73	354.12	243.72	1
2026-02-26T09:22:03.134649	0	6	NO_goggles	no_goggles	0.4494	274.56	178.30	344.28	223.42	1
2026-02-26T09:22:03.134649	0	4	NO_helmet	no_helmet	0.4064	261.69	100.12	402.72	177.81	1
2026-02-26T09:22:03.134649	0	6	NO_goggles	no_goggles	0.4064	271.16	174.48	344.62	244.25	1
2026-02-26T09:22:03.134649	0	4	NO_helmet	no_helmet	0.4007	267.69	101.22	364.75	173.62	1
2026-02-26T09:22:03.134649	1	4	NO_helmet	no_helmet	0.6039	288.81	154.22	361.62	199.31	1
2026-02-26T09:22:03.134649	1	5	NO_Vest	no_vest	0.4407	0.06	123.50	53.50	400.31	1
2026-02-26T09:22:03.134649	1	6	NO_goggles	no_goggles	0.3594	298.77	214.87	354.12	243.97	1
2026-02-26T09:22:03.185337	0	6	NO_goggles	no_goggles	0.4436	275.19	178.42	344.44	222.92	1
2026-02-26T09:22:03.185337	0	4	NO_helmet	no_helmet	0.4045	267.81	101.47	363.20	173.06	1
2026-02-26T09:22:03.185337	0	4	NO_helmet	no_helmet	0.3942	261.81	100.23	399.91	177.09	1
2026-02-26T09:22:03.185337	0	6	NO_goggles	no_goggles	0.3840	271.69	174.41	344.69	244.78	1
2026-02-26T09:22:03.194947	1	4	NO_helmet	no_helmet	0.5946	288.34	154.12	362.06	199.24	1
2026-02-26T09:22:03.194947	1	5	NO_Vest	no_vest	0.4254	0.05	124.00	53.56	393.19	1
2026-02-26T09:22:03.194947	1	6	NO_goggles	no_goggles	0.2689	298.72	214.54	354.38	244.05	1
2026-02-26T09:22:03.205002	0	6	NO_goggles	no_goggles	0.4455	275.62	178.80	344.78	219.50	1
2026-02-26T09:22:03.205002	0	4	NO_helmet	no_helmet	0.4177	266.75	101.56	361.88	172.11	1
2026-02-26T09:22:03.205002	0	6	NO_goggles	no_goggles	0.3942	273.22	175.20	344.62	239.53	1
2026-02-26T09:22:03.205002	0	4	NO_helmet	no_helmet	0.3933	261.31	100.34	397.59	175.91	1
2026-02-26T09:22:03.210000	1	4	NO_helmet	no_helmet	0.5870	288.16	154.06	361.72	198.98	1
2026-02-26T09:22:03.210000	1	5	NO_Vest	no_vest	0.4542	0.05	123.88	54.88	388.19	1
2026-02-26T09:22:03.210000	1	6	NO_goggles	no_goggles	0.2628	296.80	214.52	354.11	244.33	1
2026-02-26T09:22:03.283714	0	6	NO_goggles	no_goggles	0.4785	275.34	179.47	344.53	216.44	1
2026-02-26T09:22:03.283714	0	4	NO_helmet	no_helmet	0.4378	268.38	102.47	359.71	171.11	1
2026-02-26T09:22:03.283714	0	6	NO_goggles	no_goggles	0.4045	273.25	176.90	343.84	232.53	1
2026-02-26T09:22:03.283714	0	4	NO_helmet	no_helmet	0.3812	262.44	100.64	387.62	174.50	1
2026-02-26T09:22:03.283714	1	4	NO_helmet	no_helmet	0.5832	287.56	154.31	361.28	198.96	1
2026-02-26T09:22:03.283714	1	5	NO_Vest	no_vest	0.4902	0.00	123.62	55.69	384.19	1
2026-02-26T09:22:03.283714	1	6	NO_goggles	no_goggles	0.4378	294.31	214.95	353.48	244.81	1
2026-02-26T09:22:03.294054	0	4	NO_helmet	no_helmet	0.4824	274.16	106.72	356.66	168.19	1
2026-02-26T09:22:03.294054	0	4	NO_helmet	no_helmet	0.4130	263.69	101.31	375.17	173.41	1
2026-02-26T09:22:03.294054	0	6	NO_goggles	no_goggles	0.3831	275.94	179.83	344.84	216.75	1
2026-02-26T09:22:03.303595	1	4	NO_helmet	no_helmet	0.6243	287.22	154.31	361.09	198.66	1
2026-02-26T09:22:03.303595	1	5	NO_Vest	no_vest	0.4922	0.03	121.38	56.59	380.50	1
2026-02-26T09:22:03.303595	1	6	NO_goggles	no_goggles	0.4591	292.27	214.86	353.56	245.88	1
2026-02-26T09:22:03.361857	0	4	NO_helmet	no_helmet	0.4455	273.91	107.06	356.38	169.19	1
2026-02-26T09:22:03.361857	0	6	NO_goggles	no_goggles	0.4149	277.17	180.45	344.62	218.09	1
2026-02-26T09:22:03.361857	0	4	NO_helmet	no_helmet	0.3693	262.12	100.66	384.50	175.41	1
2026-02-26T09:22:03.366760	1	4	NO_helmet	no_helmet	0.4844	287.41	154.72	361.03	199.10	1
2026-02-26T09:22:03.366760	1	5	NO_Vest	no_vest	0.4571	0.04	120.12	56.12	384.44	1
2026-02-26T09:22:03.366760	1	6	NO_goggles	no_goggles	0.3225	294.17	214.73	354.09	246.64	1
2026-02-26T09:22:03.371761	0	6	NO_goggles	no_goggles	0.4494	277.31	180.66	345.00	220.61	1
2026-02-26T09:22:03.371761	0	4	NO_helmet	no_helmet	0.3849	268.69	102.28	359.87	173.67	1
2026-02-26T09:22:03.371761	0	4	NO_helmet	no_helmet	0.3268	260.38	99.89	396.81	177.78	1
2026-02-26T09:22:03.377011	1	5	NO_Vest	no_vest	0.4785	0.04	121.00	56.34	383.00	1
2026-02-26T09:22:03.377011	1	4	NO_helmet	no_helmet	0.4397	286.78	154.88	361.41	199.12	1
2026-02-26T09:22:03.377011	1	6	NO_goggles	no_goggles	0.3346	294.33	215.04	354.06	246.39	1
2026-02-26T09:22:03.426719	0	6	NO_goggles	no_goggles	0.5117	278.50	180.88	344.47	218.88	1
2026-02-26T09:22:03.426719	0	4	NO_helmet	no_helmet	0.4244	274.50	106.03	356.69	170.52	1
2026-02-26T09:22:03.426719	0	4	NO_helmet	no_helmet	0.3320	261.44	100.16	389.84	176.50	1
2026-02-26T09:22:03.426719	0	6	NO_goggles	no_goggles	0.2728	276.47	176.56	344.56	239.25	1
2026-02-26T09:22:03.436722	1	5	NO_Vest	no_vest	0.4941	0.05	122.50	57.09	385.44	1
2026-02-26T09:22:03.436722	1	4	NO_helmet	no_helmet	0.4805	286.66	155.09	361.12	198.77	1
2026-02-26T09:22:03.436722	1	6	NO_goggles	no_goggles	0.2705	294.67	214.78	353.84	246.81	1
2026-02-26T09:22:03.444719	0	6	NO_goggles	no_goggles	0.5429	278.52	181.02	344.53	220.61	1
2026-02-26T09:22:03.444719	0	4	NO_helmet	no_helmet	0.4359	274.97	107.81	356.59	170.05	1
2026-02-26T09:22:03.444719	0	4	NO_helmet	no_helmet	0.2983	260.56	100.19	388.19	175.38	1
2026-02-26T09:22:03.444719	0	6	NO_goggles	no_goggles	0.2644	276.22	176.95	344.94	243.06	1
2026-02-26T09:22:03.449335	1	5	NO_Vest	no_vest	0.5010	0.05	122.50	57.78	373.12	1
2026-02-26T09:22:03.449335	1	4	NO_helmet	no_helmet	0.4026	286.66	155.12	361.56	199.02	1
2026-02-26T09:22:03.493452	0	6	NO_goggles	no_goggles	0.5059	278.06	181.51	344.44	220.58	1
2026-02-26T09:22:03.493452	0	4	NO_helmet	no_helmet	0.3234	272.97	106.34	356.77	172.08	1
2026-02-26T09:22:03.493452	0	4	NO_helmet	no_helmet	0.2531	259.06	100.31	369.31	172.62	1
2026-02-26T09:22:03.501043	1	5	NO_Vest	no_vest	0.5098	0.00	123.50	59.09	374.88	1
2026-02-26T09:22:03.501043	1	4	NO_helmet	no_helmet	0.5039	286.91	154.78	361.25	198.91	1
2026-02-26T09:22:03.506225	0	6	NO_goggles	no_goggles	0.5525	278.23	182.02	344.72	220.05	1
2026-02-26T09:22:03.506225	0	4	NO_helmet	no_helmet	0.4216	276.28	110.03	356.91	171.18	1
2026-02-26T09:22:03.511225	1	4	NO_helmet	no_helmet	0.5137	286.84	154.91	360.88	199.33	1
2026-02-26T09:22:03.511225	1	5	NO_Vest	no_vest	0.4455	0.05	123.25	59.28	374.31	1
2026-02-26T09:22:03.548928	0	6	NO_goggles	no_goggles	0.5603	278.45	181.69	345.12	221.52	1
2026-02-26T09:22:03.548928	0	4	NO_helmet	no_helmet	0.3886	275.84	109.72	356.56	171.67	1
2026-02-26T09:22:03.548928	0	4	NO_helmet	no_helmet	0.2822	261.12	99.81	405.47	178.91	1
2026-02-26T09:22:03.548928	0	4	NO_helmet	no_helmet	0.2790	265.72	100.64	374.03	172.84	1
2026-02-26T09:22:03.560926	1	4	NO_helmet	no_helmet	0.4844	286.94	154.84	361.12	199.84	1
2026-02-26T09:22:03.560926	1	5	NO_Vest	no_vest	0.4455	0.11	123.38	57.91	370.78	1
2026-02-26T09:22:03.570506	0	6	NO_goggles	no_goggles	0.5390	277.52	181.72	345.47	223.61	1
2026-02-26T09:22:03.570506	0	4	NO_helmet	no_helmet	0.4007	275.16	110.75	356.62	171.19	1
2026-02-26T09:22:03.570506	0	4	NO_helmet	no_helmet	0.2894	260.38	100.84	367.09	171.50	1
2026-02-26T09:22:03.571360	1	5	NO_Vest	no_vest	0.4484	0.05	122.50	57.66	368.69	1
2026-02-26T09:22:03.571360	1	4	NO_helmet	no_helmet	0.3739	287.16	155.06	360.66	200.32	1
2026-02-26T09:22:03.620510	0	6	NO_goggles	no_goggles	0.5448	278.11	181.31	345.12	222.05	1
2026-02-26T09:22:03.620510	0	4	NO_helmet	no_helmet	0.3877	274.47	109.66	356.53	170.75	1
2026-02-26T09:22:03.620510	0	4	NO_helmet	no_helmet	0.2934	258.94	100.41	369.03	170.91	1
2026-02-26T09:22:03.620510	0	4	NO_helmet	no_helmet	0.2728	257.50	99.84	403.25	177.12	1
2026-02-26T09:22:03.627510	1	5	NO_Vest	no_vest	0.4513	0.05	123.00	57.97	373.72	1
2026-02-26T09:22:03.627510	1	4	NO_helmet	no_helmet	0.4045	287.00	155.53	360.34	200.42	1
2026-02-26T09:22:03.630511	0	6	NO_goggles	no_goggles	0.5195	279.12	181.47	345.38	222.30	1
2026-02-26T09:22:03.630511	0	4	NO_helmet	no_helmet	0.4149	274.03	109.75	356.73	170.62	1
2026-02-26T09:22:03.630511	0	4	NO_helmet	no_helmet	0.3251	256.12	100.70	366.09	170.66	1
2026-02-26T09:22:03.630511	0	6	NO_goggles	no_goggles	0.2621	274.62	178.11	346.34	240.09	1
2026-02-26T09:22:03.637489	1	5	NO_Vest	no_vest	0.4504	0.11	123.75	57.62	374.19	1
2026-02-26T09:22:03.637489	1	4	NO_helmet	no_helmet	0.3849	287.25	156.12	360.00	200.95	1
2026-02-26T09:22:03.690478	0	6	NO_goggles	no_goggles	0.5756	278.56	182.12	344.81	220.69	1
2026-02-26T09:22:03.690478	0	4	NO_helmet	no_helmet	0.4668	274.53	111.84	357.61	170.91	1
2026-02-26T09:22:03.690478	0	4	NO_helmet	no_helmet	0.3531	255.88	100.81	366.44	170.84	1
2026-02-26T09:22:03.690478	0	6	NO_goggles	no_goggles	0.3329	273.75	179.73	346.39	233.25	1
2026-02-26T09:22:03.698015	1	4	NO_helmet	no_helmet	0.4494	288.09	156.62	360.78	200.20	1
2026-02-26T09:22:03.698015	1	5	NO_Vest	no_vest	0.4426	0.05	123.62	57.09	371.69	1
2026-02-26T09:22:03.702142	1	4	NO_helmet	no_helmet	0.6316	288.75	156.12	361.19	199.91	1
2026-02-26T09:22:03.702142	1	5	NO_Vest	no_vest	0.4610	0.05	123.62	57.00	374.19	1
2026-02-26T09:22:03.702142	1	6	NO_goggles	no_goggles	0.2598	296.38	217.05	354.19	249.47	1
2026-02-26T09:22:03.708143	1	4	NO_helmet	no_helmet	0.6316	289.25	156.66	361.25	199.66	1
2026-02-26T09:22:03.708143	1	5	NO_Vest	no_vest	0.4455	0.12	122.62	56.66	376.50	1
2026-02-26T09:22:03.750044	0	6	NO_goggles	no_goggles	0.5312	278.86	182.23	345.22	223.11	1
2026-02-26T09:22:03.750044	0	4	NO_helmet	no_helmet	0.4121	276.25	112.66	357.34	171.23	1
2026-02-26T09:22:03.750044	0	4	NO_helmet	no_helmet	0.2713	254.94	100.33	368.12	171.59	1
2026-02-26T09:22:03.759043	1	4	NO_helmet	no_helmet	0.6114	289.97	156.31	361.56	200.02	1
2026-02-26T09:22:03.759043	1	5	NO_Vest	no_vest	0.4737	0.11	123.50	57.12	365.09	1
2026-02-26T09:22:03.759043	1	6	NO_goggles	no_goggles	0.3007	296.25	217.23	354.78	248.20	1
2026-02-26T09:22:03.769742	0	6	NO_goggles	no_goggles	0.5409	279.28	182.40	345.16	223.11	1
2026-02-26T09:22:03.769742	0	4	NO_helmet	no_helmet	0.4102	276.06	113.88	357.33	171.12	1
2026-02-26T09:22:03.769742	0	4	NO_helmet	no_helmet	0.2583	254.19	100.36	367.34	171.25	1
2026-02-26T09:22:03.776742	1	4	NO_helmet	no_helmet	0.6316	289.72	156.72	361.41	200.32	1
2026-02-26T09:22:03.776742	1	5	NO_Vest	no_vest	0.4552	0.05	122.75	57.31	374.00	1
2026-02-26T09:22:03.776742	1	6	NO_goggles	no_goggles	0.4206	295.52	218.28	354.81	248.14	1
2026-02-26T09:22:03.825657	0	6	NO_goggles	no_goggles	0.5078	279.12	182.41	345.81	224.19	1
2026-02-26T09:22:03.825657	0	4	NO_helmet	no_helmet	0.4301	277.47	113.03	357.50	171.56	1
2026-02-26T09:22:03.825657	0	4	NO_helmet	no_helmet	0.2539	257.25	100.58	366.19	172.31	1
2026-02-26T09:22:03.834658	1	4	NO_helmet	no_helmet	0.5506	289.78	156.41	362.28	201.22	1
2026-02-26T09:22:03.834658	1	5	NO_Vest	no_vest	0.4620	0.00	122.88	57.84	370.88	1
2026-02-26T09:22:03.834658	1	6	NO_goggles	no_goggles	0.4036	295.31	217.88	355.44	248.92	1
2026-02-26T09:22:03.886687	0	6	NO_goggles	no_goggles	0.5039	279.03	182.43	345.84	224.58	1
2026-02-26T09:22:03.886687	0	4	NO_helmet	no_helmet	0.4130	277.41	112.84	357.39	171.64	1
2026-02-26T09:22:03.909926	1	4	NO_helmet	no_helmet	0.5273	289.78	156.34	362.84	201.37	1
2026-02-26T09:22:03.909926	1	5	NO_Vest	no_vest	0.4688	0.00	122.75	57.47	363.53	1
2026-02-26T09:22:03.909926	1	6	NO_goggles	no_goggles	0.4244	296.25	218.02	355.72	248.84	1
2026-02-26T09:22:04.094036	0	6	NO_goggles	no_goggles	0.5176	278.73	182.38	345.62	224.77	1
2026-02-26T09:22:04.094036	0	4	NO_helmet	no_helmet	0.3794	276.72	110.81	357.56	172.43	1
2026-02-26T09:22:04.094036	1	4	NO_helmet	no_helmet	0.5429	289.56	156.50	363.53	201.55	1
2026-02-26T09:22:04.094036	1	5	NO_Vest	no_vest	0.4844	0.05	123.12	56.47	358.69	1
2026-02-26T09:22:04.094036	1	6	NO_goggles	no_goggles	0.3812	296.64	218.42	356.28	249.03	1
2026-02-26T09:22:04.105607	0	6	NO_goggles	no_goggles	0.5215	278.77	182.31	345.56	224.56	1
2026-02-26T09:22:04.105607	0	4	NO_helmet	no_helmet	0.3425	276.59	111.03	357.36	172.84	1
2026-02-26T09:22:04.105607	1	5	NO_Vest	no_vest	0.4513	0.05	122.50	56.84	369.56	1
2026-02-26T09:22:04.105607	1	4	NO_helmet	no_helmet	0.4436	289.69	156.44	364.12	201.76	1
2026-02-26T09:22:04.105607	1	6	NO_goggles	no_goggles	0.3346	295.84	218.46	356.61	248.16	1
2026-02-26T09:22:04.214040	0	6	NO_goggles	no_goggles	0.5487	278.66	182.23	345.75	224.05	1
2026-02-26T09:22:04.214040	0	4	NO_helmet	no_helmet	0.3425	275.81	110.03	357.23	172.61	1
2026-02-26T09:22:04.214040	1	5	NO_Vest	no_vest	0.4883	0.12	123.50	56.53	365.78	1
2026-02-26T09:22:04.214040	1	4	NO_helmet	no_helmet	0.4533	289.66	156.56	364.16	201.50	1
2026-02-26T09:22:04.214040	1	6	NO_goggles	no_goggles	0.3416	297.33	218.38	356.69	248.95	1
2026-02-26T09:22:04.224366	0	6	NO_goggles	no_goggles	0.5564	279.22	181.95	346.06	223.84	1
2026-02-26T09:22:04.224366	0	4	NO_helmet	no_helmet	0.2878	274.66	109.88	357.03	172.79	1
2026-02-26T09:22:04.229993	1	5	NO_Vest	no_vest	0.5283	0.05	124.00	56.53	359.34	1
2026-02-26T09:22:04.229993	1	4	NO_helmet	no_helmet	0.3495	289.56	156.62	364.06	201.49	1
2026-02-26T09:22:04.229993	1	6	NO_goggles	no_goggles	0.2814	297.72	218.00	356.69	249.09	1
2026-02-26T09:22:04.289870	0	6	NO_goggles	no_goggles	0.5351	279.73	181.72	345.97	224.06	1
2026-02-26T09:22:04.289870	0	4	NO_helmet	no_helmet	0.3277	276.78	111.25	356.94	171.87	1
2026-02-26T09:22:04.295327	1	5	NO_Vest	no_vest	0.4766	0.11	122.75	55.28	368.34	1
2026-02-26T09:22:04.295327	1	4	NO_helmet	no_helmet	0.3049	289.44	156.47	364.25	201.80	1
2026-02-26T09:22:04.295327	1	6	NO_goggles	no_goggles	0.2613	297.44	217.96	356.78	248.97	1
2026-02-26T09:22:04.299145	0	6	NO_goggles	no_goggles	0.4980	280.31	181.52	346.31	225.16	1
2026-02-26T09:22:04.299145	0	4	NO_helmet	no_helmet	0.2934	275.78	110.50	356.88	171.93	1
2026-02-26T09:22:04.299145	1	5	NO_Vest	no_vest	0.4620	0.06	124.00	55.34	376.25	1
2026-02-26T09:22:04.299145	1	4	NO_helmet	no_helmet	0.2902	289.41	156.78	364.31	201.41	1
2026-02-26T09:22:04.299145	1	6	NO_goggles	no_goggles	0.2524	295.92	217.72	357.44	247.23	1
2026-02-26T09:22:04.381660	0	6	NO_goggles	no_goggles	0.5195	280.56	181.14	346.34	225.14	1
2026-02-26T09:22:04.381660	0	4	NO_helmet	no_helmet	0.2751	275.31	109.31	356.89	171.80	1
2026-02-26T09:22:04.391617	1	5	NO_Vest	no_vest	0.4610	0.05	123.25	55.38	376.94	1
2026-02-26T09:22:04.391617	1	4	NO_helmet	no_helmet	0.2697	289.12	156.72	364.34	201.48	1
2026-02-26T09:22:04.392540	0	6	NO_goggles	no_goggles	0.4533	281.17	180.45	346.31	225.03	1
2026-02-26T09:22:04.392540	0	4	NO_helmet	no_helmet	0.2967	275.81	109.81	356.86	170.94	1
2026-02-26T09:22:04.401800	1	5	NO_Vest	no_vest	0.4484	0.06	123.38	55.69	377.50	1
2026-02-26T09:22:04.401800	1	4	NO_helmet	no_helmet	0.3225	289.44	156.53	364.53	201.62	1
2026-02-26T09:22:04.401800	1	6	NO_goggles	no_goggles	0.2689	296.48	218.14	356.69	248.80	1
2026-02-26T09:22:04.481708	0	6	NO_goggles	no_goggles	0.4187	281.81	180.55	345.91	222.98	1
2026-02-26T09:22:04.481708	0	4	NO_helmet	no_helmet	0.3442	278.50	113.88	356.64	170.91	1
2026-02-26T09:22:04.504110	1	4	NO_helmet	no_helmet	0.4980	288.94	156.81	364.03	201.33	1
2026-02-26T09:22:04.504110	1	5	NO_Vest	no_vest	0.4523	0.00	122.12	56.16	381.50	1
2026-02-26T09:22:04.504110	1	6	NO_goggles	no_goggles	0.3868	296.30	218.22	356.56	248.34	1
2026-02-26T09:22:04.505014	0	4	NO_helmet	no_helmet	0.3702	279.44	114.22	356.50	170.59	1
2026-02-26T09:22:04.505014	0	6	NO_goggles	no_goggles	0.3684	281.59	180.38	345.09	220.73	1
2026-02-26T09:22:04.516015	1	4	NO_helmet	no_helmet	0.5448	288.75	156.91	363.91	201.38	1
2026-02-26T09:22:04.516015	1	5	NO_Vest	no_vest	0.4465	0.00	122.25	56.38	376.69	1
2026-02-26T09:22:04.516015	1	6	NO_goggles	no_goggles	0.3961	296.25	218.43	356.12	247.98	1
2026-02-26T09:22:04.597698	0	4	NO_helmet	no_helmet	0.4235	279.53	113.25	356.77	170.23	1
2026-02-26T09:22:04.597698	0	6	NO_goggles	no_goggles	0.3775	279.91	180.26	345.20	220.67	1
2026-02-26T09:22:04.597698	0	4	NO_helmet	no_helmet	0.2975	263.69	102.70	365.00	171.03	1
2026-02-26T09:22:04.616537	1	5	NO_Vest	no_vest	0.4727	0.05	122.25	56.41	372.84	1
2026-02-26T09:22:04.616537	1	4	NO_helmet	no_helmet	0.3868	288.81	157.00	364.44	201.06	1
2026-02-26T09:22:04.619744	0	4	NO_helmet	no_helmet	0.3504	279.19	110.03	356.88	171.45	1
2026-02-26T09:22:04.619744	0	6	NO_goggles	no_goggles	0.3208	280.28	180.18	345.52	219.25	1
2026-02-26T09:22:04.623743	1	5	NO_Vest	no_vest	0.4844	0.00	121.88	56.12	371.75	1
2026-02-26T09:22:04.623743	1	4	NO_helmet	no_helmet	0.4064	288.19	156.94	364.22	201.81	1
2026-02-26T09:22:04.623743	1	6	NO_goggles	no_goggles	0.2783	295.69	218.07	356.19	247.69	1
2026-02-26T09:22:04.695124	0	4	NO_helmet	no_helmet	0.4130	278.91	109.72	357.05	170.79	1
2026-02-26T09:22:04.695124	0	6	NO_goggles	no_goggles	0.3329	280.34	179.91	344.89	217.84	1
2026-02-26T09:22:04.695124	0	4	NO_helmet	no_helmet	0.3242	264.59	102.58	365.91	171.47	1
2026-02-26T09:22:04.698124	1	4	NO_helmet	no_helmet	0.4902	288.62	156.59	364.94	201.98	1
2026-02-26T09:22:04.698124	1	5	NO_Vest	no_vest	0.4504	0.00	121.12	54.91	376.19	1
2026-02-26T09:22:04.698124	1	6	NO_goggles	no_goggles	0.3381	295.34	218.38	355.64	246.69	1
2026-02-26T09:22:04.705296	0	4	NO_helmet	no_helmet	0.4668	279.03	109.66	357.61	170.52	1
2026-02-26T09:22:04.705296	0	6	NO_goggles	no_goggles	0.3905	280.03	179.73	345.12	216.56	1
2026-02-26T09:22:04.705296	0	4	NO_helmet	no_helmet	0.2713	263.31	101.80	378.94	176.12	1
2026-02-26T09:22:04.705296	1	4	NO_helmet	no_helmet	0.6549	289.03	155.94	365.66	201.84	1
2026-02-26T09:22:04.705296	1	6	NO_goggles	no_goggles	0.4552	295.27	217.98	355.56	245.42	1
2026-02-26T09:22:04.705296	1	5	NO_Vest	no_vest	0.4301	0.05	120.88	55.28	385.44	1
2026-02-26T09:22:04.753894	0	4	NO_helmet	no_helmet	0.4513	279.03	110.25	357.31	170.20	1
2026-02-26T09:22:04.753894	0	6	NO_goggles	no_goggles	0.4244	279.94	179.34	345.44	217.02	1
2026-02-26T09:22:04.753894	0	4	NO_helmet	no_helmet	0.2713	263.00	101.72	381.94	176.28	1
2026-02-26T09:22:04.759894	1	4	NO_helmet	no_helmet	0.6775	289.62	155.81	366.56	200.86	1
2026-02-26T09:22:04.759894	1	6	NO_goggles	no_goggles	0.4417	295.69	217.49	355.58	245.64	1
2026-02-26T09:22:04.759894	1	5	NO_Vest	no_vest	0.4235	0.05	120.25	55.38	388.56	1
2026-02-26T09:22:04.770669	0	6	NO_goggles	no_goggles	0.4206	279.31	179.21	346.44	221.09	1
2026-02-26T09:22:04.770669	0	4	NO_helmet	no_helmet	0.2886	268.56	103.94	363.95	175.56	1
2026-02-26T09:22:04.772979	1	4	NO_helmet	no_helmet	0.6549	289.88	155.19	365.94	201.15	1
2026-02-26T09:22:04.772979	1	6	NO_goggles	no_goggles	0.4591	295.91	216.89	355.28	244.03	1
2026-02-26T09:22:04.772979	1	5	NO_Vest	no_vest	0.4263	0.00	120.75	55.84	386.19	1
2026-02-26T09:22:04.828501	0	6	NO_goggles	no_goggles	0.4321	281.91	180.24	345.11	218.91	1
2026-02-26T09:22:04.828501	0	4	NO_helmet	no_helmet	0.2942	277.12	112.00	356.48	170.88	1
2026-02-26T09:22:04.832502	1	4	NO_helmet	no_helmet	0.6876	289.31	154.75	365.81	201.09	1
2026-02-26T09:22:04.832502	1	6	NO_goggles	no_goggles	0.5234	295.78	217.12	354.50	243.20	1
2026-02-26T09:22:04.832502	1	5	NO_Vest	no_vest	0.4369	0.00	121.00	56.34	382.12	1
2026-02-26T09:22:04.845502	0	6	NO_goggles	no_goggles	0.3849	281.81	180.71	345.41	219.92	1
2026-02-26T09:22:04.845502	0	4	NO_helmet	no_helmet	0.2705	275.34	113.00	356.89	171.32	1
2026-02-26T09:22:04.851290	1	4	NO_helmet	no_helmet	0.6893	289.56	154.66	365.66	200.32	1
2026-02-26T09:22:04.851290	1	6	NO_goggles	no_goggles	0.5195	295.88	216.57	354.69	243.22	1
2026-02-26T09:22:04.851290	1	5	NO_Vest	no_vest	0.4436	0.00	120.88	56.38	384.94	1
2026-02-26T09:22:04.893254	0	6	NO_goggles	no_goggles	0.3942	283.91	180.46	345.91	222.25	1
2026-02-26T09:22:04.893254	0	4	NO_helmet	no_helmet	0.2689	263.38	105.47	363.66	175.66	1
2026-02-26T09:22:04.897890	1	4	NO_helmet	no_helmet	0.6993	289.59	154.56	365.75	199.94	1
2026-02-26T09:22:04.897890	1	6	NO_goggles	no_goggles	0.5332	295.58	216.04	354.22	243.05	1
2026-02-26T09:22:04.897890	1	5	NO_Vest	no_vest	0.4407	0.00	120.25	56.69	387.69	1
2026-02-26T09:22:04.904131	0	6	NO_goggles	no_goggles	0.4073	283.91	180.96	346.31	221.75	1
2026-02-26T09:22:04.907131	1	4	NO_helmet	no_helmet	0.6993	289.31	154.56	365.94	200.09	1
2026-02-26T09:22:04.907131	1	6	NO_goggles	no_goggles	0.5098	295.19	216.09	354.41	243.53	1
2026-02-26T09:22:04.907131	1	5	NO_Vest	no_vest	0.4455	0.04	120.12	56.97	388.25	1
2026-02-26T09:22:04.950987	0	6	NO_goggles	no_goggles	0.5293	284.23	182.08	347.06	221.36	1
2026-02-26T09:22:04.950987	0	4	NO_helmet	no_helmet	0.3251	270.03	112.16	358.41	174.06	1
2026-02-26T09:22:04.950987	0	4	NO_helmet	no_helmet	0.2689	249.75	99.28	389.28	173.03	1
2026-02-26T09:22:04.950987	0	6	NO_goggles	no_goggles	0.2502	274.72	178.16	349.36	239.62	1
2026-02-26T09:22:04.958987	1	4	NO_helmet	no_helmet	0.6689	289.50	154.75	365.88	200.06	1
2026-02-26T09:22:04.958987	1	5	NO_Vest	no_vest	0.4649	0.00	120.62	57.12	382.56	1
2026-02-26T09:22:04.958987	1	6	NO_goggles	no_goggles	0.4455	295.44	216.13	355.19	244.11	1
2026-02-26T09:22:04.964988	0	6	NO_goggles	no_goggles	0.4961	284.20	181.84	347.38	222.14	1
2026-02-26T09:22:04.964988	1	4	NO_helmet	no_helmet	0.6584	289.38	154.78	365.84	199.85	1
2026-02-26T09:22:04.964988	1	6	NO_goggles	no_goggles	0.4805	294.80	216.49	355.14	244.31	1
2026-02-26T09:22:04.964988	1	5	NO_Vest	no_vest	0.4600	0.09	120.75	57.28	390.62	1
2026-02-26T09:22:05.023746	0	6	NO_goggles	no_goggles	0.4961	283.81	181.71	347.77	223.62	1
2026-02-26T09:22:05.023746	0	6	NO_goggles	no_goggles	0.2644	275.31	177.95	350.25	243.66	1
2026-02-26T09:22:05.028746	1	4	NO_helmet	no_helmet	0.6926	289.12	155.12	367.06	198.95	1
2026-02-26T09:22:05.028746	1	6	NO_goggles	no_goggles	0.5293	294.47	217.12	355.44	244.92	1
2026-02-26T09:22:05.028746	1	5	NO_Vest	no_vest	0.4369	0.04	120.25	57.22	394.81	1
2026-02-26T09:22:05.032585	0	6	NO_goggles	no_goggles	0.5215	282.78	182.49	347.34	221.44	1
2026-02-26T09:22:05.032585	0	6	NO_goggles	no_goggles	0.3074	275.75	179.58	348.27	235.03	1
2026-02-26T09:22:05.032585	0	4	NO_helmet	no_helmet	0.2553	247.94	98.73	398.12	173.41	1
2026-02-26T09:22:05.032585	1	4	NO_helmet	no_helmet	0.6388	290.22	155.12	366.59	199.75	1
2026-02-26T09:22:05.032585	1	6	NO_goggles	no_goggles	0.4513	295.73	218.00	356.03	245.23	1
2026-02-26T09:22:05.032585	1	5	NO_Vest	no_vest	0.4301	0.04	120.00	57.03	395.06	1
2026-02-26T09:22:05.092353	0	6	NO_goggles	no_goggles	0.4378	282.59	182.23	347.30	223.45	1
2026-02-26T09:22:05.097354	1	4	NO_helmet	no_helmet	0.6792	289.72	155.94	368.03	199.77	1
2026-02-26T09:22:05.097354	1	5	NO_Vest	no_vest	0.4330	0.00	121.00	56.34	392.50	1
2026-02-26T09:22:05.097354	1	6	NO_goggles	no_goggles	0.4263	295.86	218.51	356.69	245.89	1
2026-02-26T09:22:05.098354	0	6	NO_goggles	no_goggles	0.4111	282.62	182.27	347.20	222.97	1
2026-02-26T09:22:05.098354	1	4	NO_helmet	no_helmet	0.6531	290.28	156.19	368.19	200.50	1
2026-02-26T09:22:05.098354	1	5	NO_Vest	no_vest	0.4244	0.04	120.38	55.94	395.56	1
2026-02-26T09:22:05.098354	1	6	NO_goggles	no_goggles	0.4036	297.78	218.45	356.91	246.39	1
2026-02-26T09:22:05.147927	0	6	NO_goggles	no_goggles	0.3363	282.22	182.66	347.28	224.92	1
2026-02-26T09:22:05.151956	1	4	NO_helmet	no_helmet	0.6370	291.34	156.16	368.84	200.32	1
2026-02-26T09:22:05.151956	1	5	NO_Vest	no_vest	0.4196	0.05	120.75	55.75	396.69	1
2026-02-26T09:22:05.151956	1	6	NO_goggles	no_goggles	0.4036	295.69	218.22	358.14	245.68	1
2026-02-26T09:22:05.157249	0	6	NO_goggles	no_goggles	0.3702	282.91	183.16	347.08	224.67	1
2026-02-26T09:22:05.161250	1	4	NO_helmet	no_helmet	0.6531	291.66	156.66	369.22	200.27	1
2026-02-26T09:22:05.161250	1	5	NO_Vest	no_vest	0.4321	0.04	120.62	56.00	397.25	1
2026-02-26T09:22:05.161250	1	6	NO_goggles	no_goggles	0.4301	297.53	218.62	358.94	245.59	1
2026-02-26T09:22:05.204987	0	6	NO_goggles	no_goggles	0.3433	282.97	183.89	348.38	226.19	1
2026-02-26T09:22:05.208987	1	4	NO_helmet	no_helmet	0.6406	292.53	156.59	369.25	200.41	1
2026-02-26T09:22:05.208987	1	5	NO_Vest	no_vest	0.4397	0.04	120.75	55.88	403.62	1
2026-02-26T09:22:05.208987	1	6	NO_goggles	no_goggles	0.4168	297.66	218.57	358.97	245.35	1
2026-02-26T09:22:05.216418	0	6	NO_goggles	no_goggles	0.3905	284.31	184.63	348.75	225.64	1
2026-02-26T09:22:05.217418	1	4	NO_helmet	no_helmet	0.6334	292.59	157.38	369.25	200.54	1
2026-02-26T09:22:05.217418	1	6	NO_goggles	no_goggles	0.4321	297.81	218.80	359.11	245.79	1
2026-02-26T09:22:05.217418	1	5	NO_Vest	no_vest	0.4244	0.05	119.62	55.66	416.69	1
2026-02-26T09:22:05.262961	0	6	NO_goggles	no_goggles	0.3024	283.00	184.02	348.97	224.81	1
2026-02-26T09:22:05.269170	1	4	NO_helmet	no_helmet	0.6095	292.97	158.00	369.88	200.55	1
2026-02-26T09:22:05.269170	1	5	NO_Vest	no_vest	0.4045	0.05	121.75	56.34	423.62	1
2026-02-26T09:22:05.269170	1	6	NO_goggles	no_goggles	0.3540	296.81	218.37	360.61	247.14	1
2026-02-26T09:22:05.277170	0	6	NO_goggles	no_goggles	0.4073	285.28	183.61	350.03	226.03	1
2026-02-26T09:22:05.282868	1	4	NO_helmet	no_helmet	0.5927	292.88	158.69	370.19	201.29	1
2026-02-26T09:22:05.282868	1	6	NO_goggles	no_goggles	0.4436	296.75	219.09	360.20	247.66	1
2026-02-26T09:22:05.282868	1	5	NO_Vest	no_vest	0.3886	0.00	120.38	55.94	426.06	1
2026-02-26T09:22:05.337583	0	6	NO_goggles	no_goggles	0.3702	286.28	180.70	350.50	218.12	1
2026-02-26T09:22:05.337583	0	4	NO_helmet	no_helmet	0.3032	269.97	113.56	360.47	171.10	1
2026-02-26T09:22:05.337583	0	4	NO_helmet	no_helmet	0.2830	247.50	101.02	367.66	170.78	1
2026-02-26T09:22:05.344583	1	4	NO_helmet	no_helmet	0.5983	292.16	159.12	370.00	201.80	1
2026-02-26T09:22:05.344583	1	6	NO_goggles	no_goggles	0.4805	297.72	220.05	359.83	247.59	1
2026-02-26T09:22:05.344583	1	5	NO_Vest	no_vest	0.4388	0.05	122.38	56.56	408.12	1
2026-02-26T09:22:05.350635	1	4	NO_helmet	no_helmet	0.5889	291.41	159.47	370.53	202.30	1
2026-02-26T09:22:05.350635	1	6	NO_goggles	no_goggles	0.4883	297.97	220.16	359.44	247.73	1
2026-02-26T09:22:05.350635	1	5	NO_Vest	no_vest	0.4620	0.05	121.75	57.12	398.50	1
2026-02-26T09:22:05.383987	1	4	NO_helmet	no_helmet	0.5699	291.06	159.66	370.94	202.89	1
2026-02-26T09:22:05.383987	1	5	NO_Vest	no_vest	0.5068	0.11	122.25	57.12	391.94	1
2026-02-26T09:22:05.383987	1	6	NO_goggles	no_goggles	0.4883	298.69	220.86	360.20	248.24	1
2026-02-26T09:22:05.400242	0	4	NO_helmet	no_helmet	0.5039	277.03	102.67	364.22	158.97	1
2026-02-26T09:22:05.400242	0	6	NO_goggles	no_goggles	0.3594	291.34	165.55	352.97	202.23	1
2026-02-26T09:22:05.400242	1	4	NO_helmet	no_helmet	0.5718	292.31	159.28	371.83	203.60	1
2026-02-26T09:22:05.400242	1	5	NO_Vest	no_vest	0.5525	0.09	121.62	57.06	385.75	1
2026-02-26T09:22:05.400242	1	6	NO_goggles	no_goggles	0.4727	299.16	220.82	360.44	247.85	1
2026-02-26T09:22:05.451060	0	4	NO_helmet	no_helmet	0.4397	283.44	98.79	365.12	150.69	1
2026-02-26T09:22:05.451060	0	6	NO_goggles	no_goggles	0.3979	290.94	159.38	353.92	195.31	1
2026-02-26T09:22:05.457061	1	4	NO_helmet	no_helmet	0.5832	292.16	157.12	372.62	203.36	1
2026-02-26T09:22:05.457061	1	5	NO_Vest	no_vest	0.5545	0.09	122.38	56.72	383.56	1
2026-02-26T09:22:05.457061	1	6	NO_goggles	no_goggles	0.4036	300.64	219.92	361.42	246.75	1
2026-02-26T09:22:05.458061	0	4	NO_helmet	no_helmet	0.4668	286.69	91.34	366.25	139.20	1
2026-02-26T09:22:05.458061	0	6	NO_goggles	no_goggles	0.3486	292.59	154.60	356.19	190.19	1
2026-02-26T09:22:05.465882	1	4	NO_helmet	no_helmet	0.6151	293.50	154.41	372.81	199.38	1
2026-02-26T09:22:05.465882	1	5	NO_Vest	no_vest	0.5631	0.02	122.50	58.16	384.19	1
2026-02-26T09:22:05.465882	1	6	NO_goggles	no_goggles	0.4863	299.69	217.71	361.03	244.47	1
2026-02-26T09:22:05.515649	0	4	NO_helmet	no_helmet	0.6514	287.75	84.04	367.41	131.28	1
2026-02-26T09:22:05.515649	0	6	NO_goggles	no_goggles	0.3594	288.28	148.38	355.73	182.23	1
2026-02-26T09:22:05.520650	1	4	NO_helmet	no_helmet	0.7106	289.56	148.92	374.27	194.36	1
2026-02-26T09:22:05.520650	1	5	NO_Vest	no_vest	0.6316	0.13	123.50	62.97	356.09	1
2026-02-26T09:22:05.520650	1	6	NO_goggles	no_goggles	0.6132	298.62	213.52	362.52	240.86	1
2026-02-26T09:22:05.529101	0	4	NO_helmet	no_helmet	0.6689	289.94	77.19	369.20	121.60	1
2026-02-26T09:22:05.529101	0	6	NO_goggles	no_goggles	0.5390	292.34	139.82	357.16	173.47	1
2026-02-26T09:22:05.532449	1	4	NO_helmet	no_helmet	0.7170	288.31	144.19	373.88	190.28	1
2026-02-26T09:22:05.532449	1	5	NO_Vest	no_vest	0.6197	0.14	121.50	62.31	355.59	1
2026-02-26T09:22:05.532449	1	6	NO_goggles	no_goggles	0.5964	297.25	207.70	363.19	235.00	1
2026-02-26T09:22:05.578622	0	4	NO_helmet	no_helmet	0.6654	285.59	70.75	375.12	117.41	1
2026-02-26T09:22:05.578622	0	6	NO_goggles	no_goggles	0.5718	293.34	130.84	359.12	162.92	1
2026-02-26T09:22:05.585196	1	4	NO_helmet	no_helmet	0.6723	285.16	138.44	371.81	185.45	1
2026-02-26T09:22:05.585196	1	5	NO_Vest	no_vest	0.6197	0.14	118.75	61.78	357.38	1
2026-02-26T09:22:05.585196	1	6	NO_goggles	no_goggles	0.5506	298.38	202.88	363.25	230.05	1
2026-02-26T09:22:05.590234	0	4	NO_helmet	no_helmet	0.6926	290.47	59.84	374.84	106.23	1
2026-02-26T09:22:05.590234	0	6	NO_goggles	no_goggles	0.5718	295.22	120.47	363.59	156.00	1
2026-02-26T09:22:05.601621	1	4	NO_helmet	no_helmet	0.6637	283.03	131.20	368.03	180.47	1
2026-02-26T09:22:05.601621	1	5	NO_Vest	no_vest	0.6160	0.13	116.50	61.72	358.06	1
2026-02-26T09:22:05.601621	1	6	NO_goggles	no_goggles	0.5699	298.12	197.62	361.00	223.25	1
2026-02-26T09:22:05.644181	0	4	NO_helmet	no_helmet	0.7311	293.50	48.27	377.50	94.31	1
2026-02-26T09:22:05.644181	0	6	NO_goggles	no_goggles	0.5641	295.78	111.80	363.34	144.66	1
2026-02-26T09:22:05.650941	1	5	NO_Vest	no_vest	0.5955	0.27	113.88	59.72	356.38	1
2026-02-26T09:22:05.650941	1	4	NO_helmet	no_helmet	0.5448	286.69	124.47	368.62	169.17	1
2026-02-26T09:22:05.650941	1	6	NO_goggles	no_goggles	0.5098	295.91	189.27	361.09	215.90	1
2026-02-26T09:22:05.657914	0	4	NO_helmet	no_helmet	0.6531	296.78	37.27	378.38	83.91	1
2026-02-26T09:22:05.657914	0	6	NO_goggles	no_goggles	0.5467	300.59	103.70	367.14	133.58	1
2026-02-26T09:22:05.657914	0	6	NO_goggles	no_goggles	0.2583	318.94	106.39	369.73	136.15	1
2026-02-26T09:22:05.662912	1	4	NO_helmet	no_helmet	0.7264	281.41	111.23	370.28	163.03	1
2026-02-26T09:22:05.662912	1	6	NO_goggles	no_goggles	0.6021	293.53	181.93	363.69	211.11	1
2026-02-26T09:22:05.662912	1	5	NO_Vest	no_vest	0.6011	0.12	112.38	59.75	362.69	1
2026-02-26T09:22:05.707962	0	4	NO_helmet	no_helmet	0.6926	302.67	26.16	382.62	73.22	1
2026-02-26T09:22:05.707962	0	6	NO_goggles	no_goggles	0.5832	301.44	90.58	369.95	124.16	1
2026-02-26T09:22:05.707962	0	6	NO_goggles	no_goggles	0.3831	316.62	95.74	371.73	125.45	1
2026-02-26T09:22:05.707962	0	4	NO_helmet	no_helmet	0.2878	276.28	21.30	383.75	72.78	1
2026-02-26T09:22:05.716833	1	4	NO_helmet	no_helmet	0.7280	281.59	108.08	370.19	156.89	1
2026-02-26T09:22:05.716833	1	5	NO_Vest	no_vest	0.5917	0.12	110.25	60.38	363.94	1
2026-02-26T09:22:05.716833	1	6	NO_goggles	no_goggles	0.5409	293.56	174.27	361.81	202.50	1
2026-02-26T09:22:05.716833	1	5	NO_Vest	no_vest	0.5059	239.62	216.56	397.75	312.59	1
2026-02-26T09:22:05.716833	1	6	NO_goggles	no_goggles	0.3311	291.52	175.77	346.41	200.12	1
2026-02-26T09:22:05.727088	0	4	NO_helmet	no_helmet	0.6689	302.56	16.85	389.31	61.97	1
2026-02-26T09:22:05.727088	0	6	NO_goggles	no_goggles	0.6095	305.09	79.63	371.42	115.34	1
2026-02-26T09:22:05.727088	0	5	NO_Vest	no_vest	0.3166	230.81	152.84	406.56	269.59	1
2026-02-26T09:22:05.727088	0	4	NO_helmet	no_helmet	0.2991	298.31	12.31	410.03	60.57	1
2026-02-26T09:22:05.727088	0	4	NO_helmet	no_helmet	0.2568	257.22	12.88	388.31	63.78	1
2026-02-26T09:22:05.731051	1	5	NO_Vest	no_vest	0.7349	245.62	212.50	398.50	309.78	1
2026-02-26T09:22:05.731051	1	4	NO_helmet	no_helmet	0.7025	280.03	96.87	370.95	147.34	1
2026-02-26T09:22:05.731051	1	6	NO_goggles	no_goggles	0.6298	295.84	165.87	362.33	194.42	1
2026-02-26T09:22:05.731051	1	5	NO_Vest	no_vest	0.5946	0.19	112.00	59.66	368.91	1
2026-02-26T09:22:05.774486	0	6	NO_goggles	no_goggles	0.5983	310.66	71.88	373.64	102.61	1
2026-02-26T09:22:05.774486	0	4	NO_helmet	no_helmet	0.5964	305.97	7.05	392.22	53.50	1
2026-02-26T09:22:05.774486	0	5	NO_Vest	no_vest	0.5955	232.38	142.59	403.25	262.59	1
2026-02-26T09:22:05.779487	1	4	NO_helmet	no_helmet	0.7592	280.53	86.28	371.75	135.22	1
2026-02-26T09:22:05.779487	1	5	NO_Vest	no_vest	0.6697	242.88	206.22	398.88	313.97	1
2026-02-26T09:22:05.779487	1	5	NO_Vest	no_vest	0.6030	0.19	113.00	58.75	369.84	1
2026-02-26T09:22:05.779487	1	6	NO_goggles	no_goggles	0.5870	291.28	154.59	364.38	187.99	1
2026-02-26T09:22:05.784122	0	6	NO_goggles	no_goggles	0.5332	314.09	59.40	375.58	90.94	1
2026-02-26T09:22:05.784122	0	4	NO_helmet	no_helmet	0.5176	307.09	3.53	392.50	44.64	1
2026-02-26T09:22:05.784122	0	4	NO_helmet	no_helmet	0.4359	262.69	2.72	393.25	48.03	1
2026-02-26T09:22:05.784122	0	5	NO_Vest	no_vest	0.3821	232.38	130.19	407.81	248.56	1
2026-02-26T09:22:05.788122	1	5	NO_Vest	no_vest	0.7439	234.69	207.62	403.81	314.09	1
2026-02-26T09:22:05.788122	1	4	NO_helmet	no_helmet	0.7356	279.81	76.94	378.50	129.66	1
2026-02-26T09:22:05.788122	1	6	NO_goggles	no_goggles	0.6809	294.47	144.07	367.52	177.33	1
2026-02-26T09:22:05.788122	1	5	NO_Vest	no_vest	0.5832	0.02	111.75	58.97	371.38	1
2026-02-26T09:22:05.842176	0	4	NO_helmet	no_helmet	0.5390	312.47	1.26	389.97	34.23	1
2026-02-26T09:22:05.842176	0	6	NO_goggles	no_goggles	0.5098	318.12	47.47	378.00	78.78	1
2026-02-26T09:22:05.842176	0	5	NO_Vest	no_vest	0.3840	236.44	120.75	407.31	227.34	1
2026-02-26T09:22:05.842176	0	6	NO_goggles	no_goggles	0.2539	325.59	51.67	382.80	80.43	1
2026-02-26T09:22:05.850177	1	5	NO_Vest	no_vest	0.7725	230.94	192.25	401.75	313.03	1
2026-02-26T09:22:05.850177	1	4	NO_helmet	no_helmet	0.7387	279.09	65.68	376.62	123.75	1
2026-02-26T09:22:05.850177	1	6	NO_goggles	no_goggles	0.6169	295.44	135.53	366.28	163.86	1
2026-02-26T09:22:05.850177	1	5	NO_Vest	no_vest	0.5708	0.16	113.00	57.19	365.50	1
2026-02-26T09:22:05.855274	0	5	NO_Vest	no_vest	0.6628	244.62	113.47	413.19	218.06	1
2026-02-26T09:22:05.855274	0	4	NO_helmet	no_helmet	0.3666	319.69	1.17	390.05	28.38	1
2026-02-26T09:22:05.855274	0	6	NO_goggles	no_goggles	0.3381	320.97	35.11	380.53	62.42	1
2026-02-26T09:22:05.855274	0	6	NO_goggles	no_goggles	0.3208	326.84	39.12	385.22	67.47	1
2026-02-26T09:22:05.855274	0	6	NO_goggles	no_goggles	0.2830	346.78	39.91	386.56	69.38	1
2026-02-26T09:22:05.863274	1	4	NO_helmet	no_helmet	0.7417	280.25	55.67	382.47	112.72	1
2026-02-26T09:22:05.863274	1	5	NO_Vest	no_vest	0.6558	233.88	190.94	407.75	315.62	1
2026-02-26T09:22:05.863274	1	6	NO_goggles	no_goggles	0.6243	296.56	122.69	366.75	153.31	1
2026-02-26T09:22:05.863274	1	5	NO_Vest	no_vest	0.5234	0.09	114.00	55.19	371.44	1
2026-02-26T09:22:05.905764	0	5	NO_Vest	no_vest	0.6067	250.62	105.62	413.88	212.78	1
2026-02-26T09:22:05.905764	0	6	NO_goggles	no_goggles	0.4668	339.81	28.92	387.22	58.67	1
2026-02-26T09:22:05.905764	0	6	NO_goggles	no_goggles	0.3979	328.70	26.31	386.33	56.87	1
2026-02-26T09:22:05.905764	0	6	NO_goggles	no_goggles	0.2798	319.59	22.44	386.91	52.19	1
2026-02-26T09:22:05.913765	1	5	NO_Vest	no_vest	0.7739	236.62	192.22	412.56	308.47	1
2026-02-26T09:22:05.913765	1	4	NO_helmet	no_helmet	0.7264	280.12	43.77	381.69	101.34	1
2026-02-26T09:22:05.913765	1	6	NO_goggles	no_goggles	0.6792	298.66	110.80	369.47	142.05	1
2026-02-26T09:22:05.913765	1	5	NO_Vest	no_vest	0.5554	0.17	116.88	54.09	356.81	1
2026-02-26T09:22:05.914766	0	6	NO_goggles	no_goggles	0.4766	348.71	16.34	390.31	43.60	1
2026-02-26T09:22:05.914766	0	5	NO_Vest	no_vest	0.4746	252.00	98.09	413.88	214.22	1
2026-02-26T09:22:05.914766	0	6	NO_goggles	no_goggles	0.3923	331.19	16.27	389.89	44.20	1
2026-02-26T09:22:05.914766	1	5	NO_Vest	no_vest	0.7256	233.56	185.62	408.19	309.38	1
2026-02-26T09:22:05.914766	1	4	NO_helmet	no_helmet	0.7009	282.53	24.06	379.00	90.91	1
2026-02-26T09:22:05.914766	1	6	NO_goggles	no_goggles	0.6549	301.66	99.45	371.88	130.61	1
2026-02-26T09:22:05.914766	1	5	NO_Vest	no_vest	0.5679	0.16	120.38	54.59	353.62	1
2026-02-26T09:22:05.969573	0	5	NO_Vest	no_vest	0.4225	243.31	83.50	416.50	231.44	1
2026-02-26T09:22:05.974573	1	5	NO_Vest	no_vest	0.7994	234.12	171.19	405.81	314.22	1
2026-02-26T09:22:05.974573	1	4	NO_helmet	no_helmet	0.7090	286.09	12.12	379.16	77.94	1
2026-02-26T09:22:05.974573	1	6	NO_goggles	no_goggles	0.6826	299.78	86.46	378.84	116.53	1
2026-02-26T09:22:05.974573	1	5	NO_Vest	no_vest	0.5487	0.10	121.88	54.88	355.72	1
2026-02-26T09:22:05.981047	0	5	NO_Vest	no_vest	0.4092	257.19	74.88	419.81	168.34	1
2026-02-26T09:22:05.981047	0	5	NO_Vest	no_vest	0.3478	254.25	76.25	421.50	207.50	1
2026-02-26T09:22:05.982924	1	5	NO_Vest	no_vest	0.7663	231.88	153.06	405.06	313.81	1
2026-02-26T09:22:05.982924	1	6	NO_goggles	no_goggles	0.7311	302.94	73.56	375.45	105.09	1
2026-02-26T09:22:05.982924	1	4	NO_helmet	no_helmet	0.6943	290.47	6.28	379.59	57.25	1
2026-02-26T09:22:05.982924	1	5	NO_Vest	no_vest	0.5429	0.10	123.38	54.22	357.66	1
2026-02-26T09:22:06.026816	1	5	NO_Vest	no_vest	0.7957	234.62	143.81	407.38	310.69	1
2026-02-26T09:22:06.026816	1	4	NO_helmet	no_helmet	0.7025	292.59	4.00	378.81	46.44	1
2026-02-26T09:22:06.026816	1	6	NO_goggles	no_goggles	0.6775	306.81	61.28	373.86	90.35	1
2026-02-26T09:22:06.026816	1	5	NO_Vest	no_vest	0.5361	0.18	124.12	54.22	361.41	1
2026-02-26T09:22:06.037081	1	5	NO_Vest	no_vest	0.8093	234.88	134.12	403.12	309.34	1
2026-02-26T09:22:06.037081	1	6	NO_goggles	no_goggles	0.7042	306.47	47.69	374.89	78.53	1
2026-02-26T09:22:06.037081	1	4	NO_helmet	no_helmet	0.6388	297.88	2.82	379.81	37.56	1
2026-02-26T09:22:06.037081	1	5	NO_Vest	no_vest	0.5224	0.18	125.25	53.84	362.59	1
2026-02-26T09:22:06.037081	1	5	NO_Vest	no_vest	0.7853	238.88	133.44	422.12	307.28	1
2026-02-26T09:22:06.037081	1	6	NO_goggles	no_goggles	0.6058	308.59	33.67	376.03	65.38	1
2026-02-26T09:22:06.037081	1	5	NO_Vest	no_vest	0.4893	0.18	125.00	54.53	374.88	1
2026-02-26T09:22:06.037081	1	4	NO_helmet	no_helmet	0.3711	309.22	0.93	376.84	25.70	1
2026-02-26T09:22:06.096502	1	5	NO_Vest	no_vest	0.7635	240.19	118.25	433.38	307.44	1
2026-02-26T09:22:06.096502	1	6	NO_goggles	no_goggles	0.6095	306.88	22.65	371.41	51.16	1
2026-02-26T09:22:06.096502	1	5	NO_Vest	no_vest	0.5029	0.18	124.88	54.00	355.88	1
2026-02-26T09:22:06.098222	1	5	NO_Vest	no_vest	0.7944	238.38	108.75	421.88	302.64	1
2026-02-26T09:22:06.098222	1	6	NO_goggles	no_goggles	0.5254	310.06	10.42	371.94	39.37	1
2026-02-26T09:22:06.098222	1	5	NO_Vest	no_vest	0.4951	0.18	125.75	53.94	359.94	1
2026-02-26T09:22:06.098222	1	6	NO_goggles	no_goggles	0.2854	301.38	7.20	374.97	42.34	1
2026-02-26T09:22:06.147093	1	5	NO_Vest	no_vest	0.7944	238.31	95.88	401.25	301.00	1
2026-02-26T09:22:06.147093	1	6	NO_goggles	no_goggles	0.5525	314.69	3.47	371.48	24.65	1
2026-02-26T09:22:06.147093	1	5	NO_Vest	no_vest	0.4475	0.12	126.38	53.84	370.88	1
2026-02-26T09:22:06.148661	1	5	NO_Vest	no_vest	0.8289	239.62	84.88	425.69	300.81	1
2026-02-26T09:22:06.148661	1	5	NO_Vest	no_vest	0.4378	0.19	127.50	53.84	365.28	1
2026-02-26T09:22:06.148661	1	4	NO_helmet	no_helmet	0.2822	297.78	4.12	375.16	65.77	1
2026-02-26T09:22:06.148661	1	5	NO_Vest	no_vest	0.8429	240.06	82.00	419.19	301.19	1
2026-02-26T09:22:06.148661	1	4	NO_helmet	no_helmet	0.4805	299.25	2.72	374.25	60.59	1
2026-02-26T09:22:06.148661	1	5	NO_Vest	no_vest	0.4292	0.18	128.38	53.47	360.47	1
2026-02-26T09:22:06.210004	1	5	NO_Vest	no_vest	0.8408	243.06	74.25	411.59	293.06	1
2026-02-26T09:22:06.210004	1	4	NO_helmet	no_helmet	0.4054	305.31	2.44	373.03	52.56	1
2026-02-26T09:22:06.210004	1	5	NO_Vest	no_vest	0.3666	0.07	127.50	53.94	367.88	1
2026-02-26T09:22:06.215431	1	5	NO_Vest	no_vest	0.7186	239.25	66.75	416.25	290.44	1
2026-02-26T09:22:06.215431	1	5	NO_Vest	no_vest	0.3594	0.18	126.88	55.12	359.97	1
2026-02-26T09:22:06.215431	1	4	NO_helmet	no_helmet	0.3191	303.50	2.70	371.72	49.62	1
2026-02-26T09:22:06.281662	1	5	NO_Vest	no_vest	0.3621	0.18	126.62	54.72	358.62	1
2026-02-26T09:22:06.281662	1	5	NO_Vest	no_vest	0.3522	232.50	57.00	416.88	291.16	1
2026-02-26T09:22:06.281662	1	4	NO_helmet	no_helmet	0.3242	304.38	2.75	371.53	41.38	1
2026-02-26T09:22:06.284053	1	5	NO_Vest	no_vest	0.3739	0.06	127.62	54.09	359.12	1
2026-02-26T09:22:06.284053	1	5	NO_Vest	no_vest	0.3260	231.56	42.00	411.31	283.69	1
2026-02-26T09:22:06.284053	1	5	NO_Vest	no_vest	0.5765	235.69	35.38	407.75	283.31	1
2026-02-26T09:22:06.284053	1	5	NO_Vest	no_vest	0.4007	0.06	128.12	55.00	357.44	1
2026-02-26T09:22:06.395888	1	5	NO_Vest	no_vest	0.8019	246.69	35.62	406.50	290.12	1
2026-02-26T09:22:06.395888	1	5	NO_Vest	no_vest	0.3961	0.12	127.75	55.62	356.72	1
2026-02-26T09:22:06.409225	1	5	NO_Vest	no_vest	0.8007	250.19	32.75	402.94	291.00	1
2026-02-26T09:22:06.409225	1	5	NO_Vest	no_vest	0.4196	0.12	129.00	55.75	352.34	1
2026-02-26T09:22:06.460903	1	5	NO_Vest	no_vest	0.7718	244.94	31.75	404.31	291.75	1
2026-02-26T09:22:06.460903	1	5	NO_Vest	no_vest	0.4417	0.18	129.12	54.22	349.09	1
2026-02-26T09:22:06.463902	1	5	NO_Vest	no_vest	0.7122	239.75	29.75	404.62	296.06	1
2026-02-26T09:22:06.463902	1	5	NO_Vest	no_vest	0.4083	0.12	128.62	53.62	351.59	1
2026-02-26T09:22:06.518388	1	5	NO_Vest	no_vest	0.7649	244.06	28.88	403.12	298.00	1
2026-02-26T09:22:06.518388	1	5	NO_Vest	no_vest	0.4426	0.12	128.88	55.03	352.69	1
2026-02-26T09:22:06.597753	1	5	NO_Vest	no_vest	0.7957	240.44	27.00	401.44	298.94	1
2026-02-26T09:22:06.597753	1	5	NO_Vest	no_vest	0.4504	0.07	128.12	54.41	353.88	1
2026-02-26T09:22:06.613641	1	5	NO_Vest	no_vest	0.4542	0.13	126.88	54.78	356.19	1
2026-02-26T09:22:06.613641	1	5	NO_Vest	no_vest	0.3812	231.88	21.38	402.03	299.94	1
2026-02-26T09:22:06.617896	1	5	NO_Vest	no_vest	0.4562	0.20	126.75	55.12	358.09	1
2026-02-26T09:22:06.617896	1	5	NO_Vest	no_vest	0.2628	226.69	17.88	402.12	305.69	1
2026-02-26T09:22:06.710599	1	5	NO_Vest	no_vest	0.4668	0.07	126.25	55.84	359.97	1
2026-02-26T09:22:06.714364	1	5	NO_Vest	no_vest	0.4581	0.07	126.75	56.22	362.66	1
2026-02-26T09:22:06.777856	1	5	NO_Vest	no_vest	0.4235	0.07	127.62	56.53	369.94	1
2026-02-26T09:22:06.781390	1	5	NO_Vest	no_vest	0.4378	0.07	128.00	57.34	369.84	1
2026-02-26T09:22:06.846461	1	5	NO_Vest	no_vest	0.3849	0.07	127.50	57.16	373.03	1
2026-02-26T09:22:06.850341	1	5	NO_Vest	no_vest	0.3657	0.06	128.50	56.75	374.25	1
2026-02-26T09:22:06.926480	1	5	NO_Vest	no_vest	0.3540	0.00	128.12	57.12	389.38	1
2026-02-26T09:22:06.929480	1	5	NO_Vest	no_vest	0.3961	0.12	129.38	57.09	376.88	1
2026-02-26T09:22:06.997765	1	5	NO_Vest	no_vest	0.4083	0.06	129.50	56.97	379.19	1
2026-02-26T09:22:07.004263	1	5	NO_Vest	no_vest	0.4484	0.13	131.12	55.56	368.91	1
2026-02-26T09:22:07.109817	1	5	NO_Vest	no_vest	0.4426	0.12	131.88	54.56	361.03	1
2026-02-26T09:22:07.116354	1	5	NO_Vest	no_vest	0.3711	0.12	130.25	54.78	362.31	1
2026-02-26T09:22:07.163784	1	5	NO_Vest	no_vest	0.3730	0.00	129.25	56.16	376.44	1
2026-02-26T09:22:07.163784	1	5	NO_Vest	no_vest	0.3234	227.19	14.38	395.25	310.56	1
2026-02-26T09:22:07.174555	1	5	NO_Vest	no_vest	0.3346	249.75	15.06	398.69	91.46	1
2026-02-26T09:22:07.268686	1	5	NO_Vest	no_vest	0.3775	250.81	11.88	399.44	91.36	1
2026-02-26T09:22:07.268686	1	5	NO_Vest	no_vest	0.2759	236.94	20.75	397.19	311.56	1
2026-02-26T09:22:07.350540	1	6	NO_goggles	no_goggles	0.2644	330.69	1.33	377.18	20.88	1
2026-02-26T09:22:07.358377	1	5	NO_Vest	no_vest	0.2886	0.33	138.25	52.92	342.50	1
2026-02-26T09:22:07.416597	1	5	NO_Vest	no_vest	0.2862	0.30	138.19	53.41	341.44	1
2026-02-26T09:22:07.422401	1	5	NO_Vest	no_vest	0.2822	0.23	138.31	53.98	342.62	1
2026-02-26T09:22:07.492735	1	5	NO_Vest	no_vest	0.3099	0.30	138.00	53.88	339.00	1
2026-02-26T09:22:07.497651	1	5	NO_Vest	no_vest	0.3416	0.27	136.00	53.23	336.06	1
2026-02-26T09:22:07.579426	1	5	NO_Vest	no_vest	0.3398	0.30	135.44	54.72	336.62	1
2026-02-26T09:22:07.580964	1	5	NO_Vest	no_vest	0.3174	0.27	134.69	55.20	336.50	1
2026-02-26T09:22:07.632114	1	5	NO_Vest	no_vest	0.3303	0.30	134.12	54.77	336.81	1
2026-02-26T09:22:07.643999	1	5	NO_Vest	no_vest	0.3132	0.30	134.94	54.42	337.50	1
2026-02-26T09:22:07.732039	1	5	NO_Vest	no_vest	0.3107	0.30	135.06	53.77	337.38	1
2026-02-26T09:22:07.732928	1	5	NO_Vest	no_vest	0.2975	0.27	136.06	53.92	338.38	1
2026-02-26T09:22:07.797774	1	5	NO_Vest	no_vest	0.2950	0.30	135.88	53.52	338.44	1
2026-02-26T09:22:07.805191	1	5	NO_Vest	no_vest	0.2783	0.30	135.75	53.88	338.25	1
2026-02-26T09:22:07.882667	1	5	NO_Vest	no_vest	0.2814	0.27	136.50	54.44	338.31	1
2026-02-26T09:22:07.892920	1	5	NO_Vest	no_vest	0.2720	0.27	136.62	54.77	338.31	1
2026-02-26T09:22:07.985072	1	5	NO_Vest	no_vest	0.2783	0.27	135.94	55.30	338.88	1
2026-02-26T09:22:07.989562	1	5	NO_Vest	no_vest	0.2576	0.30	135.88	55.89	339.00	1
2026-02-26T09:22:08.083266	1	5	NO_Vest	no_vest	0.3024	0.30	135.44	56.19	336.75	1
2026-02-26T09:22:08.090266	1	5	NO_Vest	no_vest	0.3585	0.27	135.56	55.30	337.12	1
2026-02-26T09:22:08.137761	1	5	NO_Vest	no_vest	0.3666	0.27	135.50	54.89	338.12	1
2026-02-26T09:22:08.141754	1	5	NO_Vest	no_vest	0.3831	0.30	135.88	54.78	338.69	1
2026-02-26T09:22:08.206576	1	5	NO_Vest	no_vest	0.3961	0.30	135.56	54.69	338.25	1
2026-02-26T09:22:08.214304	1	5	NO_Vest	no_vest	0.3923	0.27	135.56	55.02	339.00	1
2026-02-26T09:22:08.282756	1	5	NO_Vest	no_vest	0.3766	0.30	135.50	55.20	339.75	1
2026-02-26T09:22:08.301429	1	5	NO_Vest	no_vest	0.3381	0.27	135.88	56.03	341.25	1
2026-02-26T09:22:08.373924	1	5	NO_Vest	no_vest	0.3124	0.30	135.44	55.66	341.94	1
2026-02-26T09:22:08.374816	1	5	NO_Vest	no_vest	0.3337	0.14	124.00	56.28	407.06	1
2026-02-26T09:22:08.445455	1	5	NO_Vest	no_vest	0.3329	0.14	124.25	56.34	408.38	1
2026-02-26T09:22:08.447624	1	5	NO_Vest	no_vest	0.3183	0.27	135.88	54.31	342.31	1
2026-02-26T09:22:08.447624	1	5	NO_Vest	no_vest	0.3149	0.02	125.38	56.34	425.38	1
2026-02-26T09:22:08.516158	1	5	NO_Vest	no_vest	0.3451	0.30	135.94	53.06	341.88	1
2026-02-26T09:22:08.516158	1	5	NO_Vest	no_vest	0.2999	0.14	126.25	55.03	420.62	1
2026-02-26T09:22:08.533255	1	5	NO_Vest	no_vest	0.3242	0.30	135.00	53.64	342.06	1
2026-02-26T09:22:08.599838	1	5	NO_Vest	no_vest	0.3381	0.30	134.88	53.61	343.50	1
2026-02-26T09:22:08.609900	1	5	NO_Vest	no_vest	0.3363	0.08	125.50	56.81	374.88	1
2026-02-26T09:22:08.609900	1	5	NO_Vest	no_vest	0.2539	219.19	4.25	361.38	301.38	1
2026-02-26T09:22:08.710728	1	5	NO_Vest	no_vest	0.3451	0.30	135.50	53.70	342.44	1
2026-02-26T09:22:08.710728	1	5	NO_Vest	no_vest	0.3007	213.34	2.12	360.69	304.06	1
2026-02-26T09:22:08.722434	1	5	NO_Vest	no_vest	0.4359	209.53	3.88	371.12	305.88	1
2026-02-26T09:22:08.722434	1	5	NO_Vest	no_vest	0.3495	0.30	135.56	54.61	342.19	1
2026-02-26T09:22:08.722434	1	5	NO_Vest	no_vest	0.2682	0.17	117.75	59.41	394.12	1
2026-02-26T09:22:08.777470	1	5	NO_Vest	no_vest	0.3585	206.75	13.25	373.44	309.44	1
2026-02-26T09:22:08.777470	1	5	NO_Vest	no_vest	0.3513	0.30	136.00	54.00	344.31	1
2026-02-26T09:22:08.777470	1	5	NO_Vest	no_vest	0.2628	0.17	116.12	58.78	414.50	1
2026-02-26T09:22:08.785573	1	5	NO_Vest	no_vest	0.4417	204.62	6.75	364.75	311.88	1
2026-02-26T09:22:08.785573	1	5	NO_Vest	no_vest	0.3594	0.27	136.12	53.84	345.25	1
2026-02-26T09:22:08.966299	1	5	NO_Vest	no_vest	0.6723	203.62	25.00	360.50	311.69	1
2026-02-26T09:22:08.966299	1	5	NO_Vest	no_vest	0.3567	0.30	135.75	54.09	343.44	1
2026-02-26T09:22:08.966299	1	5	NO_Vest	no_vest	0.2516	0.18	115.62	58.66	414.00	1
2026-02-26T09:22:08.996071	1	5	NO_Vest	no_vest	0.3311	0.27	135.94	52.95	341.19	1
2026-02-26T09:22:09.081652	1	5	NO_Vest	no_vest	0.3398	0.30	136.12	52.41	341.69	1
2026-02-26T09:22:09.098606	1	5	NO_Vest	no_vest	0.3329	0.28	136.69	52.41	341.19	1
2026-02-26T09:22:09.169825	1	5	NO_Vest	no_vest	0.3451	0.28	136.25	52.70	341.81	1
2026-02-26T09:22:09.175861	1	5	NO_Vest	no_vest	0.3478	0.27	135.12	53.45	341.69	1
2026-02-26T09:22:09.227405	1	5	NO_Vest	no_vest	0.3268	0.30	135.19	53.12	340.38	1
2026-02-26T09:22:09.227405	1	5	NO_Vest	no_vest	0.2516	0.13	117.75	56.81	406.50	1
2026-02-26T09:22:09.236823	1	5	NO_Vest	no_vest	0.3675	203.56	4.62	338.44	317.81	1
2026-02-26T09:22:09.236823	1	5	NO_Vest	no_vest	0.3149	0.30	135.31	53.62	340.62	1
2026-02-26T09:22:09.236823	1	5	NO_Vest	no_vest	0.2621	0.13	117.00	57.25	406.88	1
2026-02-26T09:22:09.297081	1	5	NO_Vest	no_vest	0.3065	0.30	135.31	53.88	340.81	1
2026-02-26T09:22:09.297081	1	5	NO_Vest	no_vest	0.2942	0.20	119.50	57.31	395.00	1
2026-02-26T09:22:09.297081	1	5	NO_Vest	no_vest	0.2720	204.84	4.75	339.31	317.06	1
2026-02-26T09:22:09.428529	1	5	NO_Vest	no_vest	0.2598	0.20	122.62	57.19	399.75	1
2026-02-26T09:22:09.484169	1	5	NO_Vest	no_vest	0.2767	0.20	122.50	57.12	405.81	1
2026-02-26T09:22:09.492868	1	5	NO_Vest	no_vest	0.2838	0.13	123.12	56.56	398.56	1
2026-02-26T09:22:09.541133	1	5	NO_Vest	no_vest	0.2806	0.07	121.00	57.00	402.12	1
2026-02-26T09:22:09.542439	1	5	NO_Vest	no_vest	0.2682	0.02	125.38	54.84	391.50	1
2026-02-26T09:22:09.603077	1	5	NO_Vest	no_vest	0.2568	0.02	125.12	55.41	389.56	1
2026-02-26T09:22:09.607690	1	5	NO_Vest	no_vest	0.2814	0.09	125.62	55.28	390.19	1
2026-02-26T09:22:09.659660	1	5	NO_Vest	no_vest	0.2759	0.08	124.88	54.19	377.06	1
2026-02-26T09:22:09.664218	1	5	NO_Vest	no_vest	0.2736	0.13	119.75	55.66	374.38	1
2026-02-26T09:22:09.741107	1	5	NO_Vest	no_vest	0.2583	0.20	117.38	56.28	379.94	1
2026-02-26T09:22:09.744108	1	5	NO_Vest	no_vest	0.2606	0.07	118.62	56.53	379.12	1
2026-02-26T09:22:09.803924	1	5	NO_Vest	no_vest	0.2697	0.19	119.50	56.97	378.12	1
2026-02-26T09:22:09.809357	1	5	NO_Vest	no_vest	0.2806	0.19	121.12	56.91	380.25	1
2026-02-26T09:22:09.879902	1	5	NO_Vest	no_vest	0.2659	0.19	120.38	56.41	382.88	1
2026-02-26T09:22:09.886901	1	5	NO_Vest	no_vest	0.2644	0.12	120.38	57.22	391.06	1
2026-02-26T09:22:09.963801	1	5	NO_Vest	no_vest	0.2767	0.30	134.50	53.12	352.12	1
2026-02-26T09:22:09.963801	1	5	NO_Vest	no_vest	0.2576	247.00	34.19	355.66	269.00	1
2026-02-26T09:22:09.975972	0	5	NO_Vest	no_vest	0.2918	264.53	25.19	374.69	225.94	1
2026-02-26T09:22:09.980871	1	5	NO_Vest	no_vest	0.2790	0.33	134.50	54.06	351.56	1
2026-02-26T09:22:09.980871	1	5	NO_Vest	no_vest	0.2636	247.94	42.38	353.03	278.75	1
2026-02-26T09:22:10.089026	1	5	NO_Vest	no_vest	0.4254	249.84	51.38	342.30	278.44	1
2026-02-26T09:22:10.089026	1	5	NO_Vest	no_vest	0.3285	0.30	134.56	53.45	347.75	1
2026-02-26T09:22:10.090193	0	5	NO_Vest	no_vest	0.2767	274.56	34.12	381.19	193.12	1
2026-02-26T09:22:10.099451	1	5	NO_Vest	no_vest	0.3225	0.33	134.75	53.64	348.12	1
2026-02-26T09:22:10.099451	1	5	NO_Vest	no_vest	0.3024	245.84	53.00	369.12	310.38	1
2026-02-26T09:22:10.150021	0	5	NO_Vest	no_vest	0.4620	280.50	37.78	382.62	147.97	1
2026-02-26T09:22:10.163021	1	5	NO_Vest	no_vest	0.3998	248.78	58.88	369.56	308.50	1
2026-02-26T09:22:10.163021	1	5	NO_Vest	no_vest	0.3140	0.31	135.00	53.78	348.31	1
2026-02-26T09:22:10.167928	0	5	NO_Vest	no_vest	0.4620	280.56	41.56	386.78	149.38	1
2026-02-26T09:22:10.168838	1	5	NO_Vest	no_vest	0.6179	246.91	60.25	372.38	309.94	1
2026-02-26T09:22:10.168838	1	5	NO_Vest	no_vest	0.3140	0.30	134.88	54.47	347.69	1
2026-02-26T09:22:10.168838	1	5	NO_Vest	no_vest	0.2531	0.17	111.88	60.56	400.06	1
2026-02-26T09:22:10.225484	0	5	NO_Vest	no_vest	0.6415	281.03	43.91	385.69	146.72	1
2026-02-26T09:22:10.231422	1	5	NO_Vest	no_vest	0.5039	249.75	62.75	371.25	306.09	1
2026-02-26T09:22:10.231422	1	5	NO_Vest	no_vest	0.3115	0.30	134.56	55.02	348.94	1
2026-02-26T09:22:10.232359	0	5	NO_Vest	no_vest	0.7017	279.25	45.25	378.94	155.59	1
2026-02-26T09:22:10.232359	1	5	NO_Vest	no_vest	0.6252	249.91	67.38	369.50	302.34	1
2026-02-26T09:22:10.232359	1	5	NO_Vest	no_vest	0.3486	0.30	134.88	54.33	344.81	1
2026-02-26T09:22:10.282104	0	5	NO_Vest	no_vest	0.6307	279.66	46.09	379.06	143.59	1
2026-02-26T09:22:10.286814	1	5	NO_Vest	no_vest	0.4863	248.38	69.62	369.69	299.97	1
2026-02-26T09:22:10.286814	1	5	NO_Vest	no_vest	0.3549	0.19	122.25	57.66	396.88	1
2026-02-26T09:22:10.296858	0	5	NO_Vest	no_vest	0.5390	279.22	47.22	379.88	155.50	1
2026-02-26T09:22:10.298959	1	5	NO_Vest	no_vest	0.4388	248.38	70.81	362.75	265.75	1
2026-02-26T09:22:10.298959	1	5	NO_Vest	no_vest	0.3675	0.12	123.50	58.28	389.31	1
2026-02-26T09:22:10.396379	0	5	NO_Vest	no_vest	0.6289	280.69	50.00	375.72	157.03	1
2026-02-26T09:22:10.396379	1	5	NO_Vest	no_vest	0.4045	250.06	76.50	358.38	265.31	1
2026-02-26T09:22:10.396379	1	5	NO_Vest	no_vest	0.4026	0.18	124.88	59.56	375.19	1
2026-02-26T09:22:10.416114	1	5	NO_Vest	no_vest	0.4369	0.18	125.00	59.44	363.47	1
2026-02-26T09:22:10.416114	1	5	NO_Vest	no_vest	0.4092	250.53	78.62	355.34	271.25	1
2026-02-26T09:22:10.472877	0	5	NO_Vest	no_vest	0.3748	284.91	55.50	369.75	159.12	1
2026-02-26T09:22:10.475877	1	5	NO_Vest	no_vest	0.4727	0.18	125.12	57.88	351.88	1
2026-02-26T09:22:10.475877	1	5	NO_Vest	no_vest	0.4562	247.03	83.62	361.50	297.78	1
2026-02-26T09:22:10.480829	1	5	NO_Vest	no_vest	0.4727	0.18	124.00	58.84	351.47	1
2026-02-26T09:22:10.480829	1	5	NO_Vest	no_vest	0.3594	246.56	88.56	354.47	269.62	1
2026-02-26T09:22:10.549337	1	5	NO_Vest	no_vest	0.5746	247.62	89.62	342.33	237.94	1
2026-02-26T09:22:10.549337	1	5	NO_Vest	no_vest	0.4698	0.18	124.50	57.38	351.66	1
2026-02-26T09:22:10.559062	1	5	NO_Vest	no_vest	0.5496	247.41	89.81	338.31	242.69	1
2026-02-26T09:22:10.559062	1	5	NO_Vest	no_vest	0.4465	0.12	124.50	56.62	350.91	1
2026-02-26T09:22:10.620107	1	5	NO_Vest	no_vest	0.4552	239.06	90.25	335.94	226.81	1
2026-02-26T09:22:10.620107	1	5	NO_Vest	no_vest	0.4359	0.31	135.31	53.75	339.88	1
2026-02-26T09:22:10.625153	1	5	NO_Vest	no_vest	0.4321	0.18	122.88	56.09	352.47	1
2026-02-26T09:22:10.718395	1	5	NO_Vest	no_vest	0.4581	0.18	124.62	55.09	351.91	1
2026-02-26T09:22:10.724393	1	5	NO_Vest	no_vest	0.4273	0.18	125.75	54.91	353.75	1
2026-02-26T09:22:10.779487	1	5	NO_Vest	no_vest	0.4102	0.18	126.50	55.12	360.06	1
2026-02-26T09:22:10.784031	1	5	NO_Vest	no_vest	0.3657	0.18	124.12	55.72	368.75	1
2026-02-26T09:22:10.859490	1	5	NO_Vest	no_vest	0.3513	0.30	136.44	53.45	341.19	1
2026-02-26T09:22:10.864157	1	5	NO_Vest	no_vest	0.3567	0.23	136.88	53.91	342.31	1
2026-02-26T09:22:10.943820	1	5	NO_Vest	no_vest	0.3398	0.23	137.88	53.47	342.94	1
2026-02-26T09:22:10.949219	1	5	NO_Vest	no_vest	0.3320	0.23	138.00	53.44	342.69	1
2026-02-26T09:22:11.018546	1	5	NO_Vest	no_vest	0.3320	0.27	137.69	53.48	342.75	1
2026-02-26T09:22:11.020546	1	5	NO_Vest	no_vest	0.3346	0.27	137.56	54.03	342.19	1
2026-02-26T09:22:11.119447	1	5	NO_Vest	no_vest	0.3416	0.30	137.50	54.44	343.06	1
2026-02-26T09:22:11.126842	1	5	NO_Vest	no_vest	0.3478	0.27	138.00	54.33	342.50	1
2026-02-26T09:22:11.186288	1	5	NO_Vest	no_vest	0.3531	0.30	137.62	54.12	342.62	1
2026-02-26T09:22:11.188289	1	5	NO_Vest	no_vest	0.3320	0.06	123.75	60.09	358.19	1
2026-02-26T09:22:11.243170	1	5	NO_Vest	no_vest	0.3711	0.23	137.56	55.88	339.25	1
2026-02-26T09:22:11.245170	1	5	NO_Vest	no_vest	0.3666	0.23	137.25	56.03	338.88	1
2026-02-26T09:22:11.329206	1	5	NO_Vest	no_vest	0.3905	0.20	136.62	55.94	339.00	1
2026-02-26T09:22:11.336205	1	5	NO_Vest	no_vest	0.3998	0.23	135.94	55.33	340.88	1
2026-02-26T09:22:11.336205	1	5	NO_Vest	no_vest	0.2806	0.22	121.62	68.66	359.75	1
2026-02-26T09:22:11.399581	1	5	NO_Vest	no_vest	0.4092	0.23	135.94	56.06	343.25	1
2026-02-26T09:22:11.399581	1	5	NO_Vest	no_vest	0.2958	0.22	120.62	68.97	366.84	1
2026-02-26T09:22:11.408842	1	5	NO_Vest	no_vest	0.3407	0.23	135.62	53.77	348.56	1
2026-02-26T09:22:11.497002	1	5	NO_Vest	no_vest	0.3407	0.06	118.88	57.72	406.25	1
2026-02-26T09:22:11.522420	1	5	NO_Vest	no_vest	0.3495	0.31	135.25	54.23	352.31	1
2026-02-26T09:22:11.606679	1	5	NO_Vest	no_vest	0.3425	0.12	117.50	57.12	392.06	1
2026-02-26T09:22:11.607505	1	5	NO_Vest	no_vest	0.3337	0.27	135.44	54.89	354.94	1
2026-02-26T09:22:11.693692	1	5	NO_Vest	no_vest	0.3684	0.12	119.62	56.38	384.94	1
2026-02-26T09:22:11.700691	1	5	NO_Vest	no_vest	0.3858	0.06	121.00	56.97	383.19	1
2026-02-26T09:22:11.777800	1	5	NO_Vest	no_vest	0.4092	0.18	120.00	56.84	384.56	1
2026-02-26T09:22:11.782900	1	5	NO_Vest	no_vest	0.4158	0.11	122.88	57.16	363.62	1
2026-02-26T09:22:11.855836	1	5	NO_Vest	no_vest	0.4263	0.18	124.62	56.66	355.44	1
2026-02-26T09:22:11.865495	1	5	NO_Vest	no_vest	0.4216	0.18	123.75	57.84	355.19	1
2026-02-26T09:22:11.914978	1	5	NO_Vest	no_vest	0.4121	0.18	124.50	58.16	354.56	1
2026-02-26T09:22:11.922988	1	5	NO_Vest	no_vest	0.4017	0.20	136.81	54.66	339.00	1
2026-02-26T09:22:11.970186	1	5	NO_Vest	no_vest	0.4036	0.20	137.06	54.72	337.31	1
2026-02-26T09:22:11.975187	1	5	NO_Vest	no_vest	0.3558	0.23	136.19	55.20	338.06	1
2026-02-26T09:43:47.170562	0	4	NO_helmet	no_helmet	0.5917	0.00	11.75	640.00	458.12	1
2026-02-26T09:43:47.209071	0	4	NO_helmet	no_helmet	0.6030	0.00	12.00	640.00	458.00	1
2026-02-26T09:43:47.209071	0	4	NO_helmet	no_helmet	0.6021	0.00	11.88	640.00	458.00	1
2026-02-26T09:43:47.209071	0	4	NO_helmet	no_helmet	0.5917	0.00	12.12	640.00	457.88	1
2026-02-26T09:43:47.209071	0	4	NO_helmet	no_helmet	0.5870	0.00	12.00	640.00	458.12	1
2026-02-26T09:43:47.239092	0	4	NO_helmet	no_helmet	0.5936	0.00	11.75	640.00	457.88	1
2026-02-26T09:43:47.240001	0	4	NO_helmet	no_helmet	0.5983	0.00	11.62	640.00	457.88	1
2026-02-26T09:43:47.240001	0	4	NO_helmet	no_helmet	0.5936	0.00	11.75	640.00	457.88	1
2026-02-26T09:43:47.240001	0	4	NO_helmet	no_helmet	0.6030	0.00	11.75	640.00	457.88	1
2026-02-26T09:43:47.316972	0	4	NO_helmet	no_helmet	0.6114	0.00	11.25	640.00	458.00	1
2026-02-26T09:43:47.316972	0	4	NO_helmet	no_helmet	0.6132	0.00	11.25	640.00	458.00	1
2026-02-26T09:43:47.384789	0	4	NO_helmet	no_helmet	0.6179	0.00	11.25	640.00	458.00	1
2026-02-26T09:43:47.390110	0	4	NO_helmet	no_helmet	0.6095	0.00	11.00	640.00	457.88	1
2026-02-26T09:43:47.391190	0	4	NO_helmet	no_helmet	0.6142	0.00	10.62	640.00	457.75	1
2026-02-26T09:43:47.463717	0	4	NO_helmet	no_helmet	0.6151	0.00	10.88	640.00	457.88	1
2026-02-26T09:43:47.533579	0	4	NO_helmet	no_helmet	0.6095	0.00	10.88	640.00	458.00	1
2026-02-26T09:43:47.535256	0	4	NO_helmet	no_helmet	0.6197	0.00	10.75	640.00	458.00	1
2026-02-26T09:43:47.601647	0	4	NO_helmet	no_helmet	0.6169	0.00	11.00	640.00	457.75	1
2026-02-26T09:43:47.602647	0	4	NO_helmet	no_helmet	0.6188	0.00	11.00	640.00	457.75	1
2026-02-26T09:43:47.660137	0	4	NO_helmet	no_helmet	0.6298	0.00	10.88	640.00	457.75	1
2026-02-26T09:43:47.734416	0	4	NO_helmet	no_helmet	0.6142	0.00	10.88	640.00	457.62	1
2026-02-26T09:43:47.734416	0	4	NO_helmet	no_helmet	0.6234	0.00	10.62	640.00	457.75	1
2026-02-26T09:43:47.799106	0	4	NO_helmet	no_helmet	0.6114	0.00	10.88	640.00	457.75	1
2026-02-26T09:43:47.800105	0	4	NO_helmet	no_helmet	0.6206	0.00	10.88	640.00	457.62	1
2026-02-26T09:43:47.856537	0	4	NO_helmet	no_helmet	0.6169	0.00	10.75	640.00	457.62	1
2026-02-26T09:43:47.934273	0	4	NO_helmet	no_helmet	0.6197	0.00	10.62	640.00	457.75	1
2026-02-26T09:43:47.935097	0	4	NO_helmet	no_helmet	0.6049	0.00	10.75	640.00	457.75	1
2026-02-26T09:43:47.989460	0	4	NO_helmet	no_helmet	0.6095	0.00	10.25	640.00	457.75	1
2026-02-26T09:43:47.989460	0	4	NO_helmet	no_helmet	0.6058	0.00	10.50	640.00	457.75	1
2026-02-26T09:43:48.047745	0	4	NO_helmet	no_helmet	0.6039	0.00	10.62	640.00	457.62	1
2026-02-26T09:43:48.107542	0	4	NO_helmet	no_helmet	0.5898	0.00	11.50	640.00	457.62	1
2026-02-26T09:43:48.181481	0	4	NO_helmet	no_helmet	0.5679	0.00	11.62	640.00	457.50	1
2026-02-26T09:43:48.181996	0	4	NO_helmet	no_helmet	0.5506	0.00	11.88	640.00	457.75	1
2026-02-26T09:43:48.245889	0	4	NO_helmet	no_helmet	0.5438	0.00	11.75	640.00	457.75	1
2026-02-26T09:43:48.310201	0	4	NO_helmet	no_helmet	0.5487	0.00	11.88	640.00	457.62	1
2026-02-26T09:43:48.858720	0	4	NO_helmet	no_helmet	0.5727	0.00	11.75	640.00	457.38	1
2026-02-26T09:43:48.925107	0	4	NO_helmet	no_helmet	0.5612	0.00	11.50	640.00	457.50	1
2026-02-26T09:43:48.927111	0	4	NO_helmet	no_helmet	0.5756	0.00	11.25	640.00	457.50	1
2026-02-26T09:43:48.929122	0	4	NO_helmet	no_helmet	0.5784	0.00	11.12	640.00	457.50	1
2026-02-26T09:43:48.929122	0	4	NO_helmet	no_helmet	0.5737	0.00	11.50	640.00	457.50	1
2026-02-26T09:43:48.956544	0	4	NO_helmet	no_helmet	0.5554	0.00	11.75	640.00	457.50	1
2026-02-26T09:43:48.956544	0	4	NO_helmet	no_helmet	0.5603	0.00	11.62	640.00	457.62	1
2026-02-26T09:43:48.956544	0	4	NO_helmet	no_helmet	0.5593	0.00	11.88	640.00	457.50	1
2026-02-26T09:43:48.956544	0	4	NO_helmet	no_helmet	0.5708	0.00	11.50	640.00	457.62	1
2026-02-26T09:43:48.997197	0	4	NO_helmet	no_helmet	0.5583	0.00	12.00	640.00	457.62	1
2026-02-26T09:43:48.998803	0	4	NO_helmet	no_helmet	0.5660	0.00	12.12	640.00	457.75	1
2026-02-26T09:43:48.998803	0	4	NO_helmet	no_helmet	0.5554	0.00	12.25	640.00	457.75	1
2026-02-26T09:43:49.000809	0	4	NO_helmet	no_helmet	0.5535	0.00	12.25	640.00	457.75	1
2026-02-26T09:43:49.027965	0	4	NO_helmet	no_helmet	0.5506	0.00	12.50	640.00	457.75	1
2026-02-26T09:43:49.028965	0	4	NO_helmet	no_helmet	0.5554	0.00	12.12	640.00	457.75	1
2026-02-26T09:43:49.029964	0	4	NO_helmet	no_helmet	0.6225	0.00	10.25	640.00	457.62	1
2026-02-26T09:43:49.032176	0	4	NO_helmet	no_helmet	0.6379	0.00	10.00	640.00	457.88	1
2026-02-26T09:43:49.076801	0	4	NO_helmet	no_helmet	0.6270	0.00	10.12	640.00	457.75	1
2026-02-26T09:43:49.077971	0	4	NO_helmet	no_helmet	0.6289	0.00	10.25	640.00	457.75	1
2026-02-26T09:43:49.078972	0	4	NO_helmet	no_helmet	0.6197	0.00	10.38	640.00	457.75	1
2026-02-26T09:43:49.079971	0	4	NO_helmet	no_helmet	0.6325	0.00	9.75	640.00	457.88	1
2026-02-26T09:43:49.147419	0	4	NO_helmet	no_helmet	0.6289	0.00	9.75	640.00	457.88	1
2026-02-26T09:43:49.212541	0	4	NO_helmet	no_helmet	0.6289	0.00	9.88	640.00	457.88	1
2026-02-26T09:43:49.214174	0	4	NO_helmet	no_helmet	0.6298	0.00	9.62	640.00	457.88	1
2026-02-26T09:43:49.282102	0	4	NO_helmet	no_helmet	0.6361	0.00	9.38	640.00	457.75	1
2026-02-26T09:43:49.284103	0	4	NO_helmet	no_helmet	0.6334	0.00	9.62	640.00	457.75	1
2026-02-26T09:43:49.340464	0	4	NO_helmet	no_helmet	0.6388	0.00	9.38	640.00	458.00	1
2026-02-26T09:43:49.417553	0	4	NO_helmet	no_helmet	0.6206	0.00	9.38	640.00	457.88	1
2026-02-26T09:43:49.418553	0	4	NO_helmet	no_helmet	0.6298	0.00	9.75	640.00	457.88	1
2026-02-26T09:43:49.481217	0	4	NO_helmet	no_helmet	0.6270	0.00	9.50	640.00	458.12	1
2026-02-26T09:43:49.484557	0	4	NO_helmet	no_helmet	0.6151	0.00	9.88	640.00	458.00	1
2026-02-26T09:43:49.544937	0	4	NO_helmet	no_helmet	0.6188	0.00	9.88	640.00	458.00	1
2026-02-26T09:43:49.612585	0	4	NO_helmet	no_helmet	0.6225	0.00	10.12	640.00	457.88	1
2026-02-26T09:43:49.612585	0	4	NO_helmet	no_helmet	0.6188	0.00	10.12	640.00	458.00	1
2026-02-26T09:43:49.677309	0	4	NO_helmet	no_helmet	0.6169	0.00	10.00	640.00	458.00	1
2026-02-26T09:43:49.740252	0	4	NO_helmet	no_helmet	0.6160	0.00	10.12	640.00	458.00	1
2026-02-26T09:43:49.740252	0	4	NO_helmet	no_helmet	0.6252	0.00	10.00	640.00	458.00	1
2026-02-26T09:43:49.810152	0	4	NO_helmet	no_helmet	0.6316	0.00	9.75	640.00	458.00	1
2026-02-26T09:43:49.915509	0	4	NO_helmet	no_helmet	0.6316	0.00	10.00	640.00	457.88	1
2026-02-26T09:43:49.978919	0	4	NO_helmet	no_helmet	0.6280	0.00	9.75	640.00	457.88	1
2026-02-26T09:43:49.979921	0	4	NO_helmet	no_helmet	0.6379	0.00	9.50	640.00	457.88	1
2026-02-26T09:43:49.980919	0	4	NO_helmet	no_helmet	0.6325	0.00	9.50	640.00	458.00	1
2026-02-26T09:43:49.982918	0	4	NO_helmet	no_helmet	0.6397	0.00	9.25	640.00	458.00	1
2026-02-26T09:43:50.039377	0	4	NO_helmet	no_helmet	0.6316	0.00	9.62	640.00	458.12	1
2026-02-26T09:43:50.052432	0	4	NO_helmet	no_helmet	0.6379	0.00	9.62	640.00	458.25	1
2026-02-26T09:43:50.106035	0	4	NO_helmet	no_helmet	0.6370	0.00	9.75	640.00	458.25	1
2026-02-26T09:43:50.176409	0	4	NO_helmet	no_helmet	0.6388	0.00	9.75	640.00	458.25	1
2026-02-26T09:43:50.176409	0	4	NO_helmet	no_helmet	0.6424	0.00	9.62	640.00	458.25	1
2026-02-26T09:43:50.239423	0	4	NO_helmet	no_helmet	0.6433	0.00	9.62	640.00	458.25	1
2026-02-26T09:43:50.310961	0	4	NO_helmet	no_helmet	0.6433	0.00	9.88	640.00	458.25	1
2026-02-26T09:43:50.459236	0	4	NO_helmet	no_helmet	0.6433	0.00	9.50	640.00	458.25	1
2026-02-26T09:43:50.468585	0	4	NO_helmet	no_helmet	0.6397	0.00	9.50	640.00	458.12	1
2026-02-26T09:43:50.468585	0	4	NO_helmet	no_helmet	0.6424	0.00	9.38	640.00	458.12	1
2026-02-26T09:43:50.484217	0	4	NO_helmet	no_helmet	0.6370	0.00	9.50	640.00	458.25	1
2026-02-26T09:43:50.484217	0	4	NO_helmet	no_helmet	0.6379	0.00	9.62	640.00	458.12	1
2026-02-26T09:43:50.582510	0	4	NO_helmet	no_helmet	0.6361	0.00	9.38	640.00	458.25	1
2026-02-26T09:43:50.584514	0	4	NO_helmet	no_helmet	0.6316	0.00	9.25	640.00	458.12	1
2026-02-26T09:43:50.584514	0	4	NO_helmet	no_helmet	0.6316	0.00	9.62	640.00	458.12	1
2026-02-26T09:43:50.657018	0	4	NO_helmet	no_helmet	0.6307	0.00	9.88	640.00	458.00	1
2026-02-26T09:43:50.658016	0	4	NO_helmet	no_helmet	0.6307	0.00	10.00	640.00	458.25	1
2026-02-26T09:43:50.737473	0	4	NO_helmet	no_helmet	0.6280	0.00	10.25	640.00	458.12	1
2026-02-26T09:43:50.740011	0	4	NO_helmet	no_helmet	0.6334	0.00	10.50	640.00	458.00	1
2026-02-26T09:43:50.822410	0	4	NO_helmet	no_helmet	0.6298	0.00	9.75	640.00	458.12	1
2026-02-26T09:43:50.823411	0	4	NO_helmet	no_helmet	0.6406	0.00	10.00	640.00	458.12	1
2026-02-26T09:43:50.888737	0	4	NO_helmet	no_helmet	0.6334	0.00	10.00	640.00	458.00	1
2026-02-26T09:43:50.889484	0	4	NO_helmet	no_helmet	0.6086	0.00	8.12	640.00	458.75	1
2026-02-26T09:43:50.956126	0	4	NO_helmet	no_helmet	0.6132	0.00	8.38	640.00	458.62	1
2026-02-26T09:43:50.973739	0	4	NO_helmet	no_helmet	0.6049	0.00	8.50	640.00	459.00	1
2026-02-26T09:43:51.054540	0	4	NO_helmet	no_helmet	0.6002	0.00	8.50	640.00	458.75	1
2026-02-26T09:43:51.056122	0	4	NO_helmet	no_helmet	0.6002	0.00	8.38	640.00	458.62	1
2026-02-26T09:43:51.143909	0	4	NO_helmet	no_helmet	0.6002	0.00	8.62	640.00	458.75	1
2026-02-26T09:43:51.145908	0	4	NO_helmet	no_helmet	0.5974	0.00	8.88	640.00	458.88	1
2026-02-26T09:43:51.233041	0	4	NO_helmet	no_helmet	0.6058	0.00	9.00	640.00	458.75	1
2026-02-26T09:43:51.234041	0	4	NO_helmet	no_helmet	0.6095	0.00	9.38	640.00	458.50	1
2026-02-26T09:43:51.317615	0	4	NO_helmet	no_helmet	0.6142	0.00	9.00	640.00	458.38	1
2026-02-26T09:43:51.319614	0	4	NO_helmet	no_helmet	0.6160	0.00	9.25	640.00	458.38	1
2026-02-26T09:43:51.402122	0	4	NO_helmet	no_helmet	0.6105	0.00	9.50	640.00	458.38	1
2026-02-26T09:43:51.404122	0	4	NO_helmet	no_helmet	0.6123	0.00	9.62	640.00	458.38	1
2026-02-26T09:43:51.523469	0	4	NO_helmet	no_helmet	0.6197	0.00	9.88	640.00	458.50	1
2026-02-26T09:43:51.527052	0	4	NO_helmet	no_helmet	0.6243	0.00	9.88	640.00	458.38	1
2026-02-26T09:43:51.529052	0	4	NO_helmet	no_helmet	0.6406	0.00	9.88	640.00	458.25	1
2026-02-26T09:43:51.627133	0	4	NO_helmet	no_helmet	0.6388	0.00	9.88	640.00	458.12	1
2026-02-26T09:43:51.627133	0	4	NO_helmet	no_helmet	0.6540	0.00	9.50	640.00	458.00	1
2026-02-26T09:43:51.627133	0	4	NO_helmet	no_helmet	0.6584	0.00	9.62	640.00	458.00	1
2026-02-26T09:43:51.711084	0	4	NO_helmet	no_helmet	0.6610	0.00	9.25	640.00	458.00	1
2026-02-26T09:43:51.723063	0	4	NO_helmet	no_helmet	0.6540	0.00	9.38	640.00	458.00	1
2026-02-26T09:43:51.808115	0	4	NO_helmet	no_helmet	0.6628	0.00	10.00	640.00	458.00	1
2026-02-26T09:43:51.808115	0	4	NO_helmet	no_helmet	0.6602	0.00	9.62	640.00	458.00	1
2026-02-26T09:43:51.909621	0	4	NO_helmet	no_helmet	0.6628	0.00	10.25	640.00	458.00	1
2026-02-26T09:43:51.909621	0	4	NO_helmet	no_helmet	0.6549	0.00	10.25	640.00	458.12	1
2026-02-26T09:43:51.909621	0	4	NO_helmet	no_helmet	0.6567	0.00	10.25	640.00	458.00	1
2026-02-26T09:43:51.989797	0	4	NO_helmet	no_helmet	0.6602	0.00	10.50	640.00	458.00	1
2026-02-26T09:43:52.006002	0	4	NO_helmet	no_helmet	0.6610	0.00	10.38	640.00	458.00	1
2026-02-26T09:43:52.117803	0	4	NO_helmet	no_helmet	0.6540	0.00	10.25	640.00	458.00	1
2026-02-26T09:43:52.119808	0	4	NO_helmet	no_helmet	0.6584	0.00	10.50	640.00	458.12	1
2026-02-26T09:43:52.119808	0	4	NO_helmet	no_helmet	0.6531	0.00	10.50	640.00	458.12	1
2026-02-26T09:43:52.206990	0	4	NO_helmet	no_helmet	0.6496	0.00	10.75	640.00	458.00	1
2026-02-26T09:43:52.206990	0	4	NO_helmet	no_helmet	0.6514	0.00	10.50	640.00	458.00	1
2026-02-26T09:43:52.262592	0	4	NO_helmet	no_helmet	0.6654	0.00	10.25	640.00	458.12	1
2026-02-26T09:43:52.325775	0	4	NO_helmet	no_helmet	0.6697	0.00	10.00	640.00	458.25	1
2026-02-26T09:43:52.511425	0	4	NO_helmet	no_helmet	0.6766	0.00	9.62	640.00	458.25	1
2026-02-26T09:43:52.579183	0	4	NO_helmet	no_helmet	0.6809	0.00	9.62	640.00	458.12	1
2026-02-26T09:43:52.581471	0	4	NO_helmet	no_helmet	0.6860	0.00	9.88	640.00	458.25	1
2026-02-26T09:43:52.582472	0	4	NO_helmet	no_helmet	0.6775	0.00	9.75	640.00	458.25	1
2026-02-26T09:43:52.584471	0	4	NO_helmet	no_helmet	0.6749	0.00	10.00	640.00	458.00	1
2026-02-26T09:43:52.639556	0	4	NO_helmet	no_helmet	0.6775	0.00	10.00	640.00	458.25	1
2026-02-26T09:43:52.640836	0	4	NO_helmet	no_helmet	0.6792	0.00	9.88	640.00	458.00	1
2026-02-26T09:43:52.642837	0	4	NO_helmet	no_helmet	0.6800	0.00	10.00	640.00	458.00	1
2026-02-26T09:43:52.643837	0	4	NO_helmet	no_helmet	0.6885	0.00	10.00	640.00	458.00	1
2026-02-26T09:43:52.732564	0	4	NO_helmet	no_helmet	0.6893	0.00	10.00	640.00	458.50	1
2026-02-26T09:43:52.734564	0	4	NO_helmet	no_helmet	0.6951	0.00	10.12	640.00	458.38	1
2026-02-26T09:43:52.839694	0	4	NO_helmet	no_helmet	0.6860	0.00	10.50	640.00	458.25	1
2026-02-26T09:43:52.839694	0	4	NO_helmet	no_helmet	0.6843	0.00	10.50	640.00	458.12	1
2026-02-26T09:43:52.839694	0	4	NO_helmet	no_helmet	0.6775	0.00	10.50	640.00	458.38	1
2026-02-26T09:43:52.930383	0	4	NO_helmet	no_helmet	0.6851	0.00	11.12	640.00	458.25	1
2026-02-26T09:43:52.930383	0	4	NO_helmet	no_helmet	0.7033	0.00	12.38	640.00	457.50	1
2026-02-26T09:43:53.020809	0	4	NO_helmet	no_helmet	0.7058	0.00	12.25	640.00	457.50	1
2026-02-26T09:43:53.021969	0	4	NO_helmet	no_helmet	0.7074	0.00	12.50	640.00	457.50	1
2026-02-26T09:43:53.139593	0	4	NO_helmet	no_helmet	0.7098	0.00	12.12	640.00	457.50	1
2026-02-26T09:43:53.139593	0	4	NO_helmet	no_helmet	0.7066	0.00	12.50	640.00	457.50	1
2026-02-26T09:43:53.139593	0	4	NO_helmet	no_helmet	0.7122	0.00	12.00	640.00	457.50	1
2026-02-26T09:43:53.139593	0	4	NO_helmet	no_helmet	0.7114	0.00	11.88	640.00	457.75	1
2026-02-26T09:43:53.223130	0	4	NO_helmet	no_helmet	0.7098	0.00	12.25	640.00	457.50	1
2026-02-26T09:43:53.238405	0	4	NO_helmet	no_helmet	0.7066	0.00	12.12	640.00	457.62	1
2026-02-26T09:43:53.325589	0	4	NO_helmet	no_helmet	0.7017	0.00	12.50	640.00	457.62	1
2026-02-26T09:43:53.325589	0	4	NO_helmet	no_helmet	0.7066	0.00	12.25	640.00	457.50	1
2026-02-26T09:43:53.422964	0	4	NO_helmet	no_helmet	0.7098	0.00	12.12	640.00	457.62	1
2026-02-26T09:43:53.422964	0	4	NO_helmet	no_helmet	0.7074	0.00	12.25	640.00	457.50	1
2026-02-26T09:43:53.439564	0	4	NO_helmet	no_helmet	0.7050	0.00	12.62	640.00	457.50	1
2026-02-26T09:43:53.538254	0	4	NO_helmet	no_helmet	0.7106	0.00	12.62	640.00	457.62	1
2026-02-26T09:43:53.539257	0	4	NO_helmet	no_helmet	0.7050	0.00	12.75	640.00	457.75	1
2026-02-26T09:43:53.647383	0	4	NO_helmet	no_helmet	0.7074	0.00	13.00	640.00	457.50	1
2026-02-26T09:43:53.649382	0	4	NO_helmet	no_helmet	0.7090	0.00	12.88	640.00	457.62	1
2026-02-26T09:43:53.650383	0	4	NO_helmet	no_helmet	0.7066	0.00	12.75	640.00	457.62	1
2026-02-26T09:43:53.735417	0	4	NO_helmet	no_helmet	0.7033	0.00	13.00	640.00	457.62	1
2026-02-26T09:43:53.737417	0	4	NO_helmet	no_helmet	0.7009	0.00	12.88	640.00	457.88	1
2026-02-26T09:43:53.842794	0	4	NO_helmet	no_helmet	0.7106	0.00	12.75	640.00	457.50	1
2026-02-26T09:43:53.844795	0	4	NO_helmet	no_helmet	0.7122	0.00	12.88	640.00	457.50	1
2026-02-26T09:43:53.846796	0	4	NO_helmet	no_helmet	0.7090	0.00	13.12	640.00	457.50	1
2026-02-26T09:43:53.932092	0	4	NO_helmet	no_helmet	0.7146	0.00	13.00	640.00	457.50	1
2026-02-26T09:43:53.932092	0	4	NO_helmet	no_helmet	0.7154	0.00	13.12	640.00	457.50	1
2026-02-26T09:43:54.046870	0	4	NO_helmet	no_helmet	0.7217	0.00	12.75	640.00	457.50	1
2026-02-26T09:43:54.048880	0	4	NO_helmet	no_helmet	0.7217	0.00	12.75	640.00	457.50	1
2026-02-26T09:43:54.051701	0	4	NO_helmet	no_helmet	0.7217	0.00	12.75	640.00	457.50	1
2026-02-26T09:43:54.142391	0	4	NO_helmet	no_helmet	0.7241	0.00	12.88	640.00	457.50	1
2026-02-26T09:43:54.144392	0	4	NO_helmet	no_helmet	0.7202	0.00	13.00	640.00	457.50	1
2026-02-26T09:43:54.246503	0	4	NO_helmet	no_helmet	0.7186	0.00	12.88	640.00	457.50	1
2026-02-26T09:43:54.248503	0	4	NO_helmet	no_helmet	0.7146	0.00	13.12	640.00	457.62	1
2026-02-26T09:43:54.249504	0	4	NO_helmet	no_helmet	0.7146	0.00	13.00	640.00	457.50	1
2026-02-26T09:43:54.318363	0	4	NO_helmet	no_helmet	0.7194	0.00	12.75	640.00	457.38	1
2026-02-26T09:43:54.461984	0	4	NO_helmet	no_helmet	0.7122	0.00	13.12	640.00	457.50	1
2026-02-26T09:43:54.502464	0	4	NO_helmet	no_helmet	0.7130	0.00	13.00	640.00	457.50	1
2026-02-26T09:43:54.520387	0	4	NO_helmet	no_helmet	0.7090	0.00	13.00	640.00	457.38	1
2026-02-26T09:43:54.521387	0	4	NO_helmet	no_helmet	0.7066	0.00	13.12	640.00	457.62	1
2026-02-26T09:43:54.522819	0	4	NO_helmet	no_helmet	0.7090	0.00	12.88	640.00	457.50	1
2026-02-26T09:43:54.628054	0	4	NO_helmet	no_helmet	0.7114	0.00	12.88	640.00	457.50	1
2026-02-26T09:43:54.628054	0	4	NO_helmet	no_helmet	0.7146	0.00	12.88	640.00	457.50	1
2026-02-26T09:43:54.628054	0	4	NO_helmet	no_helmet	0.7217	0.00	12.88	640.00	457.25	1
2026-02-26T09:43:54.628054	0	4	NO_helmet	no_helmet	0.7233	0.00	12.50	640.00	457.25	1
2026-02-26T09:43:54.709202	0	4	NO_helmet	no_helmet	0.7186	0.00	12.75	640.00	457.38	1
2026-02-26T09:43:54.709202	0	4	NO_helmet	no_helmet	0.7241	0.00	12.75	640.00	457.50	1
2026-02-26T09:43:54.802958	0	4	NO_helmet	no_helmet	0.7210	0.00	12.75	640.00	457.25	1
2026-02-26T09:43:54.803957	0	4	NO_helmet	no_helmet	0.7217	0.00	12.88	640.00	457.25	1
2026-02-26T09:43:54.889648	0	4	NO_helmet	no_helmet	0.7138	0.00	13.25	640.00	457.38	1
2026-02-26T09:43:54.905891	0	4	NO_helmet	no_helmet	0.7106	0.00	13.38	640.00	457.25	1
2026-02-26T09:43:55.007832	0	4	NO_helmet	no_helmet	0.6910	0.00	13.25	640.00	456.88	1
2026-02-26T09:43:55.022538	0	4	NO_helmet	no_helmet	0.7009	0.00	12.75	640.00	456.75	1
2026-02-26T09:43:55.022861	0	4	NO_helmet	no_helmet	0.7009	0.00	12.75	640.00	456.75	1
2026-02-26T09:43:55.119637	0	4	NO_helmet	no_helmet	0.7001	0.00	12.62	640.00	456.75	1
2026-02-26T09:43:55.121642	0	4	NO_helmet	no_helmet	0.6868	0.00	13.12	640.00	456.75	1
2026-02-26T09:43:55.122552	0	4	NO_helmet	no_helmet	0.6951	0.00	13.00	640.00	456.88	1
2026-02-26T09:43:55.222614	0	4	NO_helmet	no_helmet	0.6951	0.00	13.00	640.00	457.00	1
2026-02-26T09:43:55.239199	0	4	NO_helmet	no_helmet	0.6976	0.00	13.00	640.00	456.88	1
2026-02-26T09:43:55.239516	0	4	NO_helmet	no_helmet	0.7009	0.00	12.88	640.00	456.88	1
2026-02-26T09:43:55.325532	0	4	NO_helmet	no_helmet	0.7033	0.00	13.00	640.00	457.00	1
2026-02-26T09:43:55.339185	0	4	NO_helmet	no_helmet	0.6976	0.00	12.88	640.00	456.88	1
2026-02-26T09:43:55.448216	0	4	NO_helmet	no_helmet	0.6910	0.00	12.88	640.00	456.88	1
2026-02-26T09:43:55.450216	0	4	NO_helmet	no_helmet	0.6960	0.00	13.00	640.00	456.75	1
2026-02-26T09:43:55.452215	0	4	NO_helmet	no_helmet	0.6951	0.00	13.25	640.00	456.75	1
2026-02-26T09:43:55.558951	0	4	NO_helmet	no_helmet	0.7001	0.00	13.00	640.00	456.88	1
2026-02-26T09:43:55.560952	0	4	NO_helmet	no_helmet	0.6968	0.00	12.75	640.00	456.88	1
2026-02-26T09:43:55.562953	0	4	NO_helmet	no_helmet	0.6893	0.00	13.50	640.00	456.88	1
2026-02-26T09:43:55.648154	0	4	NO_helmet	no_helmet	0.6901	0.00	13.38	640.00	456.88	1
2026-02-26T09:43:55.650945	0	4	NO_helmet	no_helmet	0.6876	0.00	13.75	640.00	456.75	1
2026-02-26T09:43:55.738125	0	4	NO_helmet	no_helmet	0.6910	0.00	13.50	640.00	456.88	1
2026-02-26T09:43:55.739573	0	4	NO_helmet	no_helmet	0.6926	0.00	13.38	640.00	456.88	1
2026-02-26T09:43:55.851595	0	4	NO_helmet	no_helmet	0.6868	0.00	13.38	640.00	456.88	1
2026-02-26T09:43:55.857372	0	4	NO_helmet	no_helmet	0.6860	0.00	13.38	640.00	456.88	1
2026-02-26T09:43:55.857372	0	4	NO_helmet	no_helmet	0.6910	0.00	13.75	640.00	456.75	1
2026-02-26T09:43:55.958062	0	4	NO_helmet	no_helmet	0.6876	0.00	13.88	640.00	456.75	1
2026-02-26T09:43:55.958062	0	4	NO_helmet	no_helmet	0.6935	0.00	14.00	640.00	456.75	1
2026-02-26T09:43:55.958062	0	4	NO_helmet	no_helmet	0.6868	0.00	13.75	640.00	456.88	1
2026-02-26T09:43:56.050085	0	4	NO_helmet	no_helmet	0.6876	0.00	13.88	640.00	456.75	1
2026-02-26T09:43:56.052084	0	4	NO_helmet	no_helmet	0.6680	0.00	14.25	640.00	456.62	1
2026-02-26T09:43:56.133623	0	4	NO_helmet	no_helmet	0.6723	0.00	14.00	640.00	456.75	1
2026-02-26T09:43:56.135624	0	4	NO_helmet	no_helmet	0.6715	0.00	13.62	640.00	456.75	1
2026-02-26T09:43:56.218839	0	4	NO_helmet	no_helmet	0.6809	0.00	13.75	640.00	456.88	1
2026-02-26T09:43:56.220840	0	4	NO_helmet	no_helmet	0.6740	0.00	13.75	640.00	456.75	1
2026-02-26T09:43:56.290182	0	4	NO_helmet	no_helmet	0.6758	0.00	13.62	640.00	456.88	1
2026-02-26T09:43:56.368093	0	4	NO_helmet	no_helmet	0.6723	0.00	13.38	640.00	456.75	1
2026-02-26T09:43:56.438390	0	4	NO_helmet	no_helmet	0.6715	0.00	13.50	640.00	456.88	1
2026-02-26T09:43:56.495064	0	4	NO_helmet	no_helmet	0.6663	0.00	13.62	640.00	456.88	1
2026-02-26T09:43:56.495064	0	4	NO_helmet	no_helmet	0.6697	0.00	13.62	640.00	456.88	1
2026-02-26T09:43:56.495064	0	4	NO_helmet	no_helmet	0.6689	0.00	13.62	640.00	456.88	1
2026-02-26T09:43:56.495064	0	4	NO_helmet	no_helmet	0.6809	0.00	13.62	640.00	456.88	1
2026-02-26T09:43:56.572478	0	4	NO_helmet	no_helmet	0.6826	0.00	13.12	640.00	456.88	1
2026-02-26T09:43:56.572478	0	4	NO_helmet	no_helmet	0.6885	0.00	13.12	640.00	456.88	1
2026-02-26T09:43:56.679611	0	4	NO_helmet	no_helmet	0.6792	0.00	13.00	640.00	456.88	1
2026-02-26T09:43:56.679611	0	4	NO_helmet	no_helmet	0.6740	0.00	13.38	640.00	456.88	1
2026-02-26T09:43:56.679611	0	4	NO_helmet	no_helmet	0.6671	0.00	13.25	640.00	456.88	1
2026-02-26T09:43:56.759086	0	4	NO_helmet	no_helmet	0.6663	0.00	13.88	640.00	456.75	1
2026-02-26T09:43:56.759086	0	4	NO_helmet	no_helmet	0.6593	0.00	13.62	640.00	457.00	1
2026-02-26T09:43:56.851132	0	4	NO_helmet	no_helmet	0.6637	0.00	13.75	640.00	456.75	1
2026-02-26T09:43:56.853131	0	4	NO_helmet	no_helmet	0.6619	0.00	13.62	640.00	457.12	1
2026-02-26T09:43:56.933940	0	4	NO_helmet	no_helmet	0.6637	0.00	13.50	640.00	457.00	1
2026-02-26T09:43:56.934941	0	4	NO_helmet	no_helmet	0.7122	0.00	13.62	640.00	457.00	1
2026-02-26T09:43:57.035070	0	4	NO_helmet	no_helmet	0.7186	0.00	9.25	639.50	456.38	1
2026-02-26T09:43:57.037075	0	4	NO_helmet	no_helmet	0.7225	0.00	14.25	640.00	457.00	1
2026-02-26T09:43:57.038579	0	4	NO_helmet	no_helmet	0.7256	0.00	14.12	640.00	457.12	1
2026-02-26T09:43:57.124790	0	4	NO_helmet	no_helmet	0.7194	0.00	14.38	640.00	457.25	1
2026-02-26T09:43:57.127789	0	4	NO_helmet	no_helmet	0.7225	0.00	14.38	640.00	457.12	1
2026-02-26T09:43:57.226426	0	4	NO_helmet	no_helmet	0.7217	0.00	13.62	640.00	457.25	1
2026-02-26T09:43:57.226426	0	4	NO_helmet	no_helmet	0.7217	0.00	14.00	640.00	457.12	1
2026-02-26T09:43:57.226426	0	4	NO_helmet	no_helmet	0.7210	0.00	14.00	640.00	457.25	1
2026-02-26T09:43:57.309801	0	4	NO_helmet	no_helmet	0.7217	0.00	13.88	640.00	457.25	1
2026-02-26T09:43:57.322743	0	4	NO_helmet	no_helmet	0.7225	0.00	13.88	640.00	457.25	1
2026-02-26T09:43:57.430638	0	4	NO_helmet	no_helmet	0.7194	0.00	14.12	640.00	457.25	1
2026-02-26T09:43:57.432639	0	4	NO_helmet	no_helmet	0.7082	0.00	14.25	640.00	457.38	1
2026-02-26T09:43:57.433638	0	4	NO_helmet	no_helmet	0.6926	0.00	14.88	640.00	457.38	1
2026-02-26T09:43:57.501202	0	4	NO_helmet	no_helmet	0.7001	0.00	14.62	640.00	457.25	1
2026-02-26T09:43:57.595333	0	4	NO_helmet	no_helmet	0.7025	0.00	14.62	640.00	457.50	1
2026-02-26T09:43:57.605910	0	4	NO_helmet	no_helmet	0.7066	0.00	14.12	640.00	457.50	1
2026-02-26T09:43:57.609258	0	4	NO_helmet	no_helmet	0.7122	0.00	14.12	640.00	457.38	1
2026-02-26T09:43:57.703456	0	4	NO_helmet	no_helmet	0.7146	0.00	13.75	640.00	457.38	1
2026-02-26T09:43:57.703456	0	4	NO_helmet	no_helmet	0.7162	0.00	13.38	640.00	457.38	1
2026-02-26T09:43:57.703456	0	4	NO_helmet	no_helmet	0.7210	0.00	13.25	640.00	457.25	1
2026-02-26T09:43:57.806372	0	4	NO_helmet	no_helmet	0.7217	0.00	13.25	640.00	457.38	1
2026-02-26T09:43:57.806372	0	4	NO_helmet	no_helmet	0.7256	0.00	13.50	640.00	457.50	1
2026-02-26T09:43:57.822782	0	4	NO_helmet	no_helmet	0.7217	0.00	13.88	640.00	457.50	1
2026-02-26T09:43:57.906112	0	4	NO_helmet	no_helmet	0.7194	0.00	13.75	640.00	457.38	1
2026-02-26T09:43:57.906112	0	4	NO_helmet	no_helmet	0.7186	0.00	14.00	640.00	457.62	1
2026-02-26T09:43:58.034211	0	4	NO_helmet	no_helmet	0.7233	0.00	14.12	640.00	457.62	1
2026-02-26T09:43:58.036215	0	4	NO_helmet	no_helmet	0.7170	0.00	14.62	640.00	457.38	1
2026-02-26T09:43:58.038220	0	4	NO_helmet	no_helmet	0.7090	0.00	14.75	640.00	457.62	1
2026-02-26T09:43:58.133020	0	4	NO_helmet	no_helmet	0.7154	0.00	13.62	640.00	457.50	1
2026-02-26T09:43:58.133020	0	4	NO_helmet	no_helmet	0.7194	0.00	13.25	640.00	457.62	1
2026-02-26T09:43:58.208606	0	4	NO_helmet	no_helmet	0.7162	0.00	13.88	640.00	457.62	1
2026-02-26T09:43:58.208606	0	4	NO_helmet	no_helmet	0.7146	0.00	14.00	640.00	457.50	1
2026-02-26T09:43:58.308699	0	4	NO_helmet	no_helmet	0.7098	0.00	14.12	640.00	457.62	1
2026-02-26T09:43:58.308699	0	4	NO_helmet	no_helmet	0.7098	0.00	13.62	640.00	457.62	1
2026-02-26T09:43:58.453831	0	4	NO_helmet	no_helmet	0.7082	0.00	14.12	640.00	457.75	1
2026-02-26T09:43:58.509595	0	4	NO_helmet	no_helmet	0.7082	0.00	13.88	640.00	457.75	1
2026-02-26T09:43:58.523766	0	4	NO_helmet	no_helmet	0.7098	0.00	14.12	640.00	457.75	1
2026-02-26T09:43:58.523766	0	4	NO_helmet	no_helmet	0.7106	0.00	14.38	640.00	457.75	1
2026-02-26T09:43:58.523766	0	4	NO_helmet	no_helmet	0.7138	0.00	14.12	640.00	457.88	1
2026-02-26T09:43:58.636257	0	4	NO_helmet	no_helmet	0.7170	0.00	13.75	640.00	457.75	1
2026-02-26T09:43:58.637839	0	4	NO_helmet	no_helmet	0.7249	0.00	13.62	640.00	457.75	1
2026-02-26T09:43:58.638925	0	4	NO_helmet	no_helmet	0.7249	0.00	13.25	640.00	457.88	1
2026-02-26T09:43:58.748254	0	4	NO_helmet	no_helmet	0.7210	0.00	13.75	640.00	458.00	1
2026-02-26T09:43:58.750255	0	4	NO_helmet	no_helmet	0.7217	0.00	14.00	640.00	457.75	1
2026-02-26T09:43:58.751255	0	4	NO_helmet	no_helmet	0.7303	0.00	14.00	640.00	457.75	1
2026-02-26T09:43:58.848204	0	4	NO_helmet	no_helmet	0.7318	0.00	13.75	640.00	457.75	1
2026-02-26T09:43:58.850202	0	4	NO_helmet	no_helmet	0.7287	0.00	13.88	640.00	458.00	1
2026-02-26T09:43:58.852203	0	4	NO_helmet	no_helmet	0.7295	0.00	8.12	640.00	457.50	1
2026-02-26T09:43:58.955684	0	4	NO_helmet	no_helmet	0.7249	0.00	13.75	640.00	458.00	1
2026-02-26T09:43:58.955684	0	4	NO_helmet	no_helmet	0.6792	0.00	6.38	640.00	457.38	1
2026-02-26T09:43:58.955684	0	4	NO_helmet	no_helmet	0.6809	0.00	11.00	640.00	458.00	1
2026-02-26T09:43:59.051636	0	4	NO_helmet	no_helmet	0.6809	0.00	11.50	640.00	458.00	1
2026-02-26T09:43:59.056108	0	4	NO_helmet	no_helmet	0.6851	0.00	11.38	640.00	458.00	1
2026-02-26T09:43:59.135235	0	4	NO_helmet	no_helmet	0.6826	0.00	11.50	640.00	458.12	1
2026-02-26T09:43:59.137240	0	4	NO_helmet	no_helmet	0.6740	0.00	11.75	640.00	458.25	1
2026-02-26T09:43:59.226372	0	4	NO_helmet	no_helmet	0.6749	0.00	11.88	640.00	458.00	1
2026-02-26T09:43:59.227372	0	4	NO_helmet	no_helmet	0.6792	0.00	11.75	640.00	458.12	1
2026-02-26T09:43:59.338996	0	4	NO_helmet	no_helmet	0.6766	0.00	11.88	640.00	458.12	1
2026-02-26T09:43:59.340910	0	4	NO_helmet	no_helmet	0.6800	0.00	11.75	640.00	458.00	1
2026-02-26T09:43:59.342910	0	4	NO_helmet	no_helmet	0.6834	0.00	11.75	640.00	458.00	1
2026-02-26T09:43:59.432632	0	4	NO_helmet	no_helmet	0.6826	0.00	11.88	640.00	458.12	1
2026-02-26T09:43:59.434824	0	4	NO_helmet	no_helmet	0.6851	0.00	11.25	640.00	458.00	1
2026-02-26T09:43:59.436828	0	4	NO_helmet	no_helmet	0.6876	0.00	11.50	640.00	457.88	1
2026-02-26T09:43:59.549324	0	4	NO_helmet	no_helmet	0.6817	0.00	11.12	640.00	457.75	1
2026-02-26T09:43:59.551328	0	4	NO_helmet	no_helmet	0.6851	0.00	11.00	640.00	458.00	1
2026-02-26T09:43:59.551328	0	4	NO_helmet	no_helmet	0.6860	0.00	11.00	640.00	458.00	1
2026-02-26T09:43:59.637158	0	4	NO_helmet	no_helmet	0.6868	0.00	11.00	640.00	458.25	1
2026-02-26T09:43:59.639459	0	4	NO_helmet	no_helmet	0.6860	0.00	11.00	640.00	458.12	1
2026-02-26T09:43:59.740855	0	4	NO_helmet	no_helmet	0.6876	0.00	10.88	640.00	458.00	1
2026-02-26T09:43:59.740855	0	4	NO_helmet	no_helmet	0.6766	0.00	11.12	640.00	458.00	1
2026-02-26T09:43:59.740855	0	4	NO_helmet	no_helmet	0.6766	0.00	11.25	640.00	458.00	1
2026-02-26T09:43:59.851401	0	4	NO_helmet	no_helmet	0.6740	0.00	11.38	640.00	458.00	1
2026-02-26T09:43:59.853406	0	4	NO_helmet	no_helmet	0.6637	0.00	11.75	640.00	458.00	1
2026-02-26T09:43:59.971073	0	4	NO_helmet	no_helmet	0.6584	0.00	12.00	640.00	458.12	1
2026-02-26T09:43:59.972649	0	4	NO_helmet	no_helmet	0.6619	0.00	12.00	640.00	458.12	1
2026-02-26T09:43:59.972649	0	4	NO_helmet	no_helmet	0.6505	0.00	12.12	640.00	458.12	1
2026-02-26T09:44:00.047485	0	4	NO_helmet	no_helmet	0.6505	0.00	12.25	640.00	458.00	1
2026-02-26T09:44:00.047485	0	4	NO_helmet	no_helmet	0.6361	0.00	12.75	640.00	458.00	1
2026-02-26T09:44:00.146457	0	4	NO_helmet	no_helmet	0.6514	0.00	12.38	640.00	458.00	1
2026-02-26T09:44:00.148458	0	4	NO_helmet	no_helmet	0.6487	0.00	12.38	640.00	458.00	1
2026-02-26T09:44:00.149930	0	4	NO_helmet	no_helmet	0.6514	0.00	12.12	640.00	458.00	1
2026-02-26T09:44:00.229817	0	4	NO_helmet	no_helmet	0.6451	0.00	12.38	640.00	458.25	1
2026-02-26T09:44:00.229817	0	4	NO_helmet	no_helmet	0.6540	0.00	12.50	640.00	458.12	1
2026-02-26T09:44:00.299479	0	4	NO_helmet	no_helmet	0.6593	0.00	12.00	640.00	458.25	1
2026-02-26T09:44:00.451434	0	4	NO_helmet	no_helmet	0.6654	0.00	11.75	640.00	458.25	1
2026-02-26T09:44:00.523729	0	4	NO_helmet	no_helmet	0.6602	0.00	12.00	640.00	458.12	1
2026-02-26T09:44:00.525750	0	4	NO_helmet	no_helmet	0.6540	0.00	11.75	640.00	458.25	1
2026-02-26T09:44:00.526408	0	4	NO_helmet	no_helmet	0.6531	0.00	11.75	640.00	458.00	1
2026-02-26T09:44:00.526408	0	4	NO_helmet	no_helmet	0.6478	0.00	12.12	640.00	458.12	1
2026-02-26T09:44:00.628480	0	4	NO_helmet	no_helmet	0.6522	0.00	12.00	640.00	458.25	1
2026-02-26T09:44:00.631097	0	4	NO_helmet	no_helmet	0.6593	0.00	11.75	640.00	458.12	1
2026-02-26T09:44:00.633105	0	4	NO_helmet	no_helmet	0.6567	0.00	11.62	640.00	458.25	1
2026-02-26T09:44:00.636104	0	4	NO_helmet	no_helmet	0.6549	0.00	11.62	640.00	458.12	1
2026-02-26T09:44:00.735324	0	4	NO_helmet	no_helmet	0.6602	0.00	12.00	640.00	458.38	1
2026-02-26T09:44:00.737325	0	4	NO_helmet	no_helmet	0.6593	0.00	11.62	640.00	458.25	1
2026-02-26T09:44:00.850048	0	4	NO_helmet	no_helmet	0.6593	0.00	12.12	640.00	458.12	1
2026-02-26T09:44:00.852047	0	4	NO_helmet	no_helmet	0.6531	0.00	12.12	640.00	458.12	1
2026-02-26T09:44:00.854049	0	4	NO_helmet	no_helmet	0.6451	0.00	12.50	640.00	458.25	1
2026-02-26T09:44:00.959579	0	4	NO_helmet	no_helmet	0.6415	0.00	12.12	640.00	458.12	1
2026-02-26T09:44:00.961324	0	4	NO_helmet	no_helmet	0.6567	0.00	12.50	640.00	457.88	1
2026-02-26T09:44:00.961324	0	4	NO_helmet	no_helmet	0.6540	0.00	12.50	640.00	458.00	1
2026-02-26T09:44:01.055769	0	4	NO_helmet	no_helmet	0.6663	0.00	12.75	640.00	458.00	1
2026-02-26T09:44:01.058770	0	4	NO_helmet	no_helmet	0.6715	0.00	12.88	640.00	458.00	1
2026-02-26T09:44:01.155468	0	4	NO_helmet	no_helmet	0.6637	0.00	13.12	640.00	457.88	1
2026-02-26T09:44:01.157677	0	4	NO_helmet	no_helmet	0.6715	0.00	12.75	640.00	457.88	1
2026-02-26T09:44:01.301331	0	4	NO_helmet	no_helmet	0.6783	0.00	12.50	640.00	458.00	1
2026-02-26T09:44:01.303331	0	4	NO_helmet	no_helmet	0.6826	0.00	12.88	640.00	457.88	1
2026-02-26T09:44:01.310252	0	4	NO_helmet	no_helmet	0.6901	0.00	12.25	640.00	458.00	1
2026-02-26T09:44:01.404846	0	4	NO_helmet	no_helmet	0.6885	0.00	12.38	640.00	457.88	1
2026-02-26T09:44:01.404846	0	4	NO_helmet	no_helmet	0.6766	0.00	12.38	640.00	457.88	1
2026-02-26T09:44:01.420813	0	4	NO_helmet	no_helmet	0.6851	0.00	12.12	640.00	457.88	1
2026-02-26T09:44:01.424613	0	4	NO_helmet	no_helmet	0.6843	0.00	11.88	640.00	457.88	1
2026-02-26T09:44:01.568000	0	4	NO_helmet	no_helmet	0.6809	0.00	12.00	640.00	457.88	1
2026-02-26T09:44:01.568000	0	4	NO_helmet	no_helmet	0.6758	0.00	12.00	640.00	457.88	1
2026-02-26T09:44:01.580934	0	4	NO_helmet	no_helmet	0.6783	0.00	11.75	640.00	458.00	1
2026-02-26T09:44:01.708211	0	4	NO_helmet	no_helmet	0.6809	0.00	11.75	640.00	457.88	1
2026-02-26T09:44:01.714212	0	4	NO_helmet	no_helmet	0.6893	0.00	11.38	640.00	457.88	1
2026-02-26T09:44:01.719094	0	4	NO_helmet	no_helmet	0.6851	0.00	11.25	640.00	457.88	1
2026-02-26T09:44:01.723696	0	4	NO_helmet	no_helmet	0.6910	0.00	10.88	640.00	458.00	1
2026-02-26T09:44:01.841745	0	4	NO_helmet	no_helmet	0.6868	0.00	11.12	640.00	458.00	1
2026-02-26T09:44:01.847304	0	4	NO_helmet	no_helmet	0.6976	0.00	10.88	640.00	458.00	1
2026-02-26T09:44:01.850304	0	4	NO_helmet	no_helmet	0.6926	0.00	11.12	640.00	458.00	1
2026-02-26T09:44:01.947361	0	4	NO_helmet	no_helmet	0.6851	0.00	11.50	640.00	458.12	1
2026-02-26T09:44:01.952382	0	4	NO_helmet	no_helmet	0.6826	0.00	11.62	640.00	458.00	1
2026-02-26T09:44:01.955872	0	4	NO_helmet	no_helmet	0.6901	0.00	11.88	640.00	458.00	1
2026-02-26T09:44:02.063656	0	4	NO_helmet	no_helmet	0.6809	0.00	11.62	640.00	458.00	1
2026-02-26T09:44:02.068656	0	4	NO_helmet	no_helmet	0.6968	0.00	11.00	640.00	458.00	1
2026-02-26T09:44:02.072714	0	4	NO_helmet	no_helmet	0.7009	0.00	11.12	640.00	458.00	1
2026-02-26T09:44:02.185583	0	4	NO_helmet	no_helmet	0.7001	0.00	11.12	640.00	458.00	1
2026-02-26T09:44:02.189583	0	4	NO_helmet	no_helmet	0.7017	0.00	11.00	640.00	458.00	1
2026-02-26T09:44:02.189583	0	4	NO_helmet	no_helmet	0.6968	0.00	10.62	640.00	458.12	1
2026-02-26T09:44:02.328711	0	4	NO_helmet	no_helmet	0.7009	0.00	10.62	640.00	458.00	1
2026-02-26T09:44:02.340002	0	4	NO_helmet	no_helmet	0.6993	0.00	10.25	640.00	457.88	1
2026-02-26T09:44:02.494003	0	4	NO_helmet	no_helmet	0.7009	0.00	10.25	640.00	458.00	1
2026-02-26T09:44:02.620020	0	4	NO_helmet	no_helmet	0.7017	0.00	10.38	640.00	457.88	1
2026-02-26T09:44:02.625742	0	4	NO_helmet	no_helmet	0.6935	0.00	10.62	640.00	457.88	1
2026-02-26T09:44:02.631741	0	4	NO_helmet	no_helmet	0.6876	0.00	10.50	640.00	458.00	1
2026-02-26T09:44:02.635900	0	4	NO_helmet	no_helmet	0.6885	0.00	10.88	640.00	458.00	1
2026-02-26T09:44:02.720750	0	4	NO_helmet	no_helmet	0.6918	0.00	10.75	640.00	457.88	1
2026-02-26T09:44:02.726596	0	4	NO_helmet	no_helmet	0.6951	0.00	10.62	640.00	457.88	1
2026-02-26T09:44:02.728596	0	4	NO_helmet	no_helmet	0.6960	0.00	10.75	640.00	457.88	1
2026-02-26T09:44:02.735596	0	4	NO_helmet	no_helmet	0.7017	0.00	10.62	640.00	457.62	1
2026-02-26T09:44:02.812093	0	4	NO_helmet	no_helmet	0.7050	0.00	10.50	640.00	457.75	1
2026-02-26T09:44:02.827945	0	4	NO_helmet	no_helmet	0.6984	0.00	10.50	640.00	458.00	1
2026-02-26T09:44:02.832897	0	4	NO_helmet	no_helmet	0.6968	0.00	10.25	640.00	457.88	1
2026-02-26T09:44:02.836944	0	4	NO_helmet	no_helmet	0.6960	0.00	10.50	640.00	458.00	1
2026-02-26T09:44:02.923286	0	4	NO_helmet	no_helmet	0.6951	0.00	10.62	640.00	458.00	1
2026-02-26T09:44:02.927285	0	4	NO_helmet	no_helmet	0.6926	0.00	10.75	640.00	458.00	1
2026-02-26T09:44:02.933034	0	4	NO_helmet	no_helmet	0.6910	0.00	10.88	640.00	457.88	1
2026-02-26T09:44:02.938819	0	4	NO_helmet	no_helmet	0.6715	0.00	11.25	640.00	457.12	1
2026-02-26T09:44:03.039480	0	4	NO_helmet	no_helmet	0.6689	0.00	10.88	640.00	457.25	1
2026-02-26T09:44:03.056259	0	4	NO_helmet	no_helmet	0.6628	0.00	11.12	640.00	457.12	1
2026-02-26T09:44:03.079301	0	4	NO_helmet	no_helmet	0.6697	0.00	11.25	640.00	457.25	1
2026-02-26T09:44:03.189383	0	4	NO_helmet	no_helmet	0.6766	0.00	10.88	640.00	457.38	1
2026-02-26T09:44:03.199865	0	4	NO_helmet	no_helmet	0.6783	0.00	10.88	640.00	457.38	1
2026-02-26T09:44:03.207281	0	4	NO_helmet	no_helmet	0.6792	0.00	11.00	640.00	457.38	1
2026-02-26T09:44:03.207281	0	4	NO_helmet	no_helmet	0.6792	0.00	10.75	640.00	457.38	1
2026-02-26T09:44:03.305803	0	4	NO_helmet	no_helmet	0.6706	0.00	11.00	640.00	457.38	1
2026-02-26T09:44:03.333612	0	4	NO_helmet	no_helmet	0.6723	0.00	10.88	640.00	457.62	1
2026-02-26T09:44:03.340554	0	4	NO_helmet	no_helmet	0.6671	0.00	11.00	640.00	457.38	1
2026-02-26T09:44:03.454510	0	4	NO_helmet	no_helmet	0.6697	0.00	10.75	640.00	457.38	1
2026-02-26T09:44:03.456102	0	4	NO_helmet	no_helmet	0.6628	0.00	11.00	640.00	457.38	1
2026-02-26T09:44:03.464283	0	4	NO_helmet	no_helmet	0.6671	0.00	11.12	640.00	457.50	1
2026-02-26T09:44:03.560601	0	4	NO_helmet	no_helmet	0.6766	0.00	10.88	640.00	457.38	1
2026-02-26T09:44:03.560601	0	4	NO_helmet	no_helmet	0.6826	0.00	10.38	640.00	457.50	1
2026-02-26T09:44:03.560601	0	4	NO_helmet	no_helmet	0.6775	0.00	10.62	640.00	457.50	1
2026-02-26T09:44:03.658329	0	4	NO_helmet	no_helmet	0.6740	0.00	11.00	640.00	457.50	1
2026-02-26T09:44:03.667918	0	4	NO_helmet	no_helmet	0.6723	0.00	11.00	640.00	457.50	1
2026-02-26T09:44:03.774343	0	4	NO_helmet	no_helmet	0.6732	0.00	11.12	640.00	457.38	1
2026-02-26T09:44:03.779334	0	4	NO_helmet	no_helmet	0.6715	0.00	11.12	640.00	457.50	1
2026-02-26T09:44:03.781333	0	4	NO_helmet	no_helmet	0.6637	0.00	11.38	640.00	457.38	1
2026-02-26T09:44:03.889975	0	4	NO_helmet	no_helmet	0.6558	0.00	11.38	640.00	457.50	1
2026-02-26T09:44:03.893975	0	4	NO_helmet	no_helmet	0.6654	0.00	11.25	640.00	457.50	1
2026-02-26T09:44:03.898656	0	4	NO_helmet	no_helmet	0.6540	0.00	11.38	640.00	457.50	1
2026-02-26T09:44:03.999176	0	4	NO_helmet	no_helmet	0.6531	0.00	11.25	640.00	457.62	1
2026-02-26T09:44:04.004177	0	4	NO_helmet	no_helmet	0.6567	0.00	11.50	640.00	457.38	1
2026-02-26T09:44:04.005497	0	4	NO_helmet	no_helmet	0.6610	0.00	11.50	640.00	457.38	1
2026-02-26T09:44:04.124275	0	4	NO_helmet	no_helmet	0.6671	0.00	11.12	640.00	457.38	1
2026-02-26T09:44:04.124275	0	4	NO_helmet	no_helmet	0.6645	0.00	11.25	640.00	457.38	1
2026-02-26T09:44:04.133315	0	4	NO_helmet	no_helmet	0.6680	0.00	11.12	640.00	457.38	1
2026-02-26T09:44:04.216872	0	4	NO_helmet	no_helmet	0.6663	0.00	11.25	640.00	457.50	1
2026-02-26T09:44:04.223941	0	4	NO_helmet	no_helmet	0.6663	0.00	11.25	640.00	457.50	1
2026-02-26T09:44:04.328654	0	4	NO_helmet	no_helmet	0.6732	0.00	11.12	640.00	457.38	1
2026-02-26T09:44:04.330245	0	4	NO_helmet	no_helmet	0.6697	0.00	10.88	640.00	457.50	1
2026-02-26T09:44:04.486332	0	4	NO_helmet	no_helmet	0.6637	0.00	11.50	640.00	457.50	1
2026-02-26T09:44:04.572190	0	4	NO_helmet	no_helmet	0.6637	0.00	11.38	640.00	457.50	1
2026-02-26T09:44:04.574194	0	4	NO_helmet	no_helmet	0.6654	0.00	11.38	640.00	457.50	1
2026-02-26T09:44:04.580940	0	4	NO_helmet	no_helmet	0.6715	0.00	11.38	640.00	457.38	1
2026-02-26T09:44:04.580940	0	4	NO_helmet	no_helmet	0.6715	0.00	11.38	640.00	457.38	1
2026-02-26T09:44:04.656196	0	4	NO_helmet	no_helmet	0.6706	0.00	11.25	640.00	457.38	1
2026-02-26T09:44:04.674181	0	4	NO_helmet	no_helmet	0.6671	0.00	11.38	640.00	457.50	1
2026-02-26T09:44:04.676181	0	4	NO_helmet	no_helmet	0.6732	0.00	11.12	640.00	457.50	1
2026-02-26T09:44:04.678181	0	4	NO_helmet	no_helmet	0.6766	0.00	11.00	640.00	457.62	1
2026-02-26T09:44:04.772756	0	4	NO_helmet	no_helmet	0.6826	0.00	10.50	640.00	457.62	1
2026-02-26T09:44:04.788018	0	4	NO_helmet	no_helmet	0.6826	0.00	10.50	640.00	457.50	1
2026-02-26T09:44:04.789418	0	4	NO_helmet	no_helmet	0.6766	0.00	10.62	640.00	457.50	1
2026-02-26T09:44:04.877143	0	4	NO_helmet	no_helmet	0.6758	0.00	11.12	640.00	457.62	1
2026-02-26T09:44:04.889579	0	4	NO_helmet	no_helmet	0.6775	0.00	11.25	640.00	457.50	1
2026-02-26T09:44:04.892578	0	4	NO_helmet	no_helmet	0.6792	0.00	11.25	640.00	457.50	1
2026-02-26T09:44:04.970808	0	4	NO_helmet	no_helmet	0.6868	0.00	9.88	640.00	457.12	1
2026-02-26T09:44:04.971807	0	4	NO_helmet	no_helmet	0.6893	0.00	10.38	640.00	457.12	1
2026-02-26T09:44:04.973810	0	4	NO_helmet	no_helmet	0.6926	0.00	10.00	640.00	457.12	1
2026-02-26T09:44:05.055961	0	4	NO_helmet	no_helmet	0.6809	0.00	10.12	640.00	457.12	1
2026-02-26T09:44:05.066049	0	4	NO_helmet	no_helmet	0.6766	0.00	10.25	640.00	457.12	1
2026-02-26T09:44:05.139426	0	4	NO_helmet	no_helmet	0.6766	0.00	10.38	640.00	457.12	1
2026-02-26T09:44:05.139426	0	4	NO_helmet	no_helmet	0.6749	0.00	10.50	640.00	457.12	1
2026-02-26T09:44:05.210374	0	4	NO_helmet	no_helmet	0.6893	0.00	10.50	640.00	457.38	1
2026-02-26T09:44:05.213373	0	4	NO_helmet	no_helmet	0.6758	0.00	10.62	640.00	457.50	1
2026-02-26T09:44:05.284264	0	4	NO_helmet	no_helmet	0.6783	0.00	10.62	640.00	457.25	1
2026-02-26T09:44:05.291759	0	4	NO_helmet	no_helmet	0.6697	0.00	10.75	640.00	457.25	1
2026-02-26T09:44:05.388629	0	4	NO_helmet	no_helmet	0.6783	0.00	10.75	640.00	457.25	1
2026-02-26T09:44:05.392804	0	4	NO_helmet	no_helmet	0.6851	0.00	10.50	640.00	457.25	1
2026-02-26T09:44:05.494699	0	4	NO_helmet	no_helmet	0.6860	0.00	10.62	640.00	457.25	1
2026-02-26T09:44:05.499699	0	4	NO_helmet	no_helmet	0.6918	0.00	10.75	640.00	457.25	1
2026-02-26T09:44:05.660272	0	4	NO_helmet	no_helmet	0.6960	0.00	10.75	640.00	457.25	1
2026-02-26T09:44:05.664723	0	4	NO_helmet	no_helmet	0.6926	0.00	10.88	640.00	457.25	1
2026-02-26T09:44:05.672469	0	4	NO_helmet	no_helmet	0.6935	0.00	11.50	640.00	457.25	1
2026-02-26T09:44:05.771663	0	4	NO_helmet	no_helmet	0.6910	0.00	11.38	640.00	457.25	1
2026-02-26T09:44:05.771663	0	4	NO_helmet	no_helmet	0.6951	0.00	11.25	640.00	457.12	1
2026-02-26T09:44:05.787408	0	4	NO_helmet	no_helmet	0.6885	0.00	11.38	640.00	457.12	1
2026-02-26T09:44:05.791386	0	4	NO_helmet	no_helmet	0.6893	0.00	11.75	640.00	457.25	1
2026-02-26T09:44:05.873107	0	4	NO_helmet	no_helmet	0.6935	0.00	11.62	640.00	457.12	1
2026-02-26T09:44:05.876107	0	4	NO_helmet	no_helmet	0.6960	0.00	11.88	640.00	457.25	1
2026-02-26T09:44:05.970506	0	4	NO_helmet	no_helmet	0.6926	0.00	12.00	640.00	457.25	1
2026-02-26T09:44:05.985995	0	4	NO_helmet	no_helmet	0.7001	0.00	11.88	640.00	457.12	1
2026-02-26T09:44:05.989811	0	4	NO_helmet	no_helmet	0.7017	0.00	11.75	640.00	457.12	1
2026-02-26T09:44:06.072221	0	4	NO_helmet	no_helmet	0.7042	0.00	11.62	640.00	456.88	1
2026-02-26T09:44:06.072221	0	4	NO_helmet	no_helmet	0.7033	0.00	11.88	640.00	457.12	1
2026-02-26T09:44:06.090854	0	4	NO_helmet	no_helmet	0.7082	0.00	11.88	640.00	456.88	1
2026-02-26T09:44:06.196097	0	4	NO_helmet	no_helmet	0.7098	0.00	11.75	640.00	457.12	1
2026-02-26T09:44:06.201097	0	4	NO_helmet	no_helmet	0.7122	0.00	11.88	640.00	457.12	1
2026-02-26T09:44:06.202098	0	4	NO_helmet	no_helmet	0.7138	0.00	11.62	640.00	457.00	1
2026-02-26T09:44:06.272573	0	4	NO_helmet	no_helmet	0.7178	0.00	11.50	640.00	456.88	1
2026-02-26T09:44:06.348900	0	4	NO_helmet	no_helmet	0.7210	0.00	11.38	640.00	456.88	1
2026-02-26T09:44:06.470751	0	4	NO_helmet	no_helmet	0.7233	0.00	11.50	640.00	457.00	1
2026-02-26T09:44:06.533402	0	4	NO_helmet	no_helmet	0.7241	0.00	11.38	640.00	456.88	1
2026-02-26T09:44:06.538404	0	4	NO_helmet	no_helmet	0.7217	0.00	11.50	640.00	456.75	1
2026-02-26T09:44:06.541072	0	4	NO_helmet	no_helmet	0.7210	0.00	11.50	640.00	456.88	1
2026-02-26T09:44:06.543072	0	4	NO_helmet	no_helmet	0.7225	0.00	11.50	640.00	456.88	1
2026-02-26T09:44:06.605943	0	4	NO_helmet	no_helmet	0.7225	0.00	11.38	640.00	456.88	1
2026-02-26T09:44:06.619414	0	4	NO_helmet	no_helmet	0.7233	0.00	11.88	640.00	456.75	1
2026-02-26T09:44:06.624280	0	4	NO_helmet	no_helmet	0.7186	0.00	12.00	640.00	456.75	1
2026-02-26T09:44:06.625966	0	4	NO_helmet	no_helmet	0.7186	0.00	12.38	640.00	456.88	1
2026-02-26T09:44:06.724096	0	4	NO_helmet	no_helmet	0.7217	0.00	12.38	640.00	456.75	1
2026-02-26T09:44:06.725984	0	4	NO_helmet	no_helmet	0.7202	0.00	12.62	640.00	456.75	1
2026-02-26T09:44:06.839173	0	4	NO_helmet	no_helmet	0.7233	0.00	12.62	640.00	456.62	1
2026-02-26T09:44:06.839173	0	4	NO_helmet	no_helmet	0.7225	0.00	12.62	640.00	456.75	1
2026-02-26T09:44:06.848400	0	4	NO_helmet	no_helmet	0.7225	0.00	12.75	640.00	456.62	1
2026-02-26T09:44:06.937317	0	4	NO_helmet	no_helmet	0.7178	0.00	12.62	640.00	456.75	1
2026-02-26T09:44:06.945747	0	4	NO_helmet	no_helmet	0.7349	0.00	9.62	640.00	456.38	1
2026-02-26T09:44:07.057833	0	4	NO_helmet	no_helmet	0.7379	0.00	9.25	640.00	456.62	1
2026-02-26T09:44:07.066482	0	4	NO_helmet	no_helmet	0.7394	0.00	9.12	639.75	456.50	1
2026-02-26T09:44:07.067341	0	4	NO_helmet	no_helmet	0.7303	0.00	9.00	640.00	456.38	1
2026-02-26T09:44:07.187030	0	4	NO_helmet	no_helmet	0.7225	0.00	8.88	640.00	456.38	1
2026-02-26T09:44:07.189122	0	4	NO_helmet	no_helmet	0.7186	0.00	8.75	639.75	456.38	1
2026-02-26T09:44:07.189122	0	4	NO_helmet	no_helmet	0.7178	0.00	8.50	640.00	456.38	1
2026-02-26T09:44:07.305836	0	4	NO_helmet	no_helmet	0.7170	0.00	8.50	640.00	456.38	1
2026-02-26T09:44:07.305836	0	4	NO_helmet	no_helmet	0.7106	0.00	8.62	640.00	456.38	1
2026-02-26T09:44:07.320517	0	4	NO_helmet	no_helmet	0.7090	0.00	9.00	640.00	456.38	1
2026-02-26T09:44:07.439307	0	4	NO_helmet	no_helmet	0.6976	0.00	9.00	640.00	456.25	1
2026-02-26T09:44:07.439307	0	4	NO_helmet	no_helmet	0.6968	0.00	9.00	640.00	456.25	1
2026-02-26T09:44:07.455171	0	4	NO_helmet	no_helmet	0.6876	0.00	8.88	640.00	456.50	1
2026-02-26T09:44:07.577435	0	4	NO_helmet	no_helmet	0.6918	0.00	9.12	640.00	456.25	1
2026-02-26T09:44:07.584356	0	4	NO_helmet	no_helmet	0.6715	0.00	9.38	640.00	456.38	1
2026-02-26T09:44:07.585350	0	4	NO_helmet	no_helmet	0.6800	0.00	9.12	640.00	456.38	1
2026-02-26T09:44:07.589685	0	4	NO_helmet	no_helmet	0.6783	0.00	9.25	640.00	456.38	1
2026-02-26T09:44:07.687663	0	4	NO_helmet	no_helmet	0.6817	0.00	8.88	640.00	456.50	1
2026-02-26T09:44:07.699987	0	4	NO_helmet	no_helmet	0.6783	0.00	9.25	640.00	456.38	1
2026-02-26T09:44:07.700904	0	4	NO_helmet	no_helmet	0.6740	0.00	9.12	640.00	456.50	1
2026-02-26T09:44:07.812631	0	4	NO_helmet	no_helmet	0.6809	0.00	9.12	640.00	456.50	1
2026-02-26T09:44:07.817632	0	4	NO_helmet	no_helmet	0.6826	0.00	9.38	640.00	456.50	1
2026-02-26T09:44:07.821967	0	4	NO_helmet	no_helmet	0.6775	0.00	9.38	640.00	456.50	1
2026-02-26T09:44:07.921262	0	4	NO_helmet	no_helmet	0.6758	0.00	9.25	640.00	456.50	1
2026-02-26T09:44:07.930742	0	4	NO_helmet	no_helmet	0.6723	0.00	9.75	640.00	456.50	1
2026-02-26T09:44:07.930742	0	4	NO_helmet	no_helmet	0.6775	0.00	9.62	640.00	456.50	1
2026-02-26T09:44:08.054472	0	4	NO_helmet	no_helmet	0.6680	0.00	9.88	640.00	456.62	1
2026-02-26T09:44:08.062158	0	4	NO_helmet	no_helmet	0.6697	0.00	9.75	640.00	456.50	1
2026-02-26T09:44:08.063351	0	4	NO_helmet	no_helmet	0.6680	0.00	9.50	640.00	456.38	1
2026-02-26T09:44:08.172618	0	4	NO_helmet	no_helmet	0.6723	0.00	9.25	640.00	456.38	1
2026-02-26T09:44:08.186998	0	4	NO_helmet	no_helmet	0.6715	0.00	13.62	640.00	457.38	1
2026-02-26T09:44:08.194579	0	4	NO_helmet	no_helmet	0.6680	0.00	13.50	640.00	457.38	1
2026-02-26T09:44:08.272538	0	4	NO_helmet	no_helmet	0.6637	0.00	13.88	640.00	457.38	1
2026-02-26T09:44:08.292062	0	4	NO_helmet	no_helmet	0.6706	0.00	13.25	640.00	457.50	1
2026-02-26T09:44:08.363823	0	4	NO_helmet	no_helmet	0.6663	0.00	13.62	640.00	457.25	1
2026-02-26T09:44:08.474049	0	4	NO_helmet	no_helmet	0.6706	0.00	13.62	640.00	457.25	1
2026-02-26T09:44:08.554435	0	4	NO_helmet	no_helmet	0.6715	0.00	13.62	640.00	457.38	1
2026-02-26T09:44:08.562624	0	4	NO_helmet	no_helmet	0.6680	0.00	13.62	640.00	457.38	1
2026-02-26T09:44:08.562624	0	4	NO_helmet	no_helmet	0.6680	0.00	14.00	640.00	457.50	1
2026-02-26T09:44:08.573464	0	4	NO_helmet	no_helmet	0.6689	0.00	13.75	640.00	457.38	1
2026-02-26T09:44:08.687423	0	4	NO_helmet	no_helmet	0.6749	0.00	13.38	640.00	457.25	1
2026-02-26T09:44:08.700047	0	4	NO_helmet	no_helmet	0.6749	0.00	13.25	640.00	457.25	1
2026-02-26T09:44:08.707170	0	4	NO_helmet	no_helmet	0.6809	0.00	12.88	640.00	457.25	1
2026-02-26T09:44:08.723736	0	4	NO_helmet	no_helmet	0.6868	0.00	12.88	640.00	457.25	1
2026-02-26T09:44:08.886755	0	4	NO_helmet	no_helmet	0.6868	0.00	12.88	640.00	457.25	1
2026-02-26T09:44:08.886755	0	4	NO_helmet	no_helmet	0.6834	0.00	12.88	640.00	457.25	1
2026-02-26T09:44:08.886755	0	4	NO_helmet	no_helmet	0.6809	0.00	12.62	640.00	457.12	1
2026-02-26T09:44:08.904316	0	4	NO_helmet	no_helmet	0.6800	0.00	13.00	640.00	457.25	1
2026-02-26T09:44:09.004013	0	4	NO_helmet	no_helmet	0.6901	0.00	12.25	640.00	457.25	1
2026-02-26T09:44:09.012466	0	4	NO_helmet	no_helmet	0.6893	0.00	12.38	640.00	457.25	1
2026-02-26T09:44:09.016466	0	4	NO_helmet	no_helmet	0.6901	0.00	11.25	640.00	457.38	1
2026-02-26T09:44:09.018466	0	4	NO_helmet	no_helmet	0.6943	0.00	11.12	640.00	457.12	1
2026-02-26T09:44:09.122505	0	4	NO_helmet	no_helmet	0.6951	0.00	11.25	640.00	457.25	1
2026-02-26T09:44:09.137627	0	4	NO_helmet	no_helmet	0.6984	0.00	7.38	639.75	456.38	1
2026-02-26T09:44:09.141654	0	4	NO_helmet	no_helmet	0.6943	0.00	11.25	640.00	457.38	1
2026-02-26T09:44:09.144658	0	4	NO_helmet	no_helmet	0.6868	0.00	12.00	640.00	457.25	1
2026-02-26T09:44:09.238365	0	4	NO_helmet	no_helmet	0.6935	0.00	11.50	640.00	457.25	1
2026-02-26T09:44:09.238365	0	4	NO_helmet	no_helmet	0.6935	0.00	11.38	640.00	457.25	1
2026-02-26T09:44:09.244231	0	4	NO_helmet	no_helmet	0.6968	0.00	11.12	640.00	457.25	1
2026-02-26T09:44:09.322596	0	4	NO_helmet	no_helmet	0.6968	0.00	11.00	640.00	457.25	1
2026-02-26T09:44:09.339339	0	4	NO_helmet	no_helmet	0.6968	0.00	10.88	640.00	457.25	1
2026-02-26T09:44:09.446962	0	4	NO_helmet	no_helmet	0.6960	0.00	10.62	640.00	457.38	1
2026-02-26T09:44:09.448962	0	4	NO_helmet	no_helmet	0.6943	0.00	10.88	640.00	457.25	1
2026-02-26T09:44:09.455762	0	4	NO_helmet	no_helmet	0.6960	0.00	10.75	640.00	457.38	1
2026-02-26T09:44:09.573858	0	4	NO_helmet	no_helmet	0.6935	0.00	10.75	640.00	457.50	1
2026-02-26T09:44:09.573858	0	4	NO_helmet	no_helmet	0.6918	0.00	11.00	640.00	457.38	1
2026-02-26T09:44:09.583377	0	4	NO_helmet	no_helmet	0.6960	0.00	11.00	640.00	457.50	1
2026-02-26T09:44:09.705788	0	4	NO_helmet	no_helmet	0.6901	0.00	11.25	640.00	457.38	1
2026-02-26T09:44:09.714020	0	4	NO_helmet	no_helmet	0.6993	0.00	7.00	639.75	456.50	1
2026-02-26T09:44:09.714962	0	4	NO_helmet	no_helmet	0.6984	0.00	10.88	640.00	457.38	1
2026-02-26T09:44:09.824959	0	4	NO_helmet	no_helmet	0.6951	0.00	6.75	640.00	456.62	1
2026-02-26T09:44:09.826663	0	4	NO_helmet	no_helmet	0.7009	0.00	7.00	640.00	456.75	1
2026-02-26T09:44:09.834090	0	4	NO_helmet	no_helmet	0.7066	0.00	6.88	640.00	456.62	1
2026-02-26T09:44:09.922472	0	4	NO_helmet	no_helmet	0.7098	0.00	6.88	640.00	456.75	1
2026-02-26T09:44:09.939134	0	4	NO_helmet	no_helmet	0.7098	0.00	7.00	640.00	456.75	1
2026-02-26T09:44:09.947092	0	4	NO_helmet	no_helmet	0.7017	0.00	7.12	640.00	456.75	1
2026-02-26T09:44:10.055884	0	4	NO_helmet	no_helmet	0.6993	0.00	7.25	640.00	456.75	1
2026-02-26T09:44:10.072589	0	4	NO_helmet	no_helmet	0.6960	0.00	11.62	640.00	457.62	1
2026-02-26T09:44:10.077133	0	4	NO_helmet	no_helmet	0.6935	0.00	7.38	640.00	456.62	1
2026-02-26T09:44:10.188959	0	4	NO_helmet	no_helmet	0.6951	0.00	7.62	639.75	456.75	1
2026-02-26T09:44:10.195901	0	4	NO_helmet	no_helmet	0.6943	0.00	7.25	639.75	456.88	1
2026-02-26T09:44:10.196603	0	4	NO_helmet	no_helmet	0.6826	0.00	12.12	640.00	457.50	1
2026-02-26T09:44:10.289055	0	4	NO_helmet	no_helmet	0.6918	0.00	7.38	639.75	456.88	1
2026-02-26T09:44:10.302684	0	4	NO_helmet	no_helmet	0.6860	0.00	12.00	640.00	457.75	1
2026-02-26T09:44:10.386653	0	4	NO_helmet	no_helmet	0.6876	0.00	11.75	640.00	457.75	1
2026-02-26T09:44:10.486563	0	4	NO_helmet	no_helmet	0.6860	0.00	11.75	640.00	457.62	1
2026-02-26T09:44:10.500218	0	4	NO_helmet	no_helmet	0.6926	0.00	6.88	639.75	456.88	1
2026-02-26T09:44:10.506153	0	4	NO_helmet	no_helmet	0.6943	0.00	11.50	640.00	457.88	1
2026-02-26T09:44:10.508152	0	4	NO_helmet	no_helmet	0.6984	0.00	6.88	639.75	457.00	1
2026-02-26T09:44:10.573270	0	4	NO_helmet	no_helmet	0.6960	0.00	7.25	640.00	457.12	1
2026-02-26T09:44:10.596358	0	4	NO_helmet	no_helmet	0.6860	0.00	7.38	639.75	457.25	1
2026-02-26T09:44:10.596358	0	4	NO_helmet	no_helmet	0.6876	0.00	7.00	639.75	457.25	1
2026-02-26T09:44:10.606723	0	4	NO_helmet	no_helmet	0.6809	0.00	11.62	640.00	458.00	1
2026-02-26T09:44:10.727287	0	4	NO_helmet	no_helmet	0.6723	0.00	11.88	640.00	457.88	1
2026-02-26T09:44:10.732285	0	4	NO_helmet	no_helmet	0.6689	0.00	12.50	640.00	457.88	1
2026-02-26T09:44:10.737290	0	4	NO_helmet	no_helmet	0.6645	0.00	12.38	640.00	457.88	1
2026-02-26T09:44:10.838202	0	4	NO_helmet	no_helmet	0.6628	0.00	12.00	640.00	457.88	1
2026-02-26T09:44:10.838202	0	4	NO_helmet	no_helmet	0.6706	0.00	12.25	640.00	458.00	1
2026-02-26T09:44:10.841609	0	4	NO_helmet	no_helmet	0.6732	0.00	11.88	640.00	457.75	1
2026-02-26T09:44:10.939406	0	4	NO_helmet	no_helmet	0.6868	0.00	12.12	640.00	457.75	1
2026-02-26T09:44:10.952499	0	4	NO_helmet	no_helmet	0.6758	0.00	12.25	640.00	457.62	1
2026-02-26T09:44:11.068621	0	4	NO_helmet	no_helmet	0.6843	0.00	11.88	640.00	457.50	1
2026-02-26T09:44:11.071622	0	4	NO_helmet	no_helmet	0.6926	0.00	12.00	640.00	457.62	1
2026-02-26T09:44:11.075406	0	4	NO_helmet	no_helmet	0.6943	0.00	12.38	640.00	457.62	1
2026-02-26T09:44:11.180068	0	4	NO_helmet	no_helmet	0.6885	0.00	12.00	640.00	457.50	1
2026-02-26T09:44:11.185069	0	4	NO_helmet	no_helmet	0.6868	0.00	12.38	640.00	457.62	1
2026-02-26T09:44:11.191069	0	4	NO_helmet	no_helmet	0.6876	0.00	11.75	640.00	457.62	1
2026-02-26T09:44:11.194068	0	4	NO_helmet	no_helmet	0.6868	0.00	12.12	640.00	457.50	1
2026-02-26T09:44:11.271373	0	4	NO_helmet	no_helmet	0.6817	0.00	11.75	640.00	457.62	1
2026-02-26T09:44:11.271373	0	4	NO_helmet	no_helmet	0.6766	0.00	11.88	640.00	457.62	1
2026-02-26T09:44:11.397817	0	4	NO_helmet	no_helmet	0.6775	0.00	12.00	640.00	457.50	1
2026-02-26T09:44:11.403819	0	4	NO_helmet	no_helmet	0.6766	0.00	12.12	640.00	457.75	1
2026-02-26T09:44:11.407234	0	4	NO_helmet	no_helmet	0.6732	0.00	12.12	640.00	457.50	1
2026-02-26T09:44:11.518503	0	4	NO_helmet	no_helmet	0.6783	0.00	12.12	640.00	457.50	1
2026-02-26T09:44:11.522504	0	4	NO_helmet	no_helmet	0.6826	0.00	11.75	640.00	457.62	1
2026-02-26T09:44:11.525366	0	4	NO_helmet	no_helmet	0.6826	0.00	12.12	640.00	457.50	1
2026-02-26T09:44:11.702814	0	4	NO_helmet	no_helmet	0.6715	0.00	12.12	640.00	457.38	1
2026-02-26T09:44:11.718995	0	4	NO_helmet	no_helmet	0.6775	0.00	12.38	640.00	457.38	1
2026-02-26T09:44:11.724444	0	4	NO_helmet	no_helmet	0.6671	0.00	12.12	640.00	457.50	1
2026-02-26T09:44:11.853247	0	4	NO_helmet	no_helmet	0.6689	0.00	12.38	640.00	457.25	1
2026-02-26T09:44:11.870078	0	4	NO_helmet	no_helmet	0.6469	0.00	13.12	640.00	457.50	1
2026-02-26T09:44:11.876834	0	4	NO_helmet	no_helmet	0.6379	0.00	13.50	640.00	457.38	1
2026-02-26T09:44:11.878836	0	4	NO_helmet	no_helmet	0.6206	0.00	13.25	640.00	457.38	1
2026-02-26T09:44:11.971854	0	4	NO_helmet	no_helmet	0.6114	0.00	14.38	640.00	457.50	1
2026-02-26T09:44:11.978163	0	4	NO_helmet	no_helmet	0.6151	0.00	8.38	640.00	457.38	1
2026-02-26T09:44:11.979007	0	4	NO_helmet	no_helmet	0.6132	0.00	8.00	640.00	457.25	1
2026-02-26T09:44:11.979007	0	4	NO_helmet	no_helmet	0.6142	0.00	7.75	640.00	457.38	1
2026-02-26T09:44:12.110235	0	4	NO_helmet	no_helmet	0.6234	0.00	7.62	640.00	457.25	1
2026-02-26T09:44:12.116669	0	4	NO_helmet	no_helmet	0.6160	0.00	7.62	640.00	457.25	1
2026-02-26T09:44:12.121742	0	4	NO_helmet	no_helmet	0.5993	0.00	7.75	640.00	457.25	1
2026-02-26T09:44:12.221434	0	4	NO_helmet	no_helmet	0.5708	0.00	8.00	640.00	457.25	1
2026-02-26T09:44:12.241017	0	4	NO_helmet	no_helmet	0.5554	0.00	8.12	640.00	457.38	1
2026-02-26T09:44:12.241017	0	4	NO_helmet	no_helmet	0.5400	0.00	8.62	640.00	457.62	1
2026-02-26T09:44:12.241017	0	4	NO_helmet	no_helmet	0.5341	0.00	8.50	640.00	457.75	1
2026-02-26T09:44:12.336365	0	4	NO_helmet	no_helmet	0.5137	0.00	9.12	640.00	457.62	1
2026-02-26T09:44:12.472082	0	4	NO_helmet	no_helmet	0.4951	0.00	10.12	640.00	457.50	1
2026-02-26T09:44:12.560519	0	4	NO_helmet	no_helmet	0.4893	0.00	10.12	640.00	457.50	1
2026-02-26T09:44:12.570521	0	4	NO_helmet	no_helmet	0.4795	0.00	10.50	640.00	457.62	1
2026-02-26T09:44:12.574892	0	4	NO_helmet	no_helmet	0.4834	0.00	10.25	640.00	457.62	1
2026-02-26T09:44:12.579892	0	4	NO_helmet	no_helmet	0.4990	0.00	10.38	640.00	457.62	1
2026-02-26T09:44:12.638951	0	4	NO_helmet	no_helmet	0.4824	0.00	10.50	640.00	457.62	1
2026-02-26T09:44:12.638951	0	4	NO_helmet	no_helmet	0.4600	0.00	10.75	640.00	457.50	1
2026-02-26T09:44:12.652757	0	4	NO_helmet	no_helmet	0.4542	0.00	10.38	640.00	457.62	1
2026-02-26T09:44:12.661047	0	4	NO_helmet	no_helmet	0.4523	0.00	10.50	640.00	457.38	1
2026-02-26T09:44:12.769125	0	4	NO_helmet	no_helmet	0.4620	0.00	10.38	640.00	457.50	1
2026-02-26T09:44:12.769125	0	4	NO_helmet	no_helmet	0.4620	0.00	10.50	640.00	457.62	1
2026-02-26T09:44:12.782590	0	4	NO_helmet	no_helmet	0.4678	0.00	10.00	640.00	457.50	1
2026-02-26T09:44:12.871350	0	4	NO_helmet	no_helmet	0.4698	0.00	10.25	640.00	457.50	1
2026-02-26T09:44:12.887916	0	4	NO_helmet	no_helmet	0.4698	0.00	10.00	640.00	457.62	1
2026-02-26T09:44:12.892201	0	4	NO_helmet	no_helmet	0.4756	0.25	0.12	640.00	459.00	1
2026-02-26T09:44:13.002001	0	4	NO_helmet	no_helmet	0.3895	0.00	10.88	640.00	457.12	1
2026-02-26T09:44:13.005001	0	4	NO_helmet	no_helmet	0.3748	0.00	11.25	640.00	457.25	1
2026-02-26T09:44:13.005001	0	4	NO_helmet	no_helmet	0.3858	0.00	11.00	640.00	457.38	1
2026-02-26T09:44:13.105986	0	4	NO_helmet	no_helmet	0.3794	0.00	11.25	640.00	457.25	1
2026-02-26T09:44:13.122343	0	4	NO_helmet	no_helmet	0.3766	0.00	11.25	640.00	457.25	1
2026-02-26T09:44:13.134390	0	4	NO_helmet	no_helmet	0.3657	0.00	11.75	640.00	457.25	1
2026-02-26T09:44:13.255686	0	4	NO_helmet	no_helmet	0.3702	0.00	11.50	640.00	457.12	1
2026-02-26T09:44:13.279794	0	4	NO_helmet	no_helmet	0.3775	0.00	11.38	640.00	457.25	1
2026-02-26T09:44:13.289419	0	4	NO_helmet	no_helmet	0.3905	0.00	11.38	640.00	457.38	1
2026-02-26T09:44:13.388900	0	4	NO_helmet	no_helmet	0.3961	0.00	10.75	640.00	457.50	1
2026-02-26T09:44:13.388900	0	4	NO_helmet	no_helmet	0.3923	0.00	11.00	640.00	457.38	1
2026-02-26T09:44:13.398615	0	4	NO_helmet	no_helmet	0.3812	0.00	10.62	640.00	457.50	1
2026-02-26T09:44:13.398615	0	4	NO_helmet	no_helmet	0.3766	0.00	11.12	640.00	457.50	1
2026-02-26T09:44:13.505811	0	4	NO_helmet	no_helmet	0.3785	0.00	10.88	640.00	457.38	1
2026-02-26T09:44:13.529768	0	4	NO_helmet	no_helmet	0.3821	0.00	11.25	640.00	457.25	1
2026-02-26T09:44:13.529768	0	4	NO_helmet	no_helmet	0.3858	0.00	11.50	640.00	457.25	1
2026-02-26T09:44:13.655801	0	4	NO_helmet	no_helmet	0.3961	0.00	11.12	640.00	457.38	1
2026-02-26T09:44:13.662097	0	4	NO_helmet	no_helmet	0.3998	0.00	11.12	640.00	457.25	1
2026-02-26T09:44:13.663485	0	4	NO_helmet	no_helmet	0.4054	0.00	11.12	639.75	457.25	1
2026-02-26T09:44:13.755518	0	4	NO_helmet	no_helmet	0.3868	0.00	11.00	639.75	457.38	1
2026-02-26T09:44:13.755518	0	4	NO_helmet	no_helmet	0.3757	0.00	11.25	640.00	457.50	1
2026-02-26T09:44:13.773831	0	4	NO_helmet	no_helmet	0.3821	0.00	11.25	640.00	457.50	1
2026-02-26T09:44:13.870785	0	4	NO_helmet	no_helmet	0.3693	0.00	11.38	640.00	457.50	1
2026-02-26T09:44:13.888515	0	4	NO_helmet	no_helmet	0.3720	0.00	11.50	640.00	457.25	1
2026-02-26T09:44:13.894137	0	4	NO_helmet	no_helmet	0.3868	0.00	11.50	640.00	457.50	1
2026-02-26T09:44:13.971299	0	4	NO_helmet	no_helmet	0.3840	0.00	11.38	640.00	457.62	1
2026-02-26T09:44:13.971299	0	4	NO_helmet	no_helmet	0.3648	0.00	12.00	640.00	457.62	1
2026-02-26T09:44:14.092661	0	4	NO_helmet	no_helmet	0.3711	0.00	12.25	640.00	457.62	1
2026-02-26T09:44:14.096476	0	4	NO_helmet	no_helmet	0.3346	0.00	12.88	640.00	457.62	1
2026-02-26T09:44:14.100931	0	4	NO_helmet	no_helmet	0.3140	0.00	13.75	640.00	457.50	1
2026-02-26T09:44:14.193926	0	4	NO_helmet	no_helmet	0.3049	0.00	13.88	640.00	457.75	1
2026-02-26T09:44:14.209633	0	4	NO_helmet	no_helmet	0.3090	0.00	14.25	640.00	457.88	1
2026-02-26T09:44:14.214634	0	4	NO_helmet	no_helmet	0.3251	0.00	13.75	640.00	457.88	1
2026-02-26T09:44:14.283206	0	4	NO_helmet	no_helmet	0.3166	0.00	13.88	640.00	457.88	1
2026-02-26T09:44:14.339060	0	4	NO_helmet	no_helmet	0.3115	0.00	13.62	640.00	457.88	1
2026-02-26T09:44:14.454805	0	4	NO_helmet	no_helmet	0.3074	0.00	13.25	640.00	457.75	1
2026-02-26T09:44:14.475282	0	4	NO_helmet	no_helmet	0.3174	0.00	13.00	640.00	457.75	1
2026-02-26T09:44:14.476525	0	4	NO_helmet	no_helmet	0.3234	0.00	12.88	640.00	457.75	1
2026-02-26T09:44:14.585067	0	4	NO_helmet	no_helmet	0.3166	0.00	13.12	640.00	458.00	1
2026-02-26T09:44:14.588312	0	4	NO_helmet	no_helmet	0.3277	0.00	12.88	640.00	457.88	1
2026-02-26T09:44:14.593109	0	4	NO_helmet	no_helmet	0.3157	0.00	13.25	640.00	457.75	1
2026-02-26T09:44:14.593998	0	4	NO_helmet	no_helmet	0.3320	0.00	12.75	640.00	457.88	1
2026-02-26T09:44:14.783821	0	4	NO_helmet	no_helmet	0.3363	0.00	12.62	640.00	457.88	1
2026-02-26T09:44:14.799616	0	4	NO_helmet	no_helmet	0.3285	0.00	12.38	640.00	457.88	1
2026-02-26T09:44:14.804683	0	4	NO_helmet	no_helmet	0.3166	0.00	13.25	640.00	457.62	1
2026-02-26T09:44:14.922180	0	4	NO_helmet	no_helmet	0.3074	0.00	13.00	640.00	457.75	1
2026-02-26T09:44:14.954125	0	4	NO_helmet	no_helmet	0.3200	0.00	13.00	640.00	457.62	1
2026-02-26T09:44:14.954125	0	4	NO_helmet	no_helmet	0.3166	0.00	13.12	640.00	457.62	1
2026-02-26T09:44:14.973454	0	4	NO_helmet	no_helmet	0.3260	0.00	12.50	640.00	457.62	1
2026-02-26T09:44:15.054598	0	4	NO_helmet	no_helmet	0.3478	0.00	12.00	640.00	457.62	1
2026-02-26T09:44:15.054598	0	4	NO_helmet	no_helmet	0.4369	0.00	11.00	640.00	457.50	1
2026-02-26T09:44:15.065984	0	4	NO_helmet	no_helmet	0.4177	0.00	11.12	640.00	457.62	1
2026-02-26T09:44:15.065984	0	4	NO_helmet	no_helmet	0.4102	0.00	11.50	640.00	457.62	1
2026-02-26T09:44:15.170633	0	4	NO_helmet	no_helmet	0.3868	0.00	12.00	640.00	457.62	1
2026-02-26T09:44:15.188315	0	4	NO_helmet	no_helmet	0.3951	0.00	11.50	640.00	457.75	1
2026-02-26T09:44:15.193319	0	4	NO_helmet	no_helmet	0.4121	0.00	11.62	640.00	457.75	1
2026-02-26T09:44:15.194856	0	4	NO_helmet	no_helmet	0.4158	0.00	11.50	640.00	457.75	1
2026-02-26T09:44:15.271396	0	4	NO_helmet	no_helmet	0.4111	0.00	11.62	640.00	457.75	1
2026-02-26T09:44:15.290463	0	4	NO_helmet	no_helmet	0.3933	0.00	11.75	640.00	457.88	1
2026-02-26T09:44:15.293463	0	4	NO_helmet	no_helmet	0.3961	0.00	11.50	640.00	457.88	1
2026-02-26T09:44:15.371324	0	4	NO_helmet	no_helmet	0.3886	0.00	11.75	640.00	457.75	1
2026-02-26T09:44:15.393171	0	4	NO_helmet	no_helmet	0.3785	0.00	12.12	640.00	457.62	1
2026-02-26T09:44:15.394075	0	4	NO_helmet	no_helmet	0.3849	0.00	12.12	640.00	457.50	1
2026-02-26T09:44:15.471659	0	4	NO_helmet	no_helmet	0.3895	0.00	12.00	640.00	457.50	1
2026-02-26T09:44:15.471659	0	4	NO_helmet	no_helmet	0.3821	0.00	11.88	640.00	457.38	1
2026-02-26T09:44:15.586418	0	4	NO_helmet	no_helmet	0.3998	0.00	12.25	640.00	457.50	1
2026-02-26T09:44:15.607184	0	4	NO_helmet	no_helmet	0.4092	0.00	12.00	640.00	457.50	1
2026-02-26T09:44:15.607184	0	4	NO_helmet	no_helmet	0.4064	0.00	12.38	640.00	457.50	1
2026-02-26T09:44:15.689990	0	4	NO_helmet	no_helmet	0.3785	0.00	12.88	640.00	457.50	1
2026-02-26T09:44:15.706120	0	4	NO_helmet	no_helmet	0.3821	0.00	13.12	640.00	457.38	1
2026-02-26T09:44:15.707008	0	4	NO_helmet	no_helmet	0.3803	0.00	13.00	640.00	457.50	1
2026-02-26T09:44:15.792354	0	4	NO_helmet	no_helmet	0.3951	0.00	12.88	640.00	457.38	1
2026-02-26T09:44:15.798587	0	4	NO_helmet	no_helmet	0.4083	0.00	12.50	640.00	457.25	1
2026-02-26T09:44:15.867336	0	4	NO_helmet	no_helmet	0.4026	0.00	12.75	640.00	457.38	1
2026-02-26T09:44:15.867336	0	4	NO_helmet	no_helmet	0.4359	0.00	11.75	640.00	457.38	1
2026-02-26T09:44:15.938490	0	4	NO_helmet	no_helmet	0.4311	0.00	12.62	640.00	457.38	1
2026-02-26T09:44:15.938490	0	4	NO_helmet	no_helmet	0.4225	0.00	12.50	640.00	457.38	1
2026-02-26T09:44:16.037052	0	4	NO_helmet	no_helmet	0.4340	0.00	12.25	640.00	457.62	1
2026-02-26T09:44:16.052694	0	4	NO_helmet	no_helmet	0.4446	0.00	12.00	640.00	457.38	1
2026-02-26T09:44:16.138255	0	4	NO_helmet	no_helmet	0.4397	0.00	11.88	640.00	457.38	1
2026-02-26T09:44:16.138255	0	4	NO_helmet	no_helmet	0.4397	0.00	12.25	640.00	457.38	1
2026-02-26T09:44:16.153240	0	4	NO_helmet	no_helmet	0.4388	0.00	12.38	640.00	457.25	1
2026-02-26T09:44:16.222298	0	4	NO_helmet	no_helmet	0.4388	0.00	12.38	640.00	457.38	1
2026-02-26T09:44:16.222298	0	4	NO_helmet	no_helmet	0.4523	0.00	12.25	640.00	457.12	1
2026-02-26T09:44:16.289355	0	4	NO_helmet	no_helmet	0.4533	0.00	12.12	640.00	457.25	1
2026-02-26T09:44:16.403012	0	4	NO_helmet	no_helmet	0.4698	0.00	12.38	640.00	457.12	1
2026-02-26T09:44:16.475622	0	4	NO_helmet	no_helmet	0.4659	0.00	12.62	640.00	457.25	1
2026-02-26T09:44:16.475622	0	4	NO_helmet	no_helmet	0.4698	0.00	12.62	640.00	457.12	1
2026-02-26T09:44:16.475622	0	4	NO_helmet	no_helmet	0.4688	0.00	12.75	640.00	457.38	1
2026-02-26T09:44:16.492210	0	4	NO_helmet	no_helmet	0.4620	0.00	12.75	640.00	457.50	1
2026-02-26T09:44:16.587421	0	4	NO_helmet	no_helmet	0.4610	0.00	13.00	640.00	457.50	1
2026-02-26T09:44:16.603357	0	4	NO_helmet	no_helmet	0.4591	0.00	13.00	640.00	457.25	1
2026-02-26T09:44:16.606993	0	4	NO_helmet	no_helmet	0.4446	0.00	13.25	640.00	457.38	1
2026-02-26T09:44:16.672078	0	4	NO_helmet	no_helmet	0.4562	0.00	12.88	640.00	457.62	1
2026-02-26T09:44:16.673079	0	4	NO_helmet	no_helmet	0.4591	0.00	12.88	640.00	457.50	1
2026-02-26T09:44:16.770959	0	4	NO_helmet	no_helmet	0.4523	0.00	13.00	640.00	457.62	1
2026-02-26T09:44:16.781606	0	4	NO_helmet	no_helmet	0.4388	0.00	13.12	640.00	457.38	1
2026-02-26T09:44:16.921246	0	4	NO_helmet	no_helmet	0.4388	0.00	13.62	640.00	457.50	1
2026-02-26T09:44:16.923877	0	4	NO_helmet	no_helmet	0.4282	0.00	13.88	640.00	457.50	1
2026-02-26T09:44:17.069610	0	4	NO_helmet	no_helmet	0.4349	0.00	14.25	640.00	457.25	1
2026-02-26T09:44:17.085252	0	4	NO_helmet	no_helmet	0.4388	0.00	13.88	640.00	457.50	1
2026-02-26T09:44:17.097851	0	4	NO_helmet	no_helmet	0.4244	0.00	14.00	640.00	457.25	1
2026-02-26T09:44:17.097851	0	4	NO_helmet	no_helmet	0.4273	0.00	13.75	640.00	457.38	1
2026-02-26T09:44:17.220300	0	4	NO_helmet	no_helmet	0.4630	0.00	14.00	640.00	457.38	1
2026-02-26T09:44:17.230293	0	4	NO_helmet	no_helmet	0.4707	0.00	13.50	640.00	457.50	1
2026-02-26T09:44:17.231009	0	4	NO_helmet	no_helmet	0.4639	0.00	13.62	640.00	457.38	1
2026-02-26T09:44:17.239247	0	4	NO_helmet	no_helmet	0.4756	0.00	13.38	640.00	457.38	1
2026-02-26T09:44:17.322817	0	4	NO_helmet	no_helmet	0.4668	0.00	13.50	640.00	457.25	1
2026-02-26T09:44:17.326817	0	4	NO_helmet	no_helmet	0.4668	0.00	13.38	639.75	457.38	1
2026-02-26T09:44:17.328817	0	4	NO_helmet	no_helmet	0.5059	0.00	13.12	640.00	457.38	1
2026-02-26T09:44:17.332818	0	4	NO_helmet	no_helmet	0.5000	0.00	12.88	640.00	457.25	1
2026-02-26T09:44:17.442590	0	4	NO_helmet	no_helmet	0.5127	0.00	12.62	639.75	457.25	1
2026-02-26T09:44:17.442590	0	4	NO_helmet	no_helmet	0.5166	0.00	12.38	639.75	457.12	1
2026-02-26T09:44:17.454927	0	4	NO_helmet	no_helmet	0.5341	0.00	12.12	639.75	457.12	1
2026-02-26T09:44:17.553520	0	4	NO_helmet	no_helmet	0.5438	0.00	12.00	639.75	457.12	1
2026-02-26T09:44:17.569422	0	4	NO_helmet	no_helmet	0.5380	0.00	12.00	640.00	457.00	1
2026-02-26T09:44:17.569422	0	4	NO_helmet	no_helmet	0.5146	0.00	11.62	640.00	457.12	1
2026-02-26T09:44:17.692342	0	4	NO_helmet	no_helmet	0.5467	0.00	11.25	640.00	457.12	1
2026-02-26T09:44:17.694342	0	4	NO_helmet	no_helmet	0.5400	0.00	11.00	640.00	457.00	1
2026-02-26T09:44:17.701566	0	4	NO_helmet	no_helmet	0.5429	0.00	11.62	640.00	456.75	1
2026-02-26T09:44:17.801512	0	4	NO_helmet	no_helmet	0.5448	0.00	11.25	640.00	456.62	1
2026-02-26T09:44:17.806841	0	4	NO_helmet	no_helmet	0.5727	0.00	11.25	640.00	456.62	1
2026-02-26T09:44:17.808010	0	4	NO_helmet	no_helmet	0.5564	0.00	11.38	640.00	456.75	1
2026-02-26T09:44:17.934401	0	4	NO_helmet	no_helmet	0.5889	0.00	10.50	639.75	456.50	1
2026-02-26T09:44:17.938633	0	4	NO_helmet	no_helmet	0.5784	0.00	10.50	640.00	456.50	1
2026-02-26T09:44:17.944653	0	4	NO_helmet	no_helmet	0.5842	0.00	10.38	640.00	456.50	1
2026-02-26T09:44:18.036891	0	4	NO_helmet	no_helmet	0.6030	0.00	14.88	640.00	457.25	1
2026-02-26T09:44:18.036891	0	4	NO_helmet	no_helmet	0.6058	0.00	14.50	640.00	457.12	1
2026-02-26T09:44:18.036891	0	4	NO_helmet	no_helmet	0.6095	0.00	14.38	640.00	457.12	1
2026-02-26T09:44:18.173495	0	4	NO_helmet	no_helmet	0.6243	0.00	14.12	640.00	457.12	1
2026-02-26T09:44:18.188710	0	4	NO_helmet	no_helmet	0.6343	0.00	13.88	640.00	457.25	1
2026-02-26T09:44:18.195997	0	4	NO_helmet	no_helmet	0.6558	0.00	13.50	640.00	457.25	1
2026-02-26T09:44:18.288749	0	4	NO_helmet	no_helmet	0.6397	0.00	14.00	640.00	457.38	1
2026-02-26T09:44:18.295781	0	4	NO_helmet	no_helmet	0.6379	0.00	14.12	640.00	457.25	1
2026-02-26T09:44:18.374651	0	4	NO_helmet	no_helmet	0.6361	0.00	14.38	640.00	457.38	1
2026-02-26T09:44:18.492002	0	4	NO_helmet	no_helmet	0.6406	0.00	14.25	640.00	457.12	1
2026-02-26T09:44:18.501741	0	4	NO_helmet	no_helmet	0.6397	0.00	14.38	640.00	457.12	1
2026-02-26T09:44:18.508837	0	4	NO_helmet	no_helmet	0.6478	0.00	14.38	640.00	457.00	1
2026-02-26T09:44:18.588729	0	4	NO_helmet	no_helmet	0.6415	0.00	14.25	640.00	457.12	1
2026-02-26T09:44:18.588729	0	4	NO_helmet	no_helmet	0.6379	0.00	14.88	640.00	456.88	1
2026-02-26T09:44:18.600528	0	4	NO_helmet	no_helmet	0.6406	0.00	14.75	640.00	456.88	1
2026-02-26T09:44:18.606792	0	4	NO_helmet	no_helmet	0.6388	0.00	14.88	640.00	457.00	1
2026-02-26T09:44:18.721960	0	4	NO_helmet	no_helmet	0.6334	0.00	14.88	640.00	457.00	1
2026-02-26T09:44:18.726885	0	4	NO_helmet	no_helmet	0.6514	0.00	15.00	640.00	457.00	1
2026-02-26T09:44:18.732542	0	4	NO_helmet	no_helmet	0.6575	0.00	15.00	640.00	457.12	1
2026-02-26T09:44:18.741272	0	4	NO_helmet	no_helmet	0.6522	0.00	15.62	640.00	457.12	1
2026-02-26T09:44:18.855391	0	4	NO_helmet	no_helmet	0.6558	0.00	15.25	640.00	457.00	1
2026-02-26T09:44:18.855391	0	4	NO_helmet	no_helmet	0.6575	0.00	15.12	640.00	457.25	1
2026-02-26T09:44:18.862811	0	4	NO_helmet	no_helmet	0.6645	0.00	14.62	640.00	457.00	1
2026-02-26T09:44:18.972038	0	4	NO_helmet	no_helmet	0.6740	0.00	14.62	640.00	457.12	1
2026-02-26T09:44:18.977059	0	4	NO_helmet	no_helmet	0.6984	0.00	14.25	640.00	457.50	1
2026-02-26T09:44:18.982059	0	4	NO_helmet	no_helmet	0.7009	0.00	14.12	640.00	457.38	1
2026-02-26T09:44:19.075537	0	4	NO_helmet	no_helmet	0.7050	0.00	13.88	640.00	457.38	1
2026-02-26T09:44:19.090266	0	4	NO_helmet	no_helmet	0.7066	0.00	14.00	640.00	457.50	1
2026-02-26T09:44:19.095251	0	4	NO_helmet	no_helmet	0.7058	0.00	13.50	640.00	457.12	1
2026-02-26T09:44:19.210474	0	4	NO_helmet	no_helmet	0.7025	0.00	13.50	640.00	457.38	1
2026-02-26T09:44:19.212475	0	4	NO_helmet	no_helmet	0.7009	0.00	13.75	640.00	457.12	1
2026-02-26T09:44:19.218475	0	4	NO_helmet	no_helmet	0.7098	0.00	13.50	640.00	457.25	1
2026-02-26T09:44:19.322048	0	4	NO_helmet	no_helmet	0.7082	0.00	13.50	640.00	457.50	1
2026-02-26T09:44:19.322048	0	4	NO_helmet	no_helmet	0.7074	0.00	13.62	640.00	457.38	1
2026-02-26T09:44:19.337765	0	4	NO_helmet	no_helmet	0.7058	0.00	14.00	640.00	457.25	1
2026-02-26T09:44:19.451157	0	4	NO_helmet	no_helmet	0.7017	0.00	14.12	640.00	457.25	1
2026-02-26T09:44:19.455512	0	4	NO_helmet	no_helmet	0.7058	0.00	13.88	640.00	457.38	1
2026-02-26T09:44:19.457948	0	4	NO_helmet	no_helmet	0.7098	0.00	13.75	640.00	457.25	1
2026-02-26T09:44:19.572933	0	4	NO_helmet	no_helmet	0.7050	0.00	13.88	640.00	457.38	1
2026-02-26T09:44:19.574933	0	4	NO_helmet	no_helmet	0.6993	0.00	13.62	640.00	457.62	1
2026-02-26T09:44:19.580704	0	4	NO_helmet	no_helmet	0.7033	0.00	13.75	640.00	457.50	1
2026-02-26T09:44:19.672075	0	4	NO_helmet	no_helmet	0.7033	0.00	13.88	640.00	457.50	1
2026-02-26T09:44:19.688976	0	4	NO_helmet	no_helmet	0.7042	0.00	14.00	640.00	457.50	1
2026-02-26T09:44:19.697364	0	4	NO_helmet	no_helmet	0.6976	0.00	13.88	640.00	457.75	1
2026-02-26T09:44:19.930639	0	4	NO_helmet	no_helmet	0.7025	0.00	13.62	640.00	457.62	1
2026-02-26T09:44:19.946377	0	4	NO_helmet	no_helmet	0.7017	0.00	13.75	640.00	457.50	1
2026-02-26T09:44:19.974601	0	4	NO_helmet	no_helmet	0.6976	0.00	13.88	640.00	457.62	1
2026-02-26T09:44:20.102021	0	4	NO_helmet	no_helmet	0.6976	0.00	13.88	640.00	457.50	1
2026-02-26T09:44:20.124379	0	4	NO_helmet	no_helmet	0.6876	0.00	13.75	640.00	457.50	1
2026-02-26T09:44:20.126380	0	4	NO_helmet	no_helmet	0.6834	0.00	13.88	640.00	457.50	1
2026-02-26T09:44:20.132831	0	4	NO_helmet	no_helmet	0.6800	0.00	13.62	640.00	457.50	1
2026-02-26T09:44:20.205263	0	4	NO_helmet	no_helmet	0.6851	0.00	14.25	640.00	457.50	1
2026-02-26T09:44:20.205263	0	4	NO_helmet	no_helmet	0.6826	0.00	14.25	640.00	457.50	1
2026-02-26T09:44:20.216472	0	4	NO_helmet	no_helmet	0.6809	0.00	14.12	640.00	457.50	1
2026-02-26T09:44:20.216472	0	4	NO_helmet	no_helmet	0.6860	0.00	14.00	640.00	457.38	1
2026-02-26T09:44:20.320376	0	4	NO_helmet	no_helmet	0.6860	0.00	14.00	640.00	457.38	1
2026-02-26T09:44:20.336053	0	4	NO_helmet	no_helmet	0.6834	0.00	13.75	640.00	457.38	1
2026-02-26T09:44:20.340178	0	4	NO_helmet	no_helmet	0.6775	0.00	13.62	640.00	457.50	1
2026-02-26T09:44:20.340178	0	4	NO_helmet	no_helmet	0.6800	0.00	13.62	640.00	457.38	1
2026-02-26T09:44:20.419396	0	4	NO_helmet	no_helmet	0.6817	0.00	13.50	640.00	457.38	1
2026-02-26T09:44:20.472155	0	4	NO_helmet	no_helmet	0.6766	0.00	13.50	640.00	457.25	1
2026-02-26T09:44:20.486382	0	4	NO_helmet	no_helmet	0.6792	0.00	13.38	640.00	457.50	1
2026-02-26T09:44:20.494698	0	4	NO_helmet	no_helmet	0.6876	0.00	13.88	640.00	457.50	1
2026-02-26T09:44:20.496699	0	4	NO_helmet	no_helmet	0.6901	0.00	13.62	640.00	457.50	1
2026-02-26T09:44:20.589065	0	4	NO_helmet	no_helmet	0.6826	0.00	14.00	640.00	457.50	1
2026-02-26T09:44:20.601490	0	4	NO_helmet	no_helmet	0.6817	0.00	14.00	640.00	457.50	1
2026-02-26T09:44:20.611856	0	4	NO_helmet	no_helmet	0.6792	0.00	14.38	640.00	457.50	1
2026-02-26T09:44:20.718068	0	4	NO_helmet	no_helmet	0.6671	0.00	14.75	640.00	457.50	1
2026-02-26T09:44:20.721068	0	4	NO_helmet	no_helmet	0.6637	0.00	15.75	640.00	457.62	1
2026-02-26T09:44:20.722068	0	4	NO_helmet	no_helmet	0.6637	0.00	15.50	640.00	457.62	1
2026-02-26T09:44:20.826859	0	4	NO_helmet	no_helmet	0.6628	0.00	15.62	640.00	457.62	1
2026-02-26T09:44:20.832860	0	4	NO_helmet	no_helmet	0.6663	0.00	15.00	640.00	457.75	1
2026-02-26T09:44:20.939374	0	4	NO_helmet	no_helmet	0.6654	0.00	14.88	640.00	457.75	1
2026-02-26T09:44:20.945374	0	4	NO_helmet	no_helmet	0.6723	0.00	14.38	640.00	457.62	1
2026-02-26T09:44:20.951373	0	4	NO_helmet	no_helmet	0.7372	0.00	7.88	640.00	457.25	1
2026-02-26T09:44:21.052455	0	4	NO_helmet	no_helmet	0.7402	0.00	7.75	640.00	457.12	1
2026-02-26T09:44:21.059096	0	4	NO_helmet	no_helmet	0.7447	0.00	7.38	640.00	457.12	1
2026-02-26T09:44:21.059096	0	4	NO_helmet	no_helmet	0.7520	0.00	7.12	640.00	457.12	1
2026-02-26T09:44:21.171839	0	4	NO_helmet	no_helmet	0.7592	0.00	6.88	640.00	457.25	1
2026-02-26T09:44:21.175839	0	4	NO_helmet	no_helmet	0.7564	0.00	7.12	639.75	457.25	1
2026-02-26T09:44:21.178839	0	4	NO_helmet	no_helmet	0.7439	0.00	7.12	639.75	457.25	1
2026-02-26T09:44:21.302847	0	4	NO_helmet	no_helmet	0.7447	0.00	6.88	639.75	457.00	1
2026-02-26T09:44:21.302847	0	4	NO_helmet	no_helmet	0.7409	0.00	6.75	639.75	457.25	1
2026-02-26T09:44:21.312028	0	4	NO_helmet	no_helmet	0.7469	0.00	6.75	639.75	457.50	1
2026-02-26T09:44:21.405215	0	4	NO_helmet	no_helmet	0.7454	0.00	6.75	639.75	457.38	1
2026-02-26T09:44:21.405215	0	4	NO_helmet	no_helmet	0.7513	0.00	6.75	639.75	457.25	1
2026-02-26T09:44:21.418613	0	4	NO_helmet	no_helmet	0.7432	0.00	6.88	639.75	457.38	1
2026-02-26T09:44:21.537911	0	4	NO_helmet	no_helmet	0.7402	0.00	6.62	639.75	457.25	1
2026-02-26T09:44:21.546527	0	4	NO_helmet	no_helmet	0.7409	0.00	6.62	640.00	457.38	1
2026-02-26T09:44:21.547314	0	4	NO_helmet	no_helmet	0.7341	0.00	7.00	639.75	457.38	1
2026-02-26T09:44:21.637991	0	4	NO_helmet	no_helmet	0.7303	0.00	6.75	639.50	457.38	1
2026-02-26T09:44:21.652898	0	4	NO_helmet	no_helmet	0.7318	0.00	6.88	639.75	457.38	1
2026-02-26T09:44:21.656912	0	4	NO_helmet	no_helmet	0.7272	0.00	7.12	639.50	457.12	1
2026-02-26T09:44:21.763170	0	4	NO_helmet	no_helmet	0.7217	0.00	7.25	639.50	457.00	1
2026-02-26T09:44:21.771170	0	4	NO_helmet	no_helmet	0.7264	0.00	7.25	639.50	457.25	1
2026-02-26T09:44:21.774170	0	4	NO_helmet	no_helmet	0.7303	0.00	7.00	639.50	457.25	1
2026-02-26T09:44:21.864765	0	4	NO_helmet	no_helmet	0.7311	0.00	7.12	639.50	457.12	1
2026-02-26T09:44:21.866765	0	4	NO_helmet	no_helmet	0.7295	0.00	6.88	639.75	457.25	1
2026-02-26T09:44:21.971499	0	4	NO_helmet	no_helmet	0.7287	0.00	7.00	639.75	457.00	1
2026-02-26T09:44:21.979797	0	4	NO_helmet	no_helmet	0.7217	0.00	11.00	640.00	457.50	1
2026-02-26T09:44:21.984796	0	4	NO_helmet	no_helmet	0.7256	0.00	7.12	639.50	457.12	1
2026-02-26T09:44:22.086576	0	4	NO_helmet	no_helmet	0.7349	0.00	7.12	639.75	457.12	1
2026-02-26T09:44:22.086576	0	4	NO_helmet	no_helmet	0.7295	0.00	7.00	639.75	457.12	1
2026-02-26T09:44:22.104714	0	4	NO_helmet	no_helmet	0.7225	0.00	7.12	639.75	457.12	1
2026-02-26T09:44:22.224799	0	4	NO_helmet	no_helmet	0.7217	0.00	11.50	640.00	457.50	1
2026-02-26T09:44:22.229799	0	4	NO_helmet	no_helmet	0.7256	0.00	7.00	639.75	457.25	1
2026-02-26T09:44:22.232799	0	4	NO_helmet	no_helmet	0.7334	0.00	6.75	639.75	457.00	1
2026-02-26T09:44:22.318028	0	4	NO_helmet	no_helmet	0.7387	0.00	6.62	639.50	457.00	1
2026-02-26T09:44:22.321352	0	4	NO_helmet	no_helmet	0.7311	0.00	6.88	639.50	457.00	1
2026-02-26T09:44:22.409826	0	4	NO_helmet	no_helmet	0.7454	0.00	6.88	639.75	457.25	1
2026-02-26T09:44:22.471212	0	4	NO_helmet	no_helmet	0.7432	0.00	6.75	639.75	457.25	1
2026-02-26T09:44:22.471212	0	4	NO_helmet	no_helmet	0.7520	0.00	6.50	639.75	457.12	1
2026-02-26T09:44:22.481004	0	4	NO_helmet	no_helmet	0.7498	0.00	6.75	639.75	456.88	1
2026-02-26T09:44:22.482307	0	4	NO_helmet	no_helmet	0.7520	0.00	6.62	639.75	457.00	1
2026-02-26T09:44:22.587130	0	4	NO_helmet	no_helmet	0.7506	0.00	6.62	639.75	457.12	1
2026-02-26T09:44:22.603101	0	4	NO_helmet	no_helmet	0.7491	0.00	7.12	639.75	457.25	1
2026-02-26T09:44:22.608559	0	4	NO_helmet	no_helmet	0.7498	0.00	7.12	639.75	457.25	1
2026-02-26T09:44:22.802857	0	4	NO_helmet	no_helmet	0.7506	0.00	6.50	639.50	457.25	1
2026-02-26T09:44:22.826796	0	4	NO_helmet	no_helmet	0.7549	0.00	6.50	639.75	457.25	1
2026-02-26T09:44:22.840997	0	4	NO_helmet	no_helmet	0.7564	0.00	6.50	639.75	457.50	1
2026-02-26T09:44:22.968146	0	4	NO_helmet	no_helmet	0.7535	0.00	6.62	639.75	457.50	1
2026-02-26T09:44:22.979358	0	4	NO_helmet	no_helmet	0.7606	0.00	6.62	639.75	457.50	1
2026-02-26T09:44:22.980293	0	4	NO_helmet	no_helmet	0.7649	0.00	6.62	639.75	457.38	1
2026-02-26T09:44:22.980293	0	4	NO_helmet	no_helmet	0.7635	0.00	6.50	639.75	457.25	1
2026-02-26T09:44:23.058431	0	4	NO_helmet	no_helmet	0.7394	0.00	6.12	639.50	457.25	1
2026-02-26T09:44:23.061431	0	4	NO_helmet	no_helmet	0.7409	0.00	6.25	639.75	457.25	1
2026-02-26T09:44:23.063431	0	4	NO_helmet	no_helmet	0.7461	0.00	6.12	639.50	457.25	1
2026-02-26T09:44:23.069431	0	4	NO_helmet	no_helmet	0.7498	0.00	6.38	639.50	457.50	1
2026-02-26T09:44:23.188543	0	4	NO_helmet	no_helmet	0.7484	0.00	6.12	639.50	457.25	1
2026-02-26T09:44:23.188543	0	4	NO_helmet	no_helmet	0.7424	0.00	6.62	639.50	457.25	1
2026-02-26T09:44:23.196759	0	4	NO_helmet	no_helmet	0.7287	0.00	6.50	639.50	457.50	1
2026-02-26T09:44:23.304704	0	4	NO_helmet	no_helmet	0.7295	0.00	7.00	639.50	457.38	1
2026-02-26T09:44:23.312177	0	4	NO_helmet	no_helmet	0.7264	0.00	6.75	639.75	457.25	1
2026-02-26T09:44:23.313030	0	4	NO_helmet	no_helmet	0.7287	0.00	6.62	639.50	457.38	1
2026-02-26T09:44:23.421830	0	4	NO_helmet	no_helmet	0.7225	0.00	7.00	639.75	457.50	1
2026-02-26T09:44:23.421830	0	4	NO_helmet	no_helmet	0.7170	0.00	7.25	639.50	457.50	1
2026-02-26T09:44:23.421830	0	4	NO_helmet	no_helmet	0.7233	0.00	7.12	639.75	457.38	1
2026-02-26T09:44:23.538570	0	4	NO_helmet	no_helmet	0.7256	0.00	6.88	639.75	457.38	1
2026-02-26T09:44:23.555132	0	4	NO_helmet	no_helmet	0.7256	0.00	6.62	639.50	457.62	1
2026-02-26T09:44:23.561599	0	4	NO_helmet	no_helmet	0.7256	0.00	6.75	639.75	457.50	1
2026-02-26T09:44:23.676197	0	4	NO_helmet	no_helmet	0.7303	0.00	6.62	639.50	457.38	1
2026-02-26T09:44:23.689453	0	4	NO_helmet	no_helmet	0.7318	0.00	6.75	639.50	457.25	1
2026-02-26T09:44:23.693449	0	4	NO_helmet	no_helmet	0.7318	0.00	6.62	639.50	457.25	1
2026-02-26T09:44:23.787994	0	4	NO_helmet	no_helmet	0.7409	0.00	6.50	639.50	457.25	1
2026-02-26T09:44:23.796765	0	4	NO_helmet	no_helmet	0.7439	0.00	6.62	639.50	457.25	1
2026-02-26T09:44:23.797576	0	4	NO_helmet	no_helmet	0.7447	0.00	6.75	639.50	457.38	1
2026-02-26T09:44:23.805602	0	4	NO_helmet	no_helmet	0.7432	0.00	6.75	639.50	457.50	1
2026-02-26T09:44:23.905700	0	4	NO_helmet	no_helmet	0.7424	0.00	6.75	639.50	457.25	1
2026-02-26T09:44:23.911804	0	4	NO_helmet	no_helmet	0.7424	0.00	6.62	639.50	457.50	1
2026-02-26T09:44:24.024552	0	4	NO_helmet	no_helmet	0.7432	0.00	6.50	639.50	457.50	1
2026-02-26T09:44:24.030553	0	4	NO_helmet	no_helmet	0.7469	0.00	6.62	639.75	457.38	1
2026-02-26T09:44:24.034553	0	4	NO_helmet	no_helmet	0.7454	0.00	6.75	639.50	457.50	1
2026-02-26T09:44:24.138984	0	4	NO_helmet	no_helmet	0.7506	0.00	6.12	639.75	457.62	1
2026-02-26T09:44:24.144022	0	4	NO_helmet	no_helmet	0.7498	0.00	6.25	639.75	457.50	1
2026-02-26T09:44:24.149023	0	4	NO_helmet	no_helmet	0.7447	0.00	6.50	639.75	457.50	1
2026-02-26T09:44:24.251330	0	4	NO_helmet	no_helmet	0.7491	0.00	6.62	639.75	457.50	1
2026-02-26T09:44:24.254331	0	4	NO_helmet	no_helmet	0.7334	0.00	6.88	639.50	457.62	1
2026-02-26T09:44:24.260597	0	4	NO_helmet	no_helmet	0.7311	0.00	6.88	639.50	457.62	1
2026-02-26T09:44:24.322290	0	4	NO_helmet	no_helmet	0.7130	0.00	6.88	639.75	457.62	1
2026-02-26T09:44:24.459215	0	4	NO_helmet	no_helmet	0.7130	0.00	7.00	639.50	457.62	1
2026-02-26T09:44:24.543169	0	4	NO_helmet	no_helmet	0.6951	0.00	7.38	639.50	457.88	1
2026-02-26T09:44:24.548170	0	4	NO_helmet	no_helmet	0.6976	0.00	7.38	639.50	457.75	1
2026-02-26T09:44:24.554170	0	4	NO_helmet	no_helmet	0.6893	0.00	7.50	639.50	457.75	1
2026-02-26T09:44:24.558170	0	4	NO_helmet	no_helmet	0.6918	0.00	7.62	639.50	457.88	1
2026-02-26T09:44:24.645901	0	4	NO_helmet	no_helmet	0.6943	0.00	7.12	639.50	458.12	1
2026-02-26T09:44:24.655806	0	4	NO_helmet	no_helmet	0.6960	0.00	7.12	639.50	457.88	1
2026-02-26T09:44:24.657372	0	4	NO_helmet	no_helmet	0.7042	0.00	7.00	639.50	458.00	1
2026-02-26T09:44:24.661137	0	4	NO_helmet	no_helmet	0.7009	0.00	7.12	639.50	457.75	1
2026-02-26T09:44:24.771903	0	4	NO_helmet	no_helmet	0.6943	0.00	7.25	639.50	457.88	1
2026-02-26T09:44:24.771903	0	4	NO_helmet	no_helmet	0.6926	0.00	7.75	639.50	457.88	1
2026-02-26T09:44:24.771903	0	4	NO_helmet	no_helmet	0.6851	0.00	7.88	639.50	457.88	1
2026-02-26T09:44:24.855298	0	4	NO_helmet	no_helmet	0.6843	0.00	7.88	639.50	458.00	1
2026-02-26T09:44:24.874283	0	4	NO_helmet	no_helmet	0.6775	0.00	10.62	639.75	458.12	1
2026-02-26T09:44:24.990346	0	4	NO_helmet	no_helmet	0.6843	0.00	10.75	640.00	458.12	1
2026-02-26T09:44:24.990346	0	4	NO_helmet	no_helmet	0.6740	0.00	10.88	639.75	457.75	1
2026-02-26T09:44:25.009123	0	4	NO_helmet	no_helmet	0.6901	0.00	10.75	639.75	457.38	1
2026-02-26T09:44:25.121760	0	4	NO_helmet	no_helmet	0.7098	0.00	7.75	639.75	457.00	1
2026-02-26T09:44:25.121760	0	4	NO_helmet	no_helmet	0.7066	0.25	8.62	639.50	457.00	1
2026-02-26T09:44:25.130002	0	4	NO_helmet	no_helmet	0.7106	0.00	8.50	639.75	456.75	1
2026-02-26T09:44:25.130926	0	4	NO_helmet	no_helmet	0.7146	0.25	8.25	639.75	456.75	1
2026-02-26T09:44:25.238380	0	4	NO_helmet	no_helmet	0.7114	0.25	8.75	639.75	456.75	1
2026-02-26T09:44:25.255227	0	4	NO_helmet	no_helmet	0.7194	0.25	8.62	639.75	456.62	1
2026-02-26T09:44:25.261833	0	4	NO_helmet	no_helmet	0.7210	0.00	8.75	639.75	456.75	1
2026-02-26T09:44:25.356247	0	4	NO_helmet	no_helmet	0.7303	0.00	8.62	640.00	456.88	1
2026-02-26T09:44:25.377371	0	4	NO_helmet	no_helmet	0.7387	0.25	8.38	639.75	456.50	1
2026-02-26T09:44:25.378287	0	4	NO_helmet	no_helmet	0.7379	0.25	8.62	639.75	456.75	1
2026-02-26T09:44:25.517890	0	4	NO_helmet	no_helmet	0.7364	0.25	8.50	639.75	456.75	1
2026-02-26T09:44:25.535475	0	4	NO_helmet	no_helmet	0.7461	0.00	8.75	639.25	456.62	1
2026-02-26T09:44:25.554547	0	4	NO_helmet	no_helmet	0.7513	0.00	2.75	640.00	458.12	1
2026-02-26T09:44:25.735288	0	4	NO_helmet	no_helmet	0.7520	0.00	2.88	640.00	458.12	1
2026-02-26T09:44:25.735288	0	4	NO_helmet	no_helmet	0.7535	0.00	2.88	640.00	458.12	1
2026-02-26T09:44:25.735288	0	4	NO_helmet	no_helmet	0.7491	0.00	3.00	640.00	458.12	1
2026-02-26T09:44:25.769435	0	4	NO_helmet	no_helmet	0.7549	0.00	2.88	640.00	458.25	1
2026-02-26T09:44:25.854918	0	4	NO_helmet	no_helmet	0.7564	0.00	3.00	640.00	458.25	1
2026-02-26T09:44:25.862854	0	4	NO_helmet	no_helmet	0.7621	0.00	3.00	640.00	458.25	1
2026-02-26T09:44:25.863562	0	4	NO_helmet	no_helmet	0.7578	0.00	3.00	640.00	458.12	1
2026-02-26T09:44:25.872167	0	4	NO_helmet	no_helmet	0.7621	0.00	3.12	640.00	458.12	1
2026-02-26T09:44:25.983408	0	4	NO_helmet	no_helmet	0.7592	0.00	8.38	639.50	456.88	1
2026-02-26T09:44:25.989239	0	4	NO_helmet	no_helmet	0.7549	0.00	3.12	640.00	458.12	1
2026-02-26T09:44:25.994239	0	4	NO_helmet	no_helmet	0.7592	0.00	8.62	639.25	456.75	1
2026-02-26T09:44:25.999239	0	4	NO_helmet	no_helmet	0.7549	0.00	8.62	639.25	456.62	1
2026-02-26T09:44:26.102120	0	4	NO_helmet	no_helmet	0.7447	0.00	9.00	639.25	456.75	1
2026-02-26T09:44:26.107017	0	4	NO_helmet	no_helmet	0.7439	0.00	9.12	639.50	456.62	1
2026-02-26T09:44:26.109015	0	4	NO_helmet	no_helmet	0.7439	0.00	3.25	640.00	458.25	1
2026-02-26T09:44:26.218792	0	4	NO_helmet	no_helmet	0.7491	0.00	3.50	640.00	458.25	1
2026-02-26T09:44:26.222383	0	4	NO_helmet	no_helmet	0.7476	0.00	9.12	639.25	456.75	1
2026-02-26T09:44:26.225385	0	4	NO_helmet	no_helmet	0.7461	0.00	3.25	640.00	458.25	1
2026-02-26T09:44:26.321308	0	4	NO_helmet	no_helmet	0.7326	0.00	8.88	639.25	456.75	1
2026-02-26T09:44:26.327334	0	4	NO_helmet	no_helmet	0.7303	0.00	8.75	639.50	456.75	1
2026-02-26T09:44:26.426263	0	4	NO_helmet	no_helmet	0.7326	0.00	9.00	639.50	456.62	1
2026-02-26T09:44:26.503041	0	4	NO_helmet	no_helmet	0.7318	0.00	3.12	640.00	458.00	1
2026-02-26T09:44:26.519149	0	4	NO_helmet	no_helmet	0.7417	0.00	3.25	640.00	458.12	1
2026-02-26T09:44:26.525656	0	4	NO_helmet	no_helmet	0.7326	0.00	3.25	640.00	458.12	1
2026-02-26T09:44:26.525656	0	4	NO_helmet	no_helmet	0.7379	0.00	3.25	640.00	458.00	1
2026-02-26T09:44:26.620728	0	4	NO_helmet	no_helmet	0.7469	0.00	3.25	640.00	458.12	1
2026-02-26T09:44:26.620728	0	4	NO_helmet	no_helmet	0.7402	0.00	3.38	640.00	458.12	1
2026-02-26T09:44:26.620728	0	4	NO_helmet	no_helmet	0.7417	0.00	9.88	639.50	456.50	1
2026-02-26T09:44:26.721114	0	4	NO_helmet	no_helmet	0.7439	0.00	10.00	639.50	456.50	1
2026-02-26T09:44:26.732831	0	4	NO_helmet	no_helmet	0.7424	0.00	9.88	639.50	456.50	1
2026-02-26T09:44:26.733636	0	4	NO_helmet	no_helmet	0.7476	0.00	9.75	639.50	456.38	1
2026-02-26T09:44:26.844159	0	4	NO_helmet	no_helmet	0.7469	0.00	9.62	639.50	456.38	1
2026-02-26T09:44:26.847159	0	4	NO_helmet	no_helmet	0.7484	0.00	9.50	639.50	456.50	1
2026-02-26T09:44:26.850159	0	4	NO_helmet	no_helmet	0.7498	0.00	9.50	639.50	456.50	1
2026-02-26T09:44:26.970828	0	4	NO_helmet	no_helmet	0.7476	0.00	9.50	639.50	456.62	1
2026-02-26T09:44:26.979575	0	4	NO_helmet	no_helmet	0.7513	0.00	10.25	639.00	456.50	1
2026-02-26T09:44:26.980388	0	4	NO_helmet	no_helmet	0.7592	0.00	9.38	639.00	456.50	1
2026-02-26T09:44:27.086530	0	4	NO_helmet	no_helmet	0.7549	0.00	9.38	639.25	456.62	1
2026-02-26T09:44:27.086530	0	4	NO_helmet	no_helmet	0.7461	0.00	9.62	639.00	456.75	1
2026-02-26T09:44:27.097834	0	4	NO_helmet	no_helmet	0.7394	0.00	9.62	639.25	456.88	1
2026-02-26T09:44:27.205074	0	4	NO_helmet	no_helmet	0.7409	0.00	9.88	639.00	456.88	1
2026-02-26T09:44:27.205074	0	4	NO_helmet	no_helmet	0.7432	0.00	10.00	639.00	456.75	1
2026-02-26T09:44:27.205074	0	4	NO_helmet	no_helmet	0.7447	0.00	9.88	639.00	456.88	1
2026-02-26T09:44:27.323205	0	4	NO_helmet	no_helmet	0.7476	0.00	9.75	639.00	456.88	1
2026-02-26T09:44:27.333635	0	4	NO_helmet	no_helmet	0.7520	0.00	9.38	639.00	456.88	1
2026-02-26T09:44:27.340759	0	4	NO_helmet	no_helmet	0.7454	0.00	9.88	639.25	456.75	1
2026-02-26T09:44:27.450063	0	4	NO_helmet	no_helmet	0.7513	0.00	9.88	639.25	456.75	1
2026-02-26T09:44:27.454064	0	4	NO_helmet	no_helmet	0.7461	0.00	10.00	639.25	456.38	1
2026-02-26T09:44:27.456361	0	4	NO_helmet	no_helmet	0.7417	0.00	9.88	639.25	456.62	1
2026-02-26T09:44:27.569302	0	4	NO_helmet	no_helmet	0.7334	0.00	10.12	639.00	456.62	1
2026-02-26T09:44:27.589030	0	4	NO_helmet	no_helmet	0.7280	0.00	9.88	639.00	456.62	1
2026-02-26T09:44:27.773526	0	4	NO_helmet	no_helmet	0.7311	0.00	9.88	639.00	456.38	1
2026-02-26T09:44:27.776525	0	4	NO_helmet	no_helmet	0.7114	0.00	9.75	639.00	456.75	1
2026-02-26T09:44:27.780624	0	4	NO_helmet	no_helmet	0.7122	0.00	9.75	639.00	456.75	1
2026-02-26T09:44:27.784897	0	4	NO_helmet	no_helmet	0.7074	0.00	13.62	639.75	457.12	1
2026-02-26T09:44:27.866601	0	4	NO_helmet	no_helmet	0.7025	0.00	9.12	639.00	456.75	1
2026-02-26T09:44:27.869601	0	4	NO_helmet	no_helmet	0.6976	0.00	13.25	640.00	457.25	1
2026-02-26T09:44:27.872948	0	4	NO_helmet	no_helmet	0.6943	0.00	9.38	639.00	456.88	1
2026-02-26T09:44:27.873674	0	4	NO_helmet	no_helmet	0.7033	0.00	9.38	639.25	456.88	1
2026-02-26T09:44:27.992897	0	4	NO_helmet	no_helmet	0.7050	0.00	9.50	639.00	457.00	1
2026-02-26T09:44:27.997897	0	4	NO_helmet	no_helmet	0.7074	0.00	13.50	640.00	457.38	1
2026-02-26T09:44:28.000897	0	4	NO_helmet	no_helmet	0.7114	0.00	13.25	640.00	457.62	1
2026-02-26T09:44:28.102828	0	4	NO_helmet	no_helmet	0.7162	0.00	13.50	640.00	457.38	1
2026-02-26T09:44:28.118609	0	4	NO_helmet	no_helmet	0.7225	0.00	13.38	640.00	457.38	1
2026-02-26T09:44:28.125074	0	4	NO_helmet	no_helmet	0.7225	0.00	13.38	640.00	457.38	1
2026-02-26T09:44:28.129075	0	4	NO_helmet	no_helmet	0.7178	0.00	13.50	640.00	457.62	1
2026-02-26T09:44:28.221401	0	4	NO_helmet	no_helmet	0.7066	0.00	13.38	640.00	457.62	1
2026-02-26T09:44:28.221401	0	4	NO_helmet	no_helmet	0.7058	0.00	13.62	640.00	457.62	1
2026-02-26T09:44:28.221401	0	4	NO_helmet	no_helmet	0.7066	0.00	13.62	640.00	457.62	1
2026-02-26T09:44:28.308370	0	4	NO_helmet	no_helmet	0.7058	0.00	13.88	640.00	457.50	1
2026-02-26T09:44:28.424184	0	4	NO_helmet	no_helmet	0.7033	0.00	13.88	640.00	457.50	1
2026-02-26T09:44:28.503090	0	4	NO_helmet	no_helmet	0.6918	0.00	14.62	640.00	457.38	1
2026-02-26T09:44:28.504980	0	4	NO_helmet	no_helmet	0.6935	0.00	14.50	640.00	457.62	1
2026-02-26T09:44:28.514673	0	4	NO_helmet	no_helmet	0.6993	0.00	14.50	640.00	457.50	1
2026-02-26T09:44:28.521079	0	4	NO_helmet	no_helmet	0.7001	0.00	14.88	640.00	457.50	1
2026-02-26T09:44:28.621668	0	4	NO_helmet	no_helmet	0.6935	0.00	15.50	640.00	457.50	1
2026-02-26T09:44:28.621668	0	4	NO_helmet	no_helmet	0.6968	0.00	15.50	640.00	457.50	1
2026-02-26T09:44:28.634168	0	4	NO_helmet	no_helmet	0.6918	0.00	15.62	640.00	457.88	1
2026-02-26T09:44:28.635217	0	4	NO_helmet	no_helmet	0.6976	0.00	15.12	640.00	457.62	1
2026-02-26T09:44:28.739936	0	4	NO_helmet	no_helmet	0.6968	0.00	15.38	640.00	457.50	1
2026-02-26T09:44:28.762580	0	4	NO_helmet	no_helmet	0.6976	0.00	15.50	640.00	457.50	1
2026-02-26T09:44:28.854832	0	4	NO_helmet	no_helmet	0.6984	0.00	15.00	640.00	457.62	1
2026-02-26T09:44:28.871518	0	4	NO_helmet	no_helmet	0.6993	0.00	15.00	640.00	457.62	1
2026-02-26T09:44:28.871518	0	4	NO_helmet	no_helmet	0.6951	0.00	14.75	640.00	457.62	1
2026-02-26T09:44:28.975805	0	4	NO_helmet	no_helmet	0.6893	0.00	14.88	640.00	457.62	1
2026-02-26T09:44:28.980812	0	4	NO_helmet	no_helmet	0.7432	0.00	7.12	639.25	457.12	1
2026-02-26T09:44:28.985812	0	4	NO_helmet	no_helmet	0.7409	0.00	7.50	639.25	456.88	1
2026-02-26T09:44:29.095057	0	4	NO_helmet	no_helmet	0.7356	0.00	7.62	639.25	457.12	1
2026-02-26T09:44:29.100057	0	4	NO_helmet	no_helmet	0.7364	0.00	7.75	639.00	457.00	1
2026-02-26T09:44:29.102057	0	4	NO_helmet	no_helmet	0.7311	0.00	7.88	639.00	457.00	1
2026-02-26T09:44:29.210110	0	4	NO_helmet	no_helmet	0.7326	0.00	8.50	639.00	457.12	1
2026-02-26T09:44:29.219356	0	4	NO_helmet	no_helmet	0.7287	0.00	8.25	639.00	457.12	1
2026-02-26T09:44:29.223982	0	4	NO_helmet	no_helmet	0.7379	0.00	8.00	639.00	457.00	1
2026-02-26T09:44:29.326995	0	4	NO_helmet	no_helmet	0.7379	0.00	7.88	639.00	457.25	1
2026-02-26T09:44:29.343200	0	4	NO_helmet	no_helmet	0.7356	0.00	7.62	639.00	457.12	1
2026-02-26T09:44:29.347200	0	4	NO_helmet	no_helmet	0.7311	0.00	7.88	639.00	457.00	1
2026-02-26T09:44:29.454013	0	4	NO_helmet	no_helmet	0.7210	0.00	8.25	639.00	457.12	1
2026-02-26T09:44:29.458673	0	4	NO_helmet	no_helmet	0.7249	0.00	8.00	639.00	457.12	1
2026-02-26T09:44:29.460673	0	4	NO_helmet	no_helmet	0.7138	0.00	8.25	639.00	457.12	1
2026-02-26T09:44:29.582288	0	4	NO_helmet	no_helmet	0.7264	0.00	7.62	639.00	457.12	1
2026-02-26T09:44:29.587288	0	4	NO_helmet	no_helmet	0.7170	0.00	7.75	639.00	457.12	1
2026-02-26T09:44:29.592010	0	4	NO_helmet	no_helmet	0.7130	0.00	8.00	639.00	457.12	1
2026-02-26T09:44:29.687679	0	4	NO_helmet	no_helmet	0.7050	0.00	8.25	639.00	457.12	1
2026-02-26T09:44:29.687679	0	4	NO_helmet	no_helmet	0.7025	0.00	8.12	639.00	457.25	1
2026-02-26T09:44:29.687679	0	4	NO_helmet	no_helmet	0.7130	0.00	7.62	639.00	457.12	1
2026-02-26T09:44:29.803272	0	4	NO_helmet	no_helmet	0.7186	0.00	7.50	639.25	457.00	1
2026-02-26T09:44:29.804271	0	4	NO_helmet	no_helmet	0.7146	0.00	7.62	639.25	457.25	1
2026-02-26T09:44:29.812360	0	4	NO_helmet	no_helmet	0.7138	0.00	7.50	639.25	457.00	1
2026-02-26T09:44:29.911718	0	4	NO_helmet	no_helmet	0.7098	0.00	7.62	639.00	457.25	1
2026-02-26T09:44:29.917718	0	4	NO_helmet	no_helmet	0.7082	0.00	7.62	639.25	457.25	1
2026-02-26T09:44:29.923718	0	4	NO_helmet	no_helmet	0.7225	0.00	7.38	639.25	457.12	1
2026-02-26T09:44:30.009445	0	4	NO_helmet	no_helmet	0.7178	0.00	7.88	639.25	457.25	1
2026-02-26T09:44:30.023252	0	4	NO_helmet	no_helmet	0.7106	0.00	7.75	639.50	457.25	1
2026-02-26T09:44:30.130744	0	4	NO_helmet	no_helmet	0.7066	0.00	8.12	639.50	457.12	1
2026-02-26T09:44:30.130744	0	4	NO_helmet	no_helmet	0.7122	0.00	7.88	639.25	457.25	1
2026-02-26T09:44:30.135015	0	4	NO_helmet	no_helmet	0.7146	0.00	7.62	639.50	457.25	1
2026-02-26T09:44:30.231111	0	4	NO_helmet	no_helmet	0.7098	0.00	7.88	639.25	457.25	1
2026-02-26T09:44:30.231111	0	4	NO_helmet	no_helmet	0.7122	0.00	7.75	639.25	457.25	1
2026-02-26T09:44:30.235945	0	4	NO_helmet	no_helmet	0.7017	0.00	8.12	639.50	457.25	1
2026-02-26T09:44:30.337027	0	4	NO_helmet	no_helmet	0.7050	0.00	8.00	639.50	457.38	1
2026-02-26T09:44:30.485481	0	4	NO_helmet	no_helmet	0.6960	0.00	8.50	639.50	457.25	1
2026-02-26T09:44:30.634157	0	4	NO_helmet	no_helmet	0.6935	0.00	8.38	639.25	457.38	1
2026-02-26T09:44:30.648510	0	4	NO_helmet	no_helmet	0.6901	0.00	8.88	639.25	457.38	1
2026-02-26T09:44:30.659359	0	4	NO_helmet	no_helmet	0.6893	0.00	8.50	639.25	457.25	1
2026-02-26T09:44:30.662317	0	4	NO_helmet	no_helmet	0.6910	0.00	8.25	639.25	457.50	1
2026-02-26T09:44:30.738397	0	4	NO_helmet	no_helmet	0.6943	0.00	8.38	639.25	457.25	1
2026-02-26T09:44:30.753229	0	4	NO_helmet	no_helmet	0.6834	0.00	8.62	639.25	457.50	1
2026-02-26T09:44:30.763264	0	4	NO_helmet	no_helmet	0.6715	0.00	8.88	639.25	457.50	1
2026-02-26T09:44:30.776333	0	4	NO_helmet	no_helmet	0.6740	0.00	8.75	639.25	457.62	1
2026-02-26T09:44:30.857634	0	4	NO_helmet	no_helmet	0.6800	0.00	8.50	639.25	457.62	1
2026-02-26T09:44:30.861635	0	4	NO_helmet	no_helmet	0.6758	0.00	8.38	639.25	457.50	1
2026-02-26T09:44:30.866635	0	4	NO_helmet	no_helmet	0.6843	0.00	8.50	639.50	457.50	1
2026-02-26T09:44:30.871971	0	4	NO_helmet	no_helmet	0.6809	0.00	8.62	639.50	457.50	1
2026-02-26T09:44:30.975689	0	4	NO_helmet	no_helmet	0.6766	0.00	8.38	639.50	457.50	1
2026-02-26T09:44:30.980688	0	4	NO_helmet	no_helmet	0.6792	0.00	8.12	639.50	457.38	1
2026-02-26T09:44:30.984689	0	4	NO_helmet	no_helmet	0.6960	0.00	12.88	640.00	457.62	1
2026-02-26T09:44:30.987601	0	4	NO_helmet	no_helmet	0.6935	0.00	12.88	640.00	457.62	1
2026-02-26T09:44:31.081521	0	4	NO_helmet	no_helmet	0.6918	0.00	12.88	640.00	457.75	1
2026-02-26T09:44:31.088522	0	4	NO_helmet	no_helmet	0.6868	0.00	13.12	640.00	457.62	1
2026-02-26T09:44:31.091521	0	4	NO_helmet	no_helmet	0.6826	0.00	13.25	640.00	457.62	1
2026-02-26T09:44:31.164516	0	4	NO_helmet	no_helmet	0.7033	0.00	3.00	640.00	458.50	1
2026-02-26T09:44:31.165517	0	4	NO_helmet	no_helmet	0.6968	0.00	3.00	640.00	458.50	1
2026-02-26T09:44:31.234550	0	4	NO_helmet	no_helmet	0.6926	0.00	3.12	640.00	458.75	1
2026-02-26T09:44:31.238551	0	4	NO_helmet	no_helmet	0.7001	0.00	2.88	640.00	458.38	1
2026-02-26T09:44:31.314968	0	4	NO_helmet	no_helmet	0.6876	0.00	2.88	640.00	458.50	1
2026-02-26T09:44:31.315969	0	4	NO_helmet	no_helmet	0.6809	0.00	3.12	640.00	458.50	1
2026-02-26T09:44:31.387186	0	4	NO_helmet	no_helmet	0.6851	0.00	2.62	640.00	458.62	1
2026-02-26T09:44:31.387186	0	4	NO_helmet	no_helmet	0.6901	0.00	2.75	640.00	458.50	1
2026-02-26T09:44:31.463482	0	4	NO_helmet	no_helmet	0.6876	0.00	2.75	640.00	458.62	1
2026-02-26T09:44:31.464482	0	4	NO_helmet	no_helmet	0.6885	0.00	2.88	640.00	458.62	1
2026-02-26T09:44:31.553126	0	4	NO_helmet	no_helmet	0.6860	0.00	14.00	640.00	457.62	1
2026-02-26T09:44:31.568912	0	4	NO_helmet	no_helmet	0.6834	0.00	13.88	640.00	457.50	1
2026-02-26T09:44:31.754876	0	4	NO_helmet	no_helmet	0.6809	0.00	13.88	640.00	457.75	1
2026-02-26T09:44:31.754876	0	4	NO_helmet	no_helmet	0.6817	0.00	13.88	640.00	457.75	1
2026-02-26T09:44:31.837182	0	4	NO_helmet	no_helmet	0.6800	0.00	13.88	640.00	457.50	1
2026-02-26T09:44:31.852834	0	4	NO_helmet	no_helmet	0.6851	0.00	13.75	640.00	457.50	1
2026-02-26T09:44:31.852834	0	4	NO_helmet	no_helmet	0.6876	0.00	13.25	640.00	457.75	1
2026-02-26T09:44:31.859416	0	4	NO_helmet	no_helmet	0.6860	0.00	13.38	640.00	457.75	1
2026-02-26T09:44:31.959297	0	4	NO_helmet	no_helmet	0.6926	0.00	13.25	640.00	457.75	1
2026-02-26T09:44:31.959297	0	4	NO_helmet	no_helmet	0.6901	0.00	13.25	640.00	457.75	1
2026-02-26T09:44:31.959297	0	4	NO_helmet	no_helmet	0.6885	0.00	13.00	640.00	457.38	1
2026-02-26T09:44:31.969162	0	4	NO_helmet	no_helmet	0.6885	0.00	13.00	640.00	457.50	1
2026-02-26T09:44:32.071339	0	4	NO_helmet	no_helmet	0.6876	0.00	13.12	640.00	457.62	1
2026-02-26T09:44:32.074361	0	4	NO_helmet	no_helmet	0.6843	0.00	13.12	640.00	457.50	1
2026-02-26T09:44:32.075361	0	4	NO_helmet	no_helmet	0.6817	0.00	13.25	640.00	457.50	1
2026-02-26T09:44:32.170967	0	4	NO_helmet	no_helmet	0.6800	0.00	13.25	640.00	457.50	1
2026-02-26T09:44:32.176195	0	4	NO_helmet	no_helmet	0.6826	0.00	12.88	640.00	457.50	1
2026-02-26T09:44:32.181194	0	4	NO_helmet	no_helmet	0.6817	0.00	2.50	640.00	458.62	1
2026-02-26T09:44:32.238337	0	4	NO_helmet	no_helmet	0.6775	0.00	2.50	640.00	458.75	1
2026-02-26T09:44:32.309559	0	4	NO_helmet	no_helmet	0.6758	0.00	13.12	640.00	457.62	1
2026-02-26T09:44:32.520770	0	4	NO_helmet	no_helmet	0.6860	0.00	12.38	640.00	457.62	1
2026-02-26T09:44:32.573200	0	4	NO_helmet	no_helmet	0.6885	0.00	12.25	640.00	457.62	1
2026-02-26T09:44:32.578199	0	4	NO_helmet	no_helmet	0.6783	0.00	12.38	640.00	457.62	1
2026-02-26T09:44:32.579737	0	4	NO_helmet	no_helmet	0.6800	0.00	12.62	640.00	457.38	1
2026-02-26T09:44:32.579737	0	4	NO_helmet	no_helmet	0.6851	0.00	12.50	640.00	457.50	1
2026-02-26T09:44:32.622930	0	4	NO_helmet	no_helmet	0.6800	0.00	12.12	640.00	457.50	1
2026-02-26T09:44:32.630930	0	4	NO_helmet	no_helmet	0.6809	0.00	12.38	640.00	457.62	1
2026-02-26T09:44:32.632428	0	4	NO_helmet	no_helmet	0.6800	0.00	12.00	640.00	457.62	1
2026-02-26T09:44:32.657297	0	4	NO_helmet	no_helmet	0.6800	0.00	12.12	640.00	457.38	1
2026-02-26T09:44:32.759731	0	4	NO_helmet	no_helmet	0.6792	0.00	12.00	640.00	457.38	1
2026-02-26T09:44:32.759731	0	4	NO_helmet	no_helmet	0.6749	0.00	12.12	640.00	457.62	1
2026-02-26T09:44:32.759731	0	4	NO_helmet	no_helmet	0.6843	0.00	11.88	640.00	457.62	1
2026-02-26T09:44:32.880154	0	4	NO_helmet	no_helmet	0.6749	0.00	12.38	640.00	457.62	1
2026-02-26T09:44:32.887154	0	4	NO_helmet	no_helmet	0.6834	0.00	12.00	640.00	457.62	1
2026-02-26T09:44:32.890154	0	4	NO_helmet	no_helmet	0.6749	0.00	11.88	640.00	457.62	1
2026-02-26T09:44:32.988144	0	4	NO_helmet	no_helmet	0.7009	0.00	6.25	640.00	457.50	1
2026-02-26T09:44:33.004056	0	4	NO_helmet	no_helmet	0.6993	0.00	6.12	640.00	457.25	1
2026-02-26T09:44:33.007365	0	4	NO_helmet	no_helmet	0.6935	0.00	6.12	640.00	457.38	1
2026-02-26T09:44:33.119628	0	4	NO_helmet	no_helmet	0.6885	0.00	6.25	640.00	457.25	1
2026-02-26T09:44:33.125533	0	4	NO_helmet	no_helmet	0.6918	0.00	6.25	640.00	457.12	1
2026-02-26T09:44:33.126402	0	4	NO_helmet	no_helmet	0.7009	0.00	6.12	640.00	457.12	1
2026-02-26T09:44:33.238117	0	4	NO_helmet	no_helmet	0.7082	0.00	6.00	640.00	457.12	1
2026-02-26T09:44:33.244312	0	4	NO_helmet	no_helmet	0.7154	0.00	5.75	640.00	457.00	1
2026-02-26T09:44:33.245215	0	4	NO_helmet	no_helmet	0.7058	0.00	6.12	640.00	457.25	1
2026-02-26T09:44:33.338151	0	4	NO_helmet	no_helmet	0.7066	0.00	6.00	640.00	457.12	1
2026-02-26T09:44:33.353692	0	4	NO_helmet	no_helmet	0.7066	0.00	6.25	640.00	457.25	1
2026-02-26T09:44:33.359923	0	4	NO_helmet	no_helmet	0.7154	0.00	6.25	640.00	457.12	1
2026-02-26T09:44:33.453907	0	4	NO_helmet	no_helmet	0.7074	0.00	6.38	640.00	457.25	1
2026-02-26T09:44:33.457265	0	4	NO_helmet	no_helmet	0.7114	0.00	6.75	640.00	457.25	1
2026-02-26T09:44:33.539674	0	4	NO_helmet	no_helmet	0.7106	0.00	6.88	640.00	457.50	1
2026-02-26T09:44:33.554675	0	4	NO_helmet	no_helmet	0.7066	0.00	6.75	640.00	457.38	1
2026-02-26T09:44:33.554675	0	4	NO_helmet	no_helmet	0.7042	0.00	6.75	640.00	457.25	1
2026-02-26T09:44:33.683063	0	4	NO_helmet	no_helmet	0.7066	0.00	6.75	640.00	457.38	1
2026-02-26T09:44:33.688189	0	4	NO_helmet	no_helmet	0.6935	0.00	6.88	640.00	457.38	1
2026-02-26T09:44:33.888224	0	4	NO_helmet	no_helmet	0.6976	0.00	7.00	640.00	457.38	1
2026-02-26T09:44:33.888224	0	4	NO_helmet	no_helmet	0.6960	0.00	7.00	640.00	457.25	1
2026-02-26T09:44:33.902782	0	4	NO_helmet	no_helmet	0.6968	0.00	7.12	640.00	457.38	1
2026-02-26T09:44:33.909120	0	4	NO_helmet	no_helmet	0.6926	0.00	7.12	640.00	457.25	1
2026-02-26T09:44:33.999215	0	4	NO_helmet	no_helmet	0.6893	0.00	7.38	640.00	457.25	1
2026-02-26T09:44:34.005860	0	4	NO_helmet	no_helmet	0.6868	0.00	7.00	639.75	457.38	1
2026-02-26T09:44:34.005860	0	4	NO_helmet	no_helmet	0.6935	0.00	7.00	640.00	457.50	1
2026-02-26T09:44:34.005860	0	4	NO_helmet	no_helmet	0.6783	0.00	6.88	640.00	457.25	1
2026-02-26T09:44:34.131140	0	4	NO_helmet	no_helmet	0.6732	0.00	6.88	640.00	457.50	1
2026-02-26T09:44:34.137537	0	4	NO_helmet	no_helmet	0.6817	0.00	6.62	640.00	457.50	1
2026-02-26T09:44:34.142515	0	4	NO_helmet	no_helmet	0.6885	0.00	6.75	640.00	457.38	1
2026-02-26T09:44:34.143429	0	4	NO_helmet	no_helmet	0.6885	0.00	6.50	640.00	457.38	1
2026-02-26T09:44:34.261806	0	4	NO_helmet	no_helmet	0.6935	0.00	6.38	640.00	457.50	1
2026-02-26T09:44:34.267806	0	4	NO_helmet	no_helmet	0.6926	0.00	6.38	640.00	457.50	1
2026-02-26T09:44:34.274806	0	4	NO_helmet	no_helmet	0.6935	0.00	6.75	640.00	457.25	1
2026-02-26T09:44:34.338753	0	4	NO_helmet	no_helmet	0.6876	0.00	6.62	640.00	457.38	1
2026-02-26T09:44:34.483337	0	4	NO_helmet	no_helmet	0.6860	0.00	6.62	640.00	457.38	1
2026-02-26T09:44:34.554181	0	4	NO_helmet	no_helmet	0.6876	0.00	6.75	640.00	457.38	1
2026-02-26T09:44:34.569668	0	4	NO_helmet	no_helmet	0.6876	0.00	6.88	640.00	457.38	1
2026-02-26T09:44:34.570825	0	4	NO_helmet	no_helmet	0.6749	0.00	7.50	640.00	457.50	1
2026-02-26T09:44:34.570825	0	4	NO_helmet	no_helmet	0.6809	0.00	7.62	640.00	457.62	1
2026-02-26T09:44:34.656215	0	4	NO_helmet	no_helmet	0.6740	0.00	7.62	640.00	457.38	1
2026-02-26T09:44:34.656215	0	4	NO_helmet	no_helmet	0.6758	0.00	7.50	640.00	457.50	1
2026-02-26T09:44:34.656215	0	4	NO_helmet	no_helmet	0.6732	0.00	7.75	640.00	457.38	1
2026-02-26T09:44:34.676939	0	4	NO_helmet	no_helmet	0.6809	0.00	7.75	640.00	457.38	1
2026-02-26T09:44:34.788094	0	4	NO_helmet	no_helmet	0.6843	0.00	7.50	640.00	457.50	1
2026-02-26T09:44:34.788094	0	4	NO_helmet	no_helmet	0.6809	0.00	7.38	640.00	457.38	1
2026-02-26T09:44:34.798372	0	4	NO_helmet	no_helmet	0.6885	0.00	7.12	640.00	457.38	1
2026-02-26T09:44:34.921523	0	4	NO_helmet	no_helmet	0.6868	0.00	7.50	640.00	457.38	1
2026-02-26T09:44:34.921523	0	4	NO_helmet	no_helmet	0.6843	0.00	7.50	640.00	457.38	1
2026-02-26T09:44:34.936489	0	4	NO_helmet	no_helmet	0.6951	0.00	7.50	639.75	457.25	1
2026-02-26T09:44:35.038064	0	4	NO_helmet	no_helmet	0.6663	0.00	7.75	640.00	457.50	1
2026-02-26T09:44:35.054737	0	4	NO_helmet	no_helmet	0.6740	0.00	8.25	640.00	457.25	1
2026-02-26T09:44:35.054737	0	4	NO_helmet	no_helmet	0.6697	0.00	8.25	640.00	457.25	1
2026-02-26T09:44:35.063128	0	4	NO_helmet	no_helmet	0.6602	0.00	8.50	640.00	457.25	1
2026-02-26T09:44:35.159247	0	4	NO_helmet	no_helmet	0.6558	0.00	8.62	640.00	457.50	1
2026-02-26T09:44:35.170224	0	4	NO_helmet	no_helmet	0.6610	0.00	8.50	640.00	457.38	1
2026-02-26T09:44:35.270468	0	4	NO_helmet	no_helmet	0.6602	0.00	8.50	640.00	457.50	1
2026-02-26T09:44:35.280882	0	4	NO_helmet	no_helmet	0.6663	0.00	8.75	640.00	457.38	1
2026-02-26T09:44:35.281593	0	4	NO_helmet	no_helmet	0.6584	0.00	8.75	640.00	457.25	1
2026-02-26T09:44:35.289515	0	4	NO_helmet	no_helmet	0.6663	0.00	9.00	640.00	457.25	1
2026-02-26T09:44:35.381926	0	4	NO_helmet	no_helmet	0.6689	0.00	8.75	640.00	457.38	1
2026-02-26T09:44:35.387751	0	4	NO_helmet	no_helmet	0.6697	0.00	8.88	640.00	457.25	1
2026-02-26T09:44:35.492357	0	4	NO_helmet	no_helmet	0.6637	0.00	9.12	640.00	457.25	1
2026-02-26T09:44:35.509482	0	4	NO_helmet	no_helmet	0.6671	0.00	9.38	639.75	457.25	1
2026-02-26T09:44:35.515481	0	4	NO_helmet	no_helmet	0.6602	0.00	9.62	640.00	457.38	1
2026-02-26T09:44:35.640127	0	4	NO_helmet	no_helmet	0.6740	0.00	9.62	640.00	457.38	1
2026-02-26T09:44:35.666677	0	4	NO_helmet	no_helmet	0.6766	0.00	9.62	640.00	457.25	1
2026-02-26T09:44:35.679813	0	4	NO_helmet	no_helmet	0.6876	0.00	9.50	640.00	457.25	1
2026-02-26T09:44:35.871104	0	4	NO_helmet	no_helmet	0.6910	0.00	9.62	640.00	457.12	1
2026-02-26T09:44:35.871104	0	4	NO_helmet	no_helmet	0.6876	0.00	9.62	640.00	457.25	1
2026-02-26T09:44:35.884696	0	4	NO_helmet	no_helmet	0.6918	0.00	9.12	640.00	457.12	1
2026-02-26T09:44:35.888777	0	4	NO_helmet	no_helmet	0.6885	0.00	9.50	640.00	457.00	1
2026-02-26T09:44:36.004336	0	4	NO_helmet	no_helmet	0.6851	0.00	9.38	640.00	456.75	1
2026-02-26T09:44:36.004336	0	4	NO_helmet	no_helmet	0.6893	0.00	9.38	640.00	457.12	1
2026-02-26T09:44:36.014776	0	4	NO_helmet	no_helmet	0.6885	0.00	9.38	640.00	456.88	1
2026-02-26T09:44:36.022222	0	4	NO_helmet	no_helmet	0.6951	0.00	12.12	640.00	457.50	1
2026-02-26T09:44:36.104653	0	4	NO_helmet	no_helmet	0.6976	0.00	9.00	640.00	457.00	1
2026-02-26T09:44:36.120986	0	4	NO_helmet	no_helmet	0.7009	0.00	9.12	640.00	457.00	1
2026-02-26T09:44:36.124584	0	4	NO_helmet	no_helmet	0.6968	0.00	9.25	640.00	457.00	1
2026-02-26T09:44:36.124584	0	4	NO_helmet	no_helmet	0.7074	0.00	9.00	640.00	457.00	1
2026-02-26T09:44:36.238051	0	4	NO_helmet	no_helmet	0.7122	0.00	8.88	640.00	456.75	1
2026-02-26T09:44:36.248812	0	4	NO_helmet	no_helmet	0.7154	0.00	9.00	640.00	456.88	1
2026-02-26T09:44:36.248812	0	4	NO_helmet	no_helmet	0.7050	0.00	9.00	639.75	456.88	1
2026-02-26T09:44:36.257446	0	4	NO_helmet	no_helmet	0.7090	0.00	9.00	639.75	456.88	1
2026-02-26T09:44:36.322242	0	4	NO_helmet	no_helmet	0.7042	0.00	8.88	639.75	456.88	1
2026-02-26T09:44:36.424212	0	4	NO_helmet	no_helmet	0.7009	0.00	8.88	639.75	456.88	1
2026-02-26T09:44:36.502206	0	4	NO_helmet	no_helmet	0.6951	0.00	8.38	640.00	456.88	1
2026-02-26T09:44:36.502206	0	4	NO_helmet	no_helmet	0.6926	0.00	8.50	640.00	456.62	1
2026-02-26T09:44:36.502206	0	4	NO_helmet	no_helmet	0.6860	0.00	9.00	640.00	456.75	1
2026-02-26T09:44:36.502206	0	4	NO_helmet	no_helmet	0.6876	0.00	8.88	640.00	456.88	1
2026-02-26T09:44:36.610461	0	4	NO_helmet	no_helmet	0.6893	0.00	9.00	640.00	457.00	1
2026-02-26T09:44:36.622824	0	4	NO_helmet	no_helmet	0.6918	0.00	9.50	640.00	456.88	1
2026-02-26T09:44:36.625823	0	4	NO_helmet	no_helmet	0.6960	0.00	9.62	640.00	456.88	1
2026-02-26T09:44:36.719524	0	4	NO_helmet	no_helmet	0.6935	0.00	9.38	640.00	456.75	1
2026-02-26T09:44:36.719524	0	4	NO_helmet	no_helmet	0.6893	0.00	9.38	640.00	456.88	1
2026-02-26T09:44:36.719524	0	4	NO_helmet	no_helmet	0.6910	0.00	8.88	640.00	456.88	1
2026-02-26T09:44:36.838705	0	4	NO_helmet	no_helmet	0.6860	0.00	9.12	639.75	456.88	1
2026-02-26T09:44:36.849356	0	4	NO_helmet	no_helmet	0.6809	0.00	9.12	640.00	456.75	1
2026-02-26T09:44:36.852443	0	4	NO_helmet	no_helmet	0.6723	0.00	9.00	640.00	456.75	1
2026-02-26T09:44:36.954676	0	4	NO_helmet	no_helmet	0.6723	0.00	9.12	640.00	456.75	1
2026-02-26T09:44:36.954676	0	4	NO_helmet	no_helmet	0.7122	0.00	9.38	640.00	456.88	1
2026-02-26T09:44:36.972916	0	4	NO_helmet	no_helmet	0.7138	0.00	12.50	640.00	457.62	1
2026-02-26T09:44:37.069335	0	4	NO_helmet	no_helmet	0.7233	0.00	9.12	640.00	456.75	1
2026-02-26T09:44:37.070706	0	4	NO_helmet	no_helmet	0.7241	0.00	9.12	640.00	456.62	1
2026-02-26T09:44:37.184164	0	4	NO_helmet	no_helmet	0.7272	0.00	9.00	640.00	456.75	1
2026-02-26T09:44:37.189692	0	4	NO_helmet	no_helmet	0.7241	0.00	9.38	640.00	456.75	1
2026-02-26T09:44:37.192694	0	4	NO_helmet	no_helmet	0.7170	0.00	9.12	640.00	456.88	1
2026-02-26T09:44:37.294654	0	4	NO_helmet	no_helmet	0.7162	0.00	9.25	640.00	456.88	1
2026-02-26T09:44:37.300656	0	4	NO_helmet	no_helmet	0.7154	0.00	9.38	640.00	456.88	1
2026-02-26T09:44:37.308657	0	4	NO_helmet	no_helmet	0.7146	0.00	9.00	640.00	456.88	1
2026-02-26T09:44:37.414201	0	4	NO_helmet	no_helmet	0.7090	0.00	9.25	640.00	456.88	1
2026-02-26T09:44:37.417200	0	4	NO_helmet	no_helmet	0.7058	0.00	9.50	640.00	456.88	1
2026-02-26T09:44:37.420200	0	4	NO_helmet	no_helmet	0.6976	0.00	9.75	640.00	456.88	1
2026-02-26T09:44:37.533121	0	4	NO_helmet	no_helmet	0.6910	0.00	9.88	640.00	456.75	1
2026-02-26T09:44:37.539935	0	4	NO_helmet	no_helmet	0.6843	0.00	9.88	640.00	456.88	1
2026-02-26T09:44:37.540823	0	4	NO_helmet	no_helmet	0.6868	0.00	9.88	640.00	456.75	1
2026-02-26T09:44:37.716907	0	4	NO_helmet	no_helmet	0.6918	0.00	9.88	640.00	456.88	1
2026-02-26T09:44:37.752468	0	4	NO_helmet	no_helmet	0.6860	0.00	10.25	640.00	456.75	1
2026-02-26T09:44:37.775917	0	4	NO_helmet	no_helmet	0.6834	0.00	13.12	640.00	457.75	1
2026-02-26T09:44:37.914795	0	4	NO_helmet	no_helmet	0.6826	0.00	13.38	640.00	457.62	1
2026-02-26T09:44:37.918797	0	4	NO_helmet	no_helmet	0.6868	0.00	10.25	640.00	456.75	1
2026-02-26T09:44:37.922218	0	4	NO_helmet	no_helmet	0.6893	0.00	13.38	640.00	457.62	1
2026-02-26T09:44:37.927222	0	4	NO_helmet	no_helmet	0.6860	0.00	13.62	640.00	457.50	1
2026-02-26T09:44:37.998941	0	4	NO_helmet	no_helmet	0.6843	0.00	13.62	640.00	457.38	1
2026-02-26T09:44:38.002891	0	4	NO_helmet	no_helmet	0.6809	0.00	13.75	640.00	457.50	1
2026-02-26T09:44:38.004891	0	4	NO_helmet	no_helmet	0.6893	0.00	10.12	640.00	456.62	1
2026-02-26T09:44:38.008022	0	4	NO_helmet	no_helmet	0.6901	0.00	10.00	640.00	456.62	1
2026-02-26T09:44:38.108050	0	4	NO_helmet	no_helmet	0.6951	0.00	13.62	640.00	457.50	1
2026-02-26T09:44:38.122873	0	4	NO_helmet	no_helmet	0.6976	0.00	9.88	640.00	456.38	1
2026-02-26T09:44:38.126874	0	4	NO_helmet	no_helmet	0.7033	0.00	9.75	640.00	456.50	1
2026-02-26T09:44:38.129873	0	4	NO_helmet	no_helmet	0.7025	0.00	9.62	640.00	456.50	1
2026-02-26T09:44:38.214360	0	4	NO_helmet	no_helmet	0.7017	0.00	9.62	640.00	456.50	1
2026-02-26T09:44:38.219360	0	4	NO_helmet	no_helmet	0.7001	0.00	8.88	640.00	456.50	1
2026-02-26T09:44:38.304934	0	4	NO_helmet	no_helmet	0.7082	0.00	8.88	640.00	456.50	1
2026-02-26T09:44:38.321708	0	4	NO_helmet	no_helmet	0.7106	0.00	9.12	640.00	456.50	1
2026-02-26T09:44:38.421177	0	4	NO_helmet	no_helmet	0.7074	0.00	9.12	640.00	456.50	1
2026-02-26T09:44:38.421177	0	4	NO_helmet	no_helmet	0.7114	0.00	9.25	640.00	456.62	1
2026-02-26T09:44:38.522780	0	4	NO_helmet	no_helmet	0.7066	0.00	9.38	640.00	456.75	1
2026-02-26T09:44:38.522780	0	4	NO_helmet	no_helmet	0.7025	0.00	13.00	640.00	457.38	1
2026-02-26T09:44:38.541280	0	4	NO_helmet	no_helmet	0.7050	0.00	13.25	640.00	457.62	1
2026-02-26T09:44:38.545280	0	4	NO_helmet	no_helmet	0.7106	0.00	13.38	640.00	457.62	1
2026-02-26T09:44:38.637747	0	4	NO_helmet	no_helmet	0.7162	0.00	9.12	640.00	456.75	1
2026-02-26T09:44:38.660468	0	4	NO_helmet	no_helmet	0.7122	0.00	9.25	640.00	456.75	1
2026-02-26T09:44:38.661154	0	4	NO_helmet	no_helmet	0.7114	0.00	9.25	640.00	456.75	1
2026-02-26T09:44:38.771385	0	4	NO_helmet	no_helmet	0.7146	0.00	9.25	640.00	456.62	1
2026-02-26T09:44:38.786623	0	4	NO_helmet	no_helmet	0.7186	0.00	9.25	640.00	456.75	1
2026-02-26T09:44:38.790850	0	4	NO_helmet	no_helmet	0.7138	0.00	9.62	640.00	456.62	1
2026-02-26T09:44:38.890072	0	4	NO_helmet	no_helmet	0.7202	0.00	9.50	640.00	456.75	1
2026-02-26T09:44:38.911131	0	4	NO_helmet	no_helmet	0.7154	0.00	9.50	640.00	456.75	1
2026-02-26T09:44:38.911131	0	4	NO_helmet	no_helmet	0.7098	0.00	13.88	640.00	457.75	1
2026-02-26T09:44:39.020679	0	4	NO_helmet	no_helmet	0.6893	0.00	7.88	640.00	456.88	1
2026-02-26T09:44:39.029169	0	4	NO_helmet	no_helmet	0.7025	0.00	7.88	640.00	456.88	1
2026-02-26T09:44:39.029169	0	4	NO_helmet	no_helmet	0.7082	0.00	7.62	640.00	456.75	1
2026-02-26T09:44:39.140486	0	4	NO_helmet	no_helmet	0.7122	0.00	7.75	640.00	456.50	1
2026-02-26T09:44:39.143303	0	4	NO_helmet	no_helmet	0.7146	0.00	7.38	640.00	456.50	1
2026-02-26T09:44:39.152294	0	4	NO_helmet	no_helmet	0.7138	0.00	7.38	640.00	456.75	1
2026-02-26T09:44:39.264910	0	4	NO_helmet	no_helmet	0.6984	0.00	7.38	640.00	456.50	1
2026-02-26T09:44:39.267910	0	4	NO_helmet	no_helmet	0.6968	0.00	7.62	640.00	456.75	1
2026-02-26T09:44:39.272122	0	4	NO_helmet	no_helmet	0.6984	0.00	7.75	640.00	456.75	1
2026-02-26T09:44:39.369131	0	4	NO_helmet	no_helmet	0.6993	0.00	7.62	640.00	456.75	1
2026-02-26T09:44:39.369131	0	4	NO_helmet	no_helmet	0.6943	0.00	8.00	640.00	456.75	1
2026-02-26T09:44:39.376302	0	4	NO_helmet	no_helmet	0.6951	0.00	7.75	640.00	456.75	1
2026-02-26T09:44:39.506161	0	4	NO_helmet	no_helmet	0.6960	0.00	7.88	640.00	456.75	1
2026-02-26T09:44:39.534995	0	4	NO_helmet	no_helmet	0.6843	0.00	8.12	640.00	456.88	1
2026-02-26T09:44:39.670536	0	4	NO_helmet	no_helmet	0.6876	0.00	7.75	640.00	456.88	1
2026-02-26T09:44:39.681390	0	4	NO_helmet	no_helmet	0.6918	0.00	7.50	640.00	457.00	1
2026-02-26T09:44:39.710764	0	4	NO_helmet	no_helmet	0.6876	0.00	8.00	640.00	456.88	1
2026-02-26T09:44:39.716763	0	4	NO_helmet	no_helmet	0.6885	0.00	7.88	640.00	456.88	1
2026-02-26T09:44:39.804444	0	4	NO_helmet	no_helmet	0.6834	0.00	7.75	640.00	456.62	1
2026-02-26T09:44:39.804444	0	4	NO_helmet	no_helmet	0.6918	0.00	8.00	640.00	456.88	1
2026-02-26T09:44:39.804444	0	4	NO_helmet	no_helmet	0.6993	0.00	7.88	640.00	457.00	1
2026-02-26T09:44:39.817494	0	4	NO_helmet	no_helmet	0.6935	0.00	7.88	640.00	456.75	1
2026-02-26T09:44:39.919080	0	4	NO_helmet	no_helmet	0.6993	0.00	7.50	640.00	456.75	1
2026-02-26T09:44:39.934718	0	4	NO_helmet	no_helmet	0.6935	0.00	7.12	640.00	456.88	1
2026-02-26T09:44:39.938954	0	4	NO_helmet	no_helmet	0.6968	0.00	8.00	640.00	456.88	1
2026-02-26T09:44:39.938954	0	4	NO_helmet	no_helmet	0.6968	0.00	7.88	640.00	457.00	1
2026-02-26T09:44:40.052299	0	4	NO_helmet	no_helmet	0.6993	0.00	7.62	640.00	456.88	1
2026-02-26T09:44:40.052299	0	4	NO_helmet	no_helmet	0.7042	0.00	7.38	640.00	456.88	1
2026-02-26T09:44:40.062197	0	4	NO_helmet	no_helmet	0.7082	0.00	7.25	640.00	457.00	1
2026-02-26T09:44:40.165155	0	4	NO_helmet	no_helmet	0.7098	0.00	7.12	640.00	456.88	1
2026-02-26T09:44:40.165155	0	4	NO_helmet	no_helmet	0.7122	0.00	7.50	640.00	457.00	1
2026-02-26T09:44:40.165155	0	4	NO_helmet	no_helmet	0.7017	0.00	7.50	640.00	456.88	1
2026-02-26T09:44:40.253529	0	4	NO_helmet	no_helmet	0.7066	0.00	7.25	640.00	456.88	1
2026-02-26T09:44:40.264290	0	4	NO_helmet	no_helmet	0.7058	0.00	7.25	640.00	456.88	1
2026-02-26T09:44:40.337074	0	4	NO_helmet	no_helmet	0.7066	0.00	7.12	640.00	456.88	1
2026-02-26T09:44:40.504370	0	4	NO_helmet	no_helmet	0.7082	0.00	7.38	640.00	456.88	1
2026-02-26T09:44:40.586762	0	4	NO_helmet	no_helmet	0.7098	0.00	7.38	640.00	457.25	1
2026-02-26T09:44:40.598854	0	4	NO_helmet	no_helmet	0.7210	0.00	7.12	640.00	456.88	1
2026-02-26T09:44:40.609821	0	4	NO_helmet	no_helmet	0.7162	0.00	7.62	640.00	456.88	1
2026-02-26T09:44:40.611822	0	4	NO_helmet	no_helmet	0.7122	0.00	7.75	640.00	456.88	1
2026-02-26T09:44:40.688652	0	4	NO_helmet	no_helmet	0.7146	0.00	7.62	640.00	456.88	1
2026-02-26T09:44:40.692352	0	4	NO_helmet	no_helmet	0.7090	0.00	7.50	640.00	457.00	1
2026-02-26T09:44:40.698460	0	4	NO_helmet	no_helmet	0.6960	0.00	7.50	640.00	457.25	1
2026-02-26T09:44:40.709991	0	4	NO_helmet	no_helmet	0.6885	0.00	7.75	640.00	457.12	1
2026-02-26T09:44:40.792542	0	4	NO_helmet	no_helmet	0.6800	0.00	11.12	640.00	458.00	1
2026-02-26T09:44:40.792542	0	4	NO_helmet	no_helmet	0.6834	0.00	7.25	640.00	457.00	1
2026-02-26T09:44:40.801779	0	4	NO_helmet	no_helmet	0.6783	0.00	11.12	640.00	457.88	1
2026-02-26T09:44:40.806870	0	4	NO_helmet	no_helmet	0.6749	0.00	11.25	640.00	458.00	1
2026-02-26T09:44:40.888311	0	4	NO_helmet	no_helmet	0.6800	0.00	11.12	640.00	457.75	1
2026-02-26T09:44:40.898558	0	4	NO_helmet	no_helmet	0.6800	0.00	10.75	640.00	457.88	1
2026-02-26T09:44:40.992293	0	4	NO_helmet	no_helmet	0.7233	0.00	9.12	640.00	458.00	1
2026-02-26T09:44:40.998982	0	4	NO_helmet	no_helmet	0.7280	0.00	9.25	640.00	457.75	1
2026-02-26T09:44:41.004823	0	4	NO_helmet	no_helmet	0.7280	0.00	5.25	640.00	457.12	1
2026-02-26T09:44:41.106023	0	4	NO_helmet	no_helmet	0.7256	0.00	5.00	640.00	457.25	1
2026-02-26T09:44:41.106023	0	4	NO_helmet	no_helmet	0.7256	0.00	5.38	640.00	457.12	1
2026-02-26T09:44:41.106023	0	4	NO_helmet	no_helmet	0.7303	0.00	5.38	640.00	457.12	1
2026-02-26T09:44:41.214148	0	4	NO_helmet	no_helmet	0.7272	0.00	5.75	640.00	457.25	1
2026-02-26T09:44:41.219149	0	4	NO_helmet	no_helmet	0.7210	0.00	5.75	640.00	457.25	1
2026-02-26T09:44:41.225542	0	4	NO_helmet	no_helmet	0.7194	0.00	5.88	640.00	457.38	1
2026-02-26T09:44:41.304305	0	4	NO_helmet	no_helmet	0.7210	0.00	5.88	640.00	457.50	1
2026-02-26T09:44:41.304305	0	4	NO_helmet	no_helmet	0.7225	0.00	6.00	640.00	457.25	1
2026-02-26T09:44:41.469236	0	4	NO_helmet	no_helmet	0.7114	0.00	6.50	640.00	457.50	1
2026-02-26T09:44:41.471791	0	4	NO_helmet	no_helmet	0.7138	0.00	6.62	640.00	457.38	1
2026-02-26T09:44:41.571079	0	4	NO_helmet	no_helmet	0.7146	0.00	6.50	640.00	457.38	1
2026-02-26T09:44:41.571079	0	4	NO_helmet	no_helmet	0.7066	0.00	7.00	640.00	457.50	1
2026-02-26T09:44:41.571079	0	4	NO_helmet	no_helmet	0.7042	0.00	7.25	640.00	457.25	1
2026-02-26T09:44:41.583628	0	4	NO_helmet	no_helmet	0.6993	0.00	7.62	640.00	457.25	1
2026-02-26T09:44:41.685761	0	4	NO_helmet	no_helmet	0.7017	0.00	7.25	640.00	457.25	1
2026-02-26T09:44:41.685761	0	4	NO_helmet	no_helmet	0.7017	0.00	7.38	640.00	457.50	1
2026-02-26T09:44:41.706338	0	4	NO_helmet	no_helmet	0.6968	0.00	7.12	640.00	457.50	1
2026-02-26T09:44:41.786915	0	4	NO_helmet	no_helmet	0.6951	0.00	7.12	640.00	457.50	1
2026-02-26T09:44:41.802625	0	4	NO_helmet	no_helmet	0.7042	0.00	7.25	640.00	457.25	1
2026-02-26T09:44:41.809029	0	4	NO_helmet	no_helmet	0.6943	0.00	11.25	640.00	458.00	1
2026-02-26T09:44:41.902910	0	4	NO_helmet	no_helmet	0.6960	0.00	7.50	640.00	457.25	1
2026-02-26T09:44:41.915171	0	4	NO_helmet	no_helmet	0.6926	0.00	11.62	640.00	457.88	1
2026-02-26T09:44:41.922475	0	4	NO_helmet	no_helmet	0.6943	0.00	11.25	640.00	457.88	1
2026-02-26T09:44:42.019548	0	4	NO_helmet	no_helmet	0.6968	0.00	11.25	640.00	458.00	1
2026-02-26T09:44:42.019548	0	4	NO_helmet	no_helmet	0.6901	0.00	11.50	640.00	457.88	1
2026-02-26T09:44:42.103336	0	4	NO_helmet	no_helmet	0.6968	0.00	10.75	640.00	457.88	1
2026-02-26T09:44:42.126247	0	4	NO_helmet	no_helmet	0.6976	0.00	10.50	640.00	458.00	1
2026-02-26T09:44:42.127183	0	4	NO_helmet	no_helmet	0.7058	0.00	10.38	640.00	458.00	1
2026-02-26T09:44:42.203765	0	4	NO_helmet	no_helmet	0.7001	0.00	10.50	640.00	458.00	1
2026-02-26T09:44:42.203765	0	4	NO_helmet	no_helmet	0.6960	0.00	10.50	640.00	458.00	1
2026-02-26T09:44:42.297263	0	4	NO_helmet	no_helmet	0.7042	0.00	10.25	640.00	458.00	1
2026-02-26T09:44:42.299263	0	4	NO_helmet	no_helmet	0.6960	0.00	10.62	640.00	457.75	1
2026-02-26T09:44:42.512109	0	4	NO_helmet	no_helmet	0.7009	0.00	10.12	640.00	458.00	1
2026-02-26T09:44:42.570885	0	4	NO_helmet	no_helmet	0.6976	0.00	10.38	640.00	458.00	1
2026-02-26T09:44:42.570885	0	4	NO_helmet	no_helmet	0.6993	0.00	10.00	640.00	458.00	1
2026-02-26T09:44:42.582553	0	4	NO_helmet	no_helmet	0.6918	0.00	10.38	640.00	458.00	1
2026-02-26T09:44:42.588075	0	4	NO_helmet	no_helmet	0.6910	0.00	10.12	640.00	457.75	1
2026-02-26T09:44:42.654606	0	4	NO_helmet	no_helmet	0.6851	0.00	10.50	640.00	458.00	1
2026-02-26T09:44:42.660563	0	4	NO_helmet	no_helmet	0.6868	0.00	10.88	640.00	457.88	1
2026-02-26T09:44:42.660563	0	4	NO_helmet	no_helmet	0.6876	0.00	10.50	640.00	458.00	1
2026-02-26T09:44:42.670462	0	4	NO_helmet	no_helmet	0.6935	0.00	10.75	640.00	458.00	1
2026-02-26T09:44:42.791617	0	4	NO_helmet	no_helmet	0.6976	0.00	10.62	640.00	458.12	1
2026-02-26T09:44:42.803361	0	4	NO_helmet	no_helmet	0.6968	0.00	10.62	640.00	458.00	1
2026-02-26T09:44:42.807365	0	4	NO_helmet	no_helmet	0.6893	0.00	10.50	640.00	458.00	1
2026-02-26T09:44:42.905972	0	4	NO_helmet	no_helmet	0.6876	0.00	10.62	640.00	458.00	1
2026-02-26T09:44:42.916147	0	4	NO_helmet	no_helmet	0.6826	0.00	11.00	640.00	458.00	1
2026-02-26T09:44:42.928430	0	4	NO_helmet	no_helmet	0.6843	0.00	10.88	640.00	458.00	1
2026-02-26T09:44:43.019173	0	4	NO_helmet	no_helmet	0.7170	0.00	10.50	640.00	457.50	1
2026-02-26T09:44:43.038174	0	4	NO_helmet	no_helmet	0.7194	0.00	10.75	640.00	457.38	1
2026-02-26T09:44:43.041172	0	4	NO_helmet	no_helmet	0.7202	0.00	10.25	640.00	457.62	1
2026-02-26T09:44:43.185160	0	4	NO_helmet	no_helmet	0.7162	0.00	10.38	640.00	457.62	1
2026-02-26T09:44:43.200980	0	4	NO_helmet	no_helmet	0.7130	0.00	10.12	640.00	457.50	1
2026-02-26T09:44:43.217027	0	4	NO_helmet	no_helmet	0.7186	0.00	10.12	640.00	457.50	1
2026-02-26T09:44:43.345339	0	4	NO_helmet	no_helmet	0.7170	0.00	10.62	640.00	457.62	1
2026-02-26T09:44:43.348338	0	4	NO_helmet	no_helmet	0.7194	0.00	10.75	639.75	457.38	1
2026-02-26T09:44:43.350339	0	4	NO_helmet	no_helmet	0.7178	0.00	10.88	640.00	457.50	1
2026-02-26T09:44:43.355205	0	4	NO_helmet	no_helmet	0.7162	0.00	10.50	640.00	457.62	1
2026-02-26T09:44:43.452713	0	4	NO_helmet	no_helmet	0.7130	0.00	10.62	640.00	457.50	1
2026-02-26T09:44:43.452713	0	4	NO_helmet	no_helmet	0.7146	0.00	10.50	640.00	457.62	1
2026-02-26T09:44:43.452713	0	4	NO_helmet	no_helmet	0.7106	0.00	10.88	639.75	457.38	1
2026-02-26T09:44:43.468013	0	4	NO_helmet	no_helmet	0.7066	0.00	10.75	640.00	457.38	1
2026-02-26T09:44:43.569398	0	4	NO_helmet	no_helmet	0.7082	0.00	10.88	640.00	457.38	1
2026-02-26T09:44:43.577962	0	4	NO_helmet	no_helmet	0.7050	0.00	10.88	640.00	457.25	1
2026-02-26T09:44:43.577962	0	4	NO_helmet	no_helmet	0.7138	0.00	10.50	640.00	457.38	1
2026-02-26T09:44:43.669815	0	4	NO_helmet	no_helmet	0.7106	0.00	10.25	640.00	457.38	1
2026-02-26T09:44:43.681444	0	4	NO_helmet	no_helmet	0.7058	0.00	10.75	640.00	457.25	1
2026-02-26T09:44:43.690134	0	4	NO_helmet	no_helmet	0.7090	0.00	10.38	640.00	457.25	1
2026-02-26T09:44:43.801579	0	4	NO_helmet	no_helmet	0.7074	0.00	10.38	640.00	457.12	1
2026-02-26T09:44:43.813878	0	4	NO_helmet	no_helmet	0.7114	0.00	10.25	640.00	457.12	1
2026-02-26T09:44:43.820439	0	4	NO_helmet	no_helmet	0.7082	0.00	10.50	640.00	457.12	1
2026-02-26T09:44:43.903544	0	4	NO_helmet	no_helmet	0.7114	0.00	10.38	640.00	457.12	1
2026-02-26T09:44:43.919543	0	4	NO_helmet	no_helmet	0.7074	0.00	10.62	640.00	457.00	1
2026-02-26T09:44:43.919543	0	4	NO_helmet	no_helmet	0.7090	0.00	10.50	640.00	457.00	1
2026-02-26T09:44:44.018883	0	4	NO_helmet	no_helmet	0.7033	0.00	10.38	640.00	457.00	1
2026-02-26T09:44:44.018883	0	4	NO_helmet	no_helmet	0.7009	0.00	10.38	640.00	457.12	1
2026-02-26T09:44:44.141555	0	4	NO_helmet	no_helmet	0.7058	0.00	10.12	640.00	457.12	1
2026-02-26T09:44:44.141555	0	4	NO_helmet	no_helmet	0.7082	0.00	10.38	640.00	457.12	1
2026-02-26T09:44:44.157645	0	4	NO_helmet	no_helmet	0.7090	0.00	10.00	640.00	457.12	1
2026-02-26T09:44:44.277122	0	4	NO_helmet	no_helmet	0.7050	0.00	10.25	640.00	457.25	1
2026-02-26T09:44:44.283122	0	4	NO_helmet	no_helmet	0.7058	0.00	10.25	640.00	457.25	1
2026-02-26T09:44:44.290021	0	4	NO_helmet	no_helmet	0.7042	0.00	10.38	640.00	457.25	1
2026-02-26T09:44:44.364863	0	4	NO_helmet	no_helmet	0.7050	0.00	10.25	640.00	457.00	1
2026-02-26T09:44:44.452222	0	4	NO_helmet	no_helmet	0.7050	0.00	10.38	640.00	457.12	1
2026-02-26T09:44:44.452222	0	4	NO_helmet	no_helmet	0.7082	0.00	10.38	640.00	457.12	1
2026-02-26T09:44:44.463888	0	4	NO_helmet	no_helmet	0.7066	0.00	10.62	640.00	457.00	1
2026-02-26T09:44:44.475473	0	4	NO_helmet	no_helmet	0.7122	0.00	10.38	640.00	457.00	1
2026-02-26T09:44:44.570154	0	4	NO_helmet	no_helmet	0.7106	0.00	10.38	640.00	457.00	1
2026-02-26T09:44:44.586643	0	4	NO_helmet	no_helmet	0.7114	0.00	10.50	640.00	456.88	1
2026-02-26T09:44:44.593082	0	4	NO_helmet	no_helmet	0.7138	0.00	10.62	640.00	456.88	1
2026-02-26T09:44:44.704306	0	4	NO_helmet	no_helmet	0.7090	0.00	10.50	640.00	457.00	1
2026-02-26T09:44:44.714245	0	4	NO_helmet	no_helmet	0.7090	0.00	10.25	640.00	457.00	1
2026-02-26T09:44:44.715138	0	4	NO_helmet	no_helmet	0.7090	0.00	10.12	640.00	457.12	1
2026-02-26T09:44:44.837489	0	4	NO_helmet	no_helmet	0.6984	0.00	10.50	640.00	457.12	1
2026-02-26T09:44:44.854272	0	4	NO_helmet	no_helmet	0.6993	0.00	10.62	640.00	457.12	1
2026-02-26T09:44:44.854272	0	4	NO_helmet	no_helmet	0.6901	0.00	10.62	640.00	457.25	1
2026-02-26T09:44:45.037646	0	4	NO_helmet	no_helmet	0.6910	0.00	10.88	640.00	457.00	1
2026-02-26T09:44:45.046295	0	4	NO_helmet	no_helmet	0.6876	0.00	10.88	640.00	457.12	1
2026-02-26T09:44:45.046295	0	4	NO_helmet	no_helmet	0.6270	0.00	12.38	640.00	457.75	1
2026-02-26T09:44:45.076308	0	4	NO_helmet	no_helmet	0.6325	0.00	12.12	640.00	457.75	1
2026-02-26T09:44:45.222552	0	4	NO_helmet	no_helmet	0.6379	0.00	11.75	640.00	457.50	1
2026-02-26T09:44:45.229553	0	4	NO_helmet	no_helmet	0.6442	0.00	12.38	640.00	457.62	1
2026-02-26T09:44:45.238970	0	4	NO_helmet	no_helmet	0.6460	0.00	11.62	640.00	457.50	1
2026-02-26T09:44:45.253715	0	4	NO_helmet	no_helmet	0.6540	0.00	11.75	640.00	457.75	1
2026-02-26T09:44:45.354252	0	4	NO_helmet	no_helmet	0.6514	0.00	11.62	640.00	457.62	1
2026-02-26T09:44:45.363662	0	4	NO_helmet	no_helmet	0.6531	0.00	11.62	640.00	457.75	1
2026-02-26T09:44:45.364520	0	4	NO_helmet	no_helmet	0.6487	0.00	11.38	640.00	457.75	1
2026-02-26T09:44:45.371582	0	4	NO_helmet	no_helmet	0.6478	0.00	11.50	640.00	458.00	1
2026-02-26T09:44:45.444628	0	4	NO_helmet	no_helmet	0.6433	0.00	11.50	640.00	457.88	1
2026-02-26T09:44:45.453668	0	4	NO_helmet	no_helmet	0.6388	0.00	11.75	640.00	457.88	1
2026-02-26T09:44:45.458079	0	4	NO_helmet	no_helmet	0.6379	0.00	11.75	640.00	457.75	1
2026-02-26T09:44:45.458079	0	4	NO_helmet	no_helmet	0.6352	0.00	11.88	640.00	457.75	1
2026-02-26T09:44:45.569231	0	4	NO_helmet	no_helmet	0.6334	0.00	11.88	640.00	457.75	1
2026-02-26T09:44:45.569231	0	4	NO_helmet	no_helmet	0.6433	0.00	11.50	640.00	457.75	1
2026-02-26T09:44:45.582015	0	4	NO_helmet	no_helmet	0.6270	0.00	11.50	640.00	457.88	1
2026-02-26T09:44:45.686995	0	4	NO_helmet	no_helmet	0.6388	0.00	11.38	640.00	457.88	1
2026-02-26T09:44:45.707840	0	4	NO_helmet	no_helmet	0.6388	0.00	11.50	640.00	458.00	1
2026-02-26T09:44:45.707840	0	4	NO_helmet	no_helmet	0.6415	0.00	11.38	640.00	458.00	1
2026-02-26T09:44:45.821853	0	4	NO_helmet	no_helmet	0.6352	0.00	11.50	640.00	458.00	1
2026-02-26T09:44:45.826852	0	4	NO_helmet	no_helmet	0.6469	0.00	11.12	640.00	457.88	1
2026-02-26T09:44:45.828853	0	4	NO_helmet	no_helmet	0.6496	0.00	10.75	640.00	457.88	1
2026-02-26T09:44:45.934591	0	4	NO_helmet	no_helmet	0.6558	0.00	10.62	640.00	457.75	1
2026-02-26T09:44:45.937592	0	4	NO_helmet	no_helmet	0.6496	0.00	10.62	640.00	457.75	1
2026-02-26T09:44:45.942884	0	4	NO_helmet	no_helmet	0.6531	0.00	10.62	640.00	457.75	1
2026-02-26T09:44:46.053632	0	4	NO_helmet	no_helmet	0.6496	0.00	10.62	640.00	458.00	1
2026-02-26T09:44:46.061960	0	4	NO_helmet	no_helmet	0.6424	0.00	10.75	640.00	457.75	1
2026-02-26T09:44:46.062778	0	4	NO_helmet	no_helmet	0.6424	0.00	10.75	640.00	457.62	1
2026-02-26T09:44:46.162875	0	4	NO_helmet	no_helmet	0.6379	0.00	10.88	640.00	457.75	1
2026-02-26T09:44:46.164875	0	4	NO_helmet	no_helmet	0.6415	0.00	11.00	640.00	457.75	1
2026-02-26T09:44:46.167876	0	4	NO_helmet	no_helmet	0.6424	0.00	10.88	640.00	457.62	1
2026-02-26T09:44:46.279562	0	4	NO_helmet	no_helmet	0.6487	0.00	10.88	640.00	458.00	1
2026-02-26T09:44:46.283562	0	4	NO_helmet	no_helmet	0.6460	0.00	11.25	640.00	457.75	1
2026-02-26T09:44:46.355146	0	4	NO_helmet	no_helmet	0.6388	0.00	11.12	640.00	457.75	1
2026-02-26T09:44:46.437112	0	4	NO_helmet	no_helmet	0.6352	0.00	11.38	640.00	457.75	1
2026-02-26T09:44:46.456318	0	4	NO_helmet	no_helmet	0.6334	0.00	11.62	640.00	457.88	1
2026-02-26T09:44:46.461719	0	4	NO_helmet	no_helmet	0.6397	0.00	11.62	640.00	458.00	1
2026-02-26T09:44:46.461719	0	4	NO_helmet	no_helmet	0.6397	0.00	11.62	640.00	458.00	1
2026-02-26T09:44:46.571379	0	4	NO_helmet	no_helmet	0.6433	0.00	11.50	640.00	458.12	1
2026-02-26T09:44:46.581205	0	4	NO_helmet	no_helmet	0.6487	0.00	11.38	640.00	458.00	1
2026-02-26T09:44:46.587943	0	4	NO_helmet	no_helmet	0.6451	0.00	11.00	640.00	458.00	1
2026-02-26T09:44:46.707356	0	4	NO_helmet	no_helmet	0.6424	0.00	11.12	640.00	458.00	1
2026-02-26T09:44:46.712358	0	4	NO_helmet	no_helmet	0.6406	0.00	11.12	640.00	457.88	1
2026-02-26T09:44:46.717357	0	4	NO_helmet	no_helmet	0.6370	0.00	11.12	640.00	458.00	1
2026-02-26T09:44:46.901417	0	4	NO_helmet	no_helmet	0.6334	0.00	11.75	640.00	458.00	1
2026-02-26T09:44:46.901417	0	4	NO_helmet	no_helmet	0.6261	0.00	11.62	640.00	458.00	1
2026-02-26T09:44:46.922155	0	4	NO_helmet	no_helmet	0.6280	0.00	11.62	640.00	458.00	1
2026-02-26T09:44:47.020092	0	4	NO_helmet	no_helmet	0.6243	0.00	11.25	640.00	457.75	1
2026-02-26T09:44:47.036040	0	4	NO_helmet	no_helmet	0.6343	0.00	11.12	640.00	457.75	1
2026-02-26T09:44:47.044834	0	4	NO_helmet	no_helmet	0.5974	0.00	10.88	640.00	458.25	1
2026-02-26T09:44:47.044834	0	4	NO_helmet	no_helmet	0.5964	0.00	11.25	640.00	458.25	1
2026-02-26T09:44:47.137736	0	4	NO_helmet	no_helmet	0.5964	0.00	11.50	640.00	458.12	1
2026-02-26T09:44:47.158201	0	4	NO_helmet	no_helmet	0.5993	0.00	11.38	640.00	458.25	1
2026-02-26T09:44:47.158201	0	4	NO_helmet	no_helmet	0.5993	0.00	11.75	640.00	458.25	1
2026-02-26T09:44:47.158201	0	4	NO_helmet	no_helmet	0.6067	0.00	11.62	640.00	458.25	1
2026-02-26T09:44:47.318454	0	4	NO_helmet	no_helmet	0.6077	0.00	11.50	640.00	458.25	1
2026-02-26T09:44:47.318454	0	4	NO_helmet	no_helmet	0.6058	0.00	11.38	640.00	458.12	1
2026-02-26T09:44:47.338939	0	4	NO_helmet	no_helmet	0.6030	0.00	11.12	640.00	458.50	1
2026-02-26T09:44:47.340612	0	4	NO_helmet	no_helmet	0.6030	0.00	11.12	640.00	458.38	1
2026-02-26T09:44:47.420002	0	4	NO_helmet	no_helmet	0.6049	0.00	11.00	640.00	458.25	1
2026-02-26T09:44:47.430277	0	4	NO_helmet	no_helmet	0.6049	0.00	11.00	640.00	458.25	1
2026-02-26T09:44:47.436850	0	4	NO_helmet	no_helmet	0.5927	0.00	10.88	640.00	458.25	1
2026-02-26T09:44:47.438427	0	4	NO_helmet	no_helmet	0.5993	0.00	11.25	640.00	458.38	1
2026-02-26T09:44:47.540020	0	4	NO_helmet	no_helmet	0.6021	0.00	11.12	640.00	458.38	1
2026-02-26T09:44:47.547021	0	4	NO_helmet	no_helmet	0.6021	0.00	11.00	640.00	458.25	1
2026-02-26T09:44:47.654218	0	4	NO_helmet	no_helmet	0.6105	0.00	11.00	640.00	458.00	1
2026-02-26T09:44:47.671686	0	4	NO_helmet	no_helmet	0.6169	0.00	10.88	640.00	458.12	1
2026-02-26T09:44:47.672863	0	4	NO_helmet	no_helmet	0.6132	0.00	10.75	640.00	458.25	1
2026-02-26T09:44:47.770717	0	4	NO_helmet	no_helmet	0.6086	0.00	11.12	640.00	458.25	1
2026-02-26T09:44:47.787324	0	4	NO_helmet	no_helmet	0.6077	0.00	11.12	640.00	458.12	1
2026-02-26T09:44:47.791688	0	4	NO_helmet	no_helmet	0.5946	0.00	11.38	640.00	458.25	1
2026-02-26T09:44:47.906023	0	4	NO_helmet	no_helmet	0.5898	0.00	11.25	640.00	458.12	1
2026-02-26T09:44:47.911024	0	4	NO_helmet	no_helmet	0.5908	0.00	11.25	640.00	458.12	1
2026-02-26T09:44:47.915023	0	4	NO_helmet	no_helmet	0.5946	0.00	11.38	640.00	458.00	1
2026-02-26T09:44:48.020208	0	4	NO_helmet	no_helmet	0.5974	0.00	11.62	640.00	458.00	1
2026-02-26T09:44:48.020208	0	4	NO_helmet	no_helmet	0.5946	0.00	11.50	640.00	458.00	1
2026-02-26T09:44:48.033789	0	4	NO_helmet	no_helmet	0.6021	0.00	11.50	640.00	457.88	1
2026-02-26T09:44:48.136861	0	4	NO_helmet	no_helmet	0.6002	0.00	11.50	640.00	457.88	1
2026-02-26T09:44:48.147875	0	4	NO_helmet	no_helmet	0.6095	0.00	11.50	640.00	457.88	1
2026-02-26T09:44:48.156577	0	4	NO_helmet	no_helmet	0.5908	0.00	12.00	640.00	458.00	1
2026-02-26T09:44:48.254295	0	4	NO_helmet	no_helmet	0.6067	0.00	11.75	640.00	458.00	1
2026-02-26T09:44:48.264449	0	4	NO_helmet	no_helmet	0.6030	0.00	11.75	640.00	457.88	1
2026-02-26T09:44:48.271206	0	4	NO_helmet	no_helmet	0.6021	0.00	12.12	640.00	458.00	1
2026-02-26T09:44:48.344800	0	4	NO_helmet	no_helmet	0.6049	0.00	11.75	640.00	458.00	1
2026-02-26T09:44:48.504193	0	4	NO_helmet	no_helmet	0.6021	0.00	11.88	640.00	458.00	1
2026-02-26T09:44:48.585873	0	4	NO_helmet	no_helmet	0.6077	0.00	11.38	640.00	457.88	1
2026-02-26T09:44:48.593772	0	4	NO_helmet	no_helmet	0.6114	0.00	11.00	640.00	457.75	1
2026-02-26T09:44:48.594875	0	4	NO_helmet	no_helmet	0.6132	0.00	11.25	640.00	457.88	1
2026-02-26T09:44:48.604542	0	4	NO_helmet	no_helmet	0.6197	0.00	11.25	640.00	457.88	1
2026-02-26T09:44:48.670831	0	4	NO_helmet	no_helmet	0.6160	0.00	11.25	640.00	457.75	1
2026-02-26T09:44:48.692088	0	4	NO_helmet	no_helmet	0.6160	0.00	11.38	640.00	457.75	1
2026-02-26T09:44:48.694087	0	4	NO_helmet	no_helmet	0.6077	0.00	12.00	640.00	457.75	1
2026-02-26T09:44:48.703478	0	4	NO_helmet	no_helmet	0.6067	0.00	12.12	640.00	457.88	1
2026-02-26T09:44:48.837528	0	4	NO_helmet	no_helmet	0.6021	0.00	12.38	640.00	457.88	1
2026-02-26T09:44:48.875185	0	4	NO_helmet	no_helmet	0.6021	0.00	12.25	640.00	457.75	1
2026-02-26T09:44:48.888693	0	4	NO_helmet	no_helmet	0.6049	0.00	12.25	640.00	458.00	1
2026-02-26T09:44:48.906200	0	4	NO_helmet	no_helmet	0.6049	0.00	12.12	640.00	457.88	1
2026-02-26T09:44:49.070908	0	4	NO_helmet	no_helmet	0.6206	0.00	12.12	640.00	458.00	1
2026-02-26T09:44:49.087378	0	4	NO_helmet	no_helmet	0.6261	0.00	12.12	640.00	458.00	1
2026-02-26T09:44:49.112505	0	4	NO_helmet	no_helmet	0.6379	0.00	11.88	640.00	457.62	1
2026-02-26T09:44:49.119352	0	4	NO_helmet	no_helmet	0.6424	0.00	12.12	640.00	457.50	1
2026-02-26T09:44:49.204218	0	4	NO_helmet	no_helmet	0.6442	0.00	11.88	640.00	457.62	1
2026-02-26T09:44:49.204218	0	4	NO_helmet	no_helmet	0.6397	0.00	12.00	640.00	457.75	1
2026-02-26T09:44:49.204218	0	4	NO_helmet	no_helmet	0.6361	0.00	12.12	640.00	457.75	1
2026-02-26T09:44:49.219371	0	4	NO_helmet	no_helmet	0.6379	0.00	12.12	640.00	457.62	1
2026-02-26T09:44:49.295657	0	4	NO_helmet	no_helmet	0.6388	0.00	12.25	640.00	457.62	1
2026-02-26T09:44:49.304657	0	4	NO_helmet	no_helmet	0.6361	0.00	12.62	640.00	457.50	1
2026-02-26T09:44:49.312660	0	4	NO_helmet	no_helmet	0.6270	0.00	12.75	640.00	457.50	1
2026-02-26T09:44:49.321137	0	4	NO_helmet	no_helmet	0.6280	0.00	12.88	640.00	457.50	1
2026-02-26T09:44:49.423988	0	4	NO_helmet	no_helmet	0.6325	0.00	13.00	640.00	457.62	1
2026-02-26T09:44:49.423988	0	4	NO_helmet	no_helmet	0.6280	0.00	12.62	640.00	457.50	1
2026-02-26T09:44:49.423988	0	4	NO_helmet	no_helmet	0.6261	0.00	12.50	640.00	457.62	1
2026-02-26T09:44:49.518844	0	4	NO_helmet	no_helmet	0.6234	0.00	12.62	640.00	457.75	1
2026-02-26T09:44:49.518844	0	4	NO_helmet	no_helmet	0.6307	0.00	12.50	640.00	457.62	1
2026-02-26T09:44:49.518844	0	4	NO_helmet	no_helmet	0.6325	0.00	12.38	640.00	457.75	1
2026-02-26T09:44:49.602994	0	4	NO_helmet	no_helmet	0.6316	0.00	12.62	640.00	457.75	1
2026-02-26T09:44:49.622507	0	4	NO_helmet	no_helmet	0.6343	0.00	12.62	640.00	457.75	1
2026-02-26T09:44:49.623186	0	4	NO_helmet	no_helmet	0.6298	0.00	12.75	640.00	457.88	1
2026-02-26T09:44:49.704115	0	4	NO_helmet	no_helmet	0.6270	0.00	12.50	640.00	457.62	1
2026-02-26T09:44:49.709629	0	4	NO_helmet	no_helmet	0.6243	0.00	12.38	640.00	457.75	1
2026-02-26T09:44:49.787642	0	4	NO_helmet	no_helmet	0.6252	0.00	12.25	640.00	457.62	1
2026-02-26T09:44:49.803496	0	4	NO_helmet	no_helmet	0.6252	0.00	12.38	640.00	457.75	1
2026-02-26T09:44:49.908038	0	4	NO_helmet	no_helmet	0.6234	0.00	12.62	640.00	457.50	1
2026-02-26T09:44:49.914516	0	4	NO_helmet	no_helmet	0.6188	0.00	9.38	640.00	456.62	1
2026-02-26T09:44:49.916227	0	4	NO_helmet	no_helmet	0.6243	0.00	12.38	640.00	457.50	1
2026-02-26T09:44:49.992581	0	4	NO_helmet	no_helmet	0.6252	0.00	12.25	640.00	457.50	1
2026-02-26T09:44:49.994582	0	4	NO_helmet	no_helmet	0.6298	0.00	12.50	640.00	457.62	1
2026-02-26T09:44:50.071045	0	4	NO_helmet	no_helmet	0.6424	0.00	12.38	640.00	457.50	1
2026-02-26T09:44:50.071045	0	4	NO_helmet	no_helmet	0.6442	0.00	12.12	640.00	457.50	1
2026-02-26T09:44:50.142947	0	4	NO_helmet	no_helmet	0.6433	0.00	12.25	640.00	457.50	1
2026-02-26T09:44:50.149474	0	4	NO_helmet	no_helmet	0.6496	0.00	12.38	640.00	457.50	1
2026-02-26T09:44:50.237797	0	4	NO_helmet	no_helmet	0.6496	0.00	12.50	640.00	457.38	1
2026-02-26T09:44:50.237797	0	4	NO_helmet	no_helmet	0.6549	0.00	12.38	640.00	457.25	1
2026-02-26T09:44:50.323293	0	4	NO_helmet	no_helmet	0.6549	0.00	12.75	640.00	457.50	1
2026-02-26T09:44:50.485374	0	4	NO_helmet	no_helmet	0.6522	0.00	12.62	640.00	457.62	1
2026-02-26T09:44:50.664349	0	4	NO_helmet	no_helmet	0.6558	0.00	12.75	640.00	457.38	1
2026-02-26T09:44:50.664349	0	4	NO_helmet	no_helmet	0.6505	0.00	12.88	640.00	457.62	1
2026-02-26T09:44:50.688911	0	4	NO_helmet	no_helmet	0.6415	0.00	12.88	640.00	457.50	1
2026-02-26T09:44:50.707911	0	4	NO_helmet	no_helmet	0.6379	0.00	13.25	640.00	457.50	1
2026-02-26T09:44:50.763144	0	4	NO_helmet	no_helmet	0.6406	0.00	13.00	640.00	457.50	1
2026-02-26T09:44:50.778352	0	4	NO_helmet	no_helmet	0.6584	0.00	12.62	640.00	457.50	1
2026-02-26T09:44:50.785352	0	4	NO_helmet	no_helmet	0.6575	0.00	12.75	640.00	457.62	1
2026-02-26T09:44:50.788021	0	4	NO_helmet	no_helmet	0.6549	0.00	12.38	640.00	457.50	1
2026-02-26T09:44:50.834151	0	4	NO_helmet	no_helmet	0.6645	0.00	12.75	640.00	457.62	1
2026-02-26T09:44:50.838557	0	4	NO_helmet	no_helmet	0.6619	0.00	12.88	640.00	457.75	1
2026-02-26T09:44:50.840579	0	4	NO_helmet	no_helmet	0.6558	0.00	13.12	640.00	457.62	1
2026-02-26T09:44:50.842580	0	4	NO_helmet	no_helmet	0.6496	0.00	13.12	640.00	457.50	1
2026-02-26T09:44:50.920134	0	4	NO_helmet	no_helmet	0.6496	0.00	13.38	640.00	457.50	1
2026-02-26T09:44:50.923834	0	4	NO_helmet	no_helmet	0.6469	0.00	13.62	640.00	457.50	1
2026-02-26T09:44:50.926683	0	4	NO_helmet	no_helmet	0.6206	0.00	13.75	640.00	457.25	1
2026-02-26T09:44:50.998034	0	4	NO_helmet	no_helmet	0.6280	0.00	13.75	640.00	457.12	1
2026-02-26T09:44:51.076387	0	4	NO_helmet	no_helmet	0.6280	0.00	14.12	640.00	457.25	1
2026-02-26T09:44:51.081388	0	4	NO_helmet	no_helmet	0.6343	0.00	13.88	640.00	457.25	1
2026-02-26T09:44:51.083388	0	4	NO_helmet	no_helmet	0.6388	0.00	13.62	640.00	457.38	1
2026-02-26T09:44:51.153641	0	4	NO_helmet	no_helmet	0.6289	0.00	14.12	640.00	457.12	1
2026-02-26T09:44:51.153641	0	4	NO_helmet	no_helmet	0.6280	0.00	13.88	640.00	457.25	1
2026-02-26T09:44:51.252855	0	4	NO_helmet	no_helmet	0.6316	0.00	13.50	640.00	457.38	1
2026-02-26T09:44:51.252855	0	4	NO_helmet	no_helmet	0.6334	0.00	13.50	640.00	457.12	1
2026-02-26T09:44:51.370018	0	4	NO_helmet	no_helmet	0.6397	0.00	13.50	640.00	457.25	1
2026-02-26T09:44:51.370018	0	4	NO_helmet	no_helmet	0.6361	0.00	13.62	640.00	457.38	1
2026-02-26T09:44:51.382763	0	4	NO_helmet	no_helmet	0.6379	0.00	13.75	640.00	457.38	1
2026-02-26T09:44:51.508772	0	4	NO_helmet	no_helmet	0.6334	0.00	13.88	640.00	457.25	1
2026-02-26T09:44:51.516774	0	4	NO_helmet	no_helmet	0.6370	0.00	13.25	640.00	457.25	1
2026-02-26T09:44:51.528682	0	4	NO_helmet	no_helmet	0.6397	0.00	13.38	640.00	457.12	1
2026-02-26T09:44:51.618283	0	4	NO_helmet	no_helmet	0.6289	0.00	13.62	640.00	457.12	1
2026-02-26T09:44:51.633918	0	4	NO_helmet	no_helmet	0.6280	0.00	13.75	640.00	457.25	1
2026-02-26T09:44:51.636654	0	4	NO_helmet	no_helmet	0.6280	0.00	14.00	640.00	457.38	1
2026-02-26T09:44:51.755115	0	4	NO_helmet	no_helmet	0.6270	0.00	13.62	640.00	457.25	1
2026-02-26T09:44:51.760142	0	4	NO_helmet	no_helmet	0.6270	0.00	13.62	640.00	457.50	1
2026-02-26T09:44:51.771216	0	4	NO_helmet	no_helmet	0.6325	0.00	13.38	640.00	457.25	1
2026-02-26T09:44:51.868512	0	4	NO_helmet	no_helmet	0.6334	0.00	13.38	640.00	457.50	1
2026-02-26T09:44:51.882136	0	4	NO_helmet	no_helmet	0.6397	0.00	13.50	640.00	457.25	1
2026-02-26T09:44:51.887767	0	4	NO_helmet	no_helmet	0.6433	0.00	13.25	640.00	457.25	1
2026-02-26T09:44:51.890765	0	4	NO_helmet	no_helmet	0.6243	0.00	13.62	640.00	457.38	1
2026-02-26T09:44:52.002438	0	4	NO_helmet	no_helmet	0.6234	0.00	14.00	640.00	457.38	1
2026-02-26T09:44:52.012095	0	4	NO_helmet	no_helmet	0.6243	0.00	13.62	640.00	457.50	1
2026-02-26T09:44:52.013007	0	4	NO_helmet	no_helmet	0.6234	0.00	13.88	640.00	457.75	1
2026-02-26T09:44:52.124076	0	4	NO_helmet	no_helmet	0.6334	0.00	13.88	640.00	457.50	1
2026-02-26T09:44:52.126083	0	4	NO_helmet	no_helmet	0.6142	0.00	15.12	640.00	457.62	1
2026-02-26T09:44:52.129851	0	4	NO_helmet	no_helmet	0.6039	0.00	15.50	640.00	457.50	1
2026-02-26T09:44:52.206019	0	4	NO_helmet	no_helmet	0.6225	0.00	15.00	640.00	457.50	1
2026-02-26T09:44:52.220561	0	4	NO_helmet	no_helmet	0.6243	0.00	15.00	640.00	457.25	1
2026-02-26T09:44:52.302866	0	4	NO_helmet	no_helmet	0.6397	0.00	14.75	640.00	457.50	1
2026-02-26T09:44:52.330262	0	4	NO_helmet	no_helmet	0.6343	0.00	14.62	640.00	457.38	1
2026-02-26T09:44:52.579792	0	4	NO_helmet	no_helmet	0.6325	0.00	15.12	640.00	457.25	1
2026-02-26T09:44:52.700546	0	4	NO_helmet	no_helmet	0.6243	0.00	15.12	640.00	457.25	1
2026-02-26T09:44:52.716203	0	4	NO_helmet	no_helmet	0.6316	0.00	14.88	640.00	457.25	1
2026-02-26T09:44:52.723621	0	4	NO_helmet	no_helmet	0.6289	0.00	14.62	640.00	457.38	1
2026-02-26T09:44:52.723621	0	4	NO_helmet	no_helmet	0.6261	0.00	15.00	640.00	457.25	1
2026-02-26T09:44:52.808239	0	4	NO_helmet	no_helmet	0.6334	0.00	14.75	640.00	457.25	1
2026-02-26T09:44:52.816239	0	4	NO_helmet	no_helmet	0.6261	0.00	14.75	640.00	457.38	1
2026-02-26T09:44:52.821239	0	4	NO_helmet	no_helmet	0.6243	0.00	14.50	640.00	457.25	1
2026-02-26T09:44:52.825239	0	4	NO_helmet	no_helmet	0.6352	0.00	14.50	640.00	457.25	1
2026-02-26T09:44:52.920578	0	4	NO_helmet	no_helmet	0.6334	0.00	14.50	640.00	457.25	1
2026-02-26T09:44:52.927284	0	4	NO_helmet	no_helmet	0.6406	0.00	14.62	640.00	457.25	1
2026-02-26T09:44:52.930610	0	4	NO_helmet	no_helmet	0.6352	0.00	14.62	640.00	457.25	1
2026-02-26T09:44:52.930610	0	4	NO_helmet	no_helmet	0.6397	0.00	14.62	640.00	457.12	1
2026-02-26T09:44:53.019965	0	4	NO_helmet	no_helmet	0.6397	0.00	15.12	640.00	457.25	1
2026-02-26T09:44:53.032821	0	4	NO_helmet	no_helmet	0.6280	0.00	15.25	640.00	457.25	1
2026-02-26T09:44:53.040665	0	4	NO_helmet	no_helmet	0.6783	0.00	14.38	640.00	457.38	1
2026-02-26T09:44:53.041513	0	4	NO_helmet	no_helmet	0.6758	0.00	14.38	640.00	457.38	1
2026-02-26T09:44:53.125242	0	4	NO_helmet	no_helmet	0.6715	0.00	14.38	640.00	457.38	1
2026-02-26T09:44:53.137937	0	4	NO_helmet	no_helmet	0.6715	0.00	14.50	640.00	457.38	1
2026-02-26T09:44:53.141935	0	4	NO_helmet	no_helmet	0.6689	0.00	14.62	640.00	457.38	1
2026-02-26T09:44:53.144937	0	4	NO_helmet	no_helmet	0.6637	0.00	15.00	640.00	457.62	1
2026-02-26T09:44:53.237683	0	4	NO_helmet	no_helmet	0.6663	0.00	14.75	640.00	457.50	1
2026-02-26T09:44:53.257643	0	4	NO_helmet	no_helmet	0.6723	0.00	14.12	640.00	457.50	1
2026-02-26T09:44:53.260643	0	4	NO_helmet	no_helmet	0.6749	0.00	14.38	640.00	457.50	1
2026-02-26T09:44:53.364680	0	4	NO_helmet	no_helmet	0.6663	0.00	14.12	640.00	457.62	1
2026-02-26T09:44:53.371888	0	4	NO_helmet	no_helmet	0.6654	0.00	14.00	640.00	457.62	1
2026-02-26T09:44:53.371888	0	4	NO_helmet	no_helmet	0.6567	0.00	14.00	640.00	457.50	1
2026-02-26T09:44:53.487228	0	4	NO_helmet	no_helmet	0.6558	0.00	14.00	640.00	457.50	1
2026-02-26T09:44:53.487228	0	4	NO_helmet	no_helmet	0.6680	0.00	13.88	640.00	457.38	1
2026-02-26T09:44:53.487228	0	4	NO_helmet	no_helmet	0.6689	0.00	13.75	640.00	457.50	1
2026-02-26T09:44:53.604045	0	4	NO_helmet	no_helmet	0.6540	0.00	14.38	640.00	457.38	1
2026-02-26T09:44:53.624387	0	4	NO_helmet	no_helmet	0.6619	0.00	14.00	640.00	457.50	1
2026-02-26T09:44:53.624387	0	4	NO_helmet	no_helmet	0.6628	0.00	14.25	640.00	457.62	1
2026-02-26T09:44:53.737263	0	4	NO_helmet	no_helmet	0.6505	0.00	14.38	640.00	457.50	1
2026-02-26T09:44:53.737263	0	4	NO_helmet	no_helmet	0.6522	0.00	14.38	640.00	457.50	1
2026-02-26T09:44:53.745123	0	4	NO_helmet	no_helmet	0.6522	0.00	14.25	640.00	457.50	1
2026-02-26T09:44:53.853972	0	4	NO_helmet	no_helmet	0.6451	0.00	15.00	640.00	457.50	1
2026-02-26T09:44:53.863780	0	4	NO_helmet	no_helmet	0.6307	0.00	15.25	640.00	457.50	1
2026-02-26T09:44:53.870943	0	4	NO_helmet	no_helmet	0.6252	0.00	15.75	640.00	457.62	1
2026-02-26T09:44:53.970605	0	4	NO_helmet	no_helmet	0.6298	0.00	15.25	640.00	457.62	1
2026-02-26T09:44:53.970605	0	4	NO_helmet	no_helmet	0.6316	0.00	15.38	640.00	457.50	1
2026-02-26T09:44:53.970605	0	4	NO_helmet	no_helmet	0.6197	0.00	15.75	640.00	457.62	1
2026-02-26T09:44:54.164423	0	4	NO_helmet	no_helmet	0.6234	0.00	15.50	640.00	457.75	1
2026-02-26T09:44:54.180507	0	4	NO_helmet	no_helmet	0.6280	0.00	15.12	640.00	457.50	1
2026-02-26T09:44:54.204338	0	4	NO_helmet	no_helmet	0.6316	0.00	15.25	640.00	457.62	1
2026-02-26T09:44:54.353715	0	4	NO_helmet	no_helmet	0.6298	0.00	15.62	640.00	457.62	1
2026-02-26T09:44:54.362753	0	4	NO_helmet	no_helmet	0.6316	0.00	15.88	640.00	457.62	1
2026-02-26T09:44:54.366753	0	4	NO_helmet	no_helmet	0.6397	0.00	15.38	640.00	457.62	1
2026-02-26T09:44:54.368753	0	4	NO_helmet	no_helmet	0.6406	0.00	15.38	640.00	457.38	1
2026-02-26T09:44:54.448317	0	4	NO_helmet	no_helmet	0.6442	0.00	15.00	640.00	457.38	1
2026-02-26T09:44:54.870616	0	4	NO_helmet	no_helmet	0.6451	0.00	14.88	640.00	457.38	1
2026-02-26T09:44:54.955949	0	4	NO_helmet	no_helmet	0.6514	0.00	14.50	640.00	457.50	1
2026-02-26T09:44:54.955949	0	4	NO_helmet	no_helmet	0.6460	0.00	14.75	640.00	457.62	1
2026-02-26T09:44:54.965944	0	4	NO_helmet	no_helmet	0.6469	0.00	14.88	640.00	457.50	1
2026-02-26T09:44:54.974931	0	4	NO_helmet	no_helmet	0.6514	0.00	14.50	640.00	457.75	1
2026-02-26T09:44:55.062567	0	4	NO_helmet	no_helmet	0.6451	0.00	14.62	640.00	457.50	1
2026-02-26T09:44:55.062567	0	4	NO_helmet	no_helmet	0.6379	0.00	14.62	640.00	457.50	1
2026-02-26T09:44:55.073013	0	4	NO_helmet	no_helmet	0.6433	0.00	14.75	640.00	457.62	1
2026-02-26T09:44:55.075394	0	4	NO_helmet	no_helmet	0.6415	0.00	14.38	640.00	457.50	1
2026-02-26T09:44:55.172905	0	4	NO_helmet	no_helmet	0.6406	0.00	14.50	640.00	457.50	1
2026-02-26T09:44:55.172905	0	4	NO_helmet	no_helmet	0.6316	0.00	14.38	640.00	457.62	1
2026-02-26T09:44:55.180103	0	4	NO_helmet	no_helmet	0.6316	0.00	14.75	640.00	457.62	1
2026-02-26T09:44:55.181064	0	4	NO_helmet	no_helmet	0.6252	0.00	14.88	640.00	457.38	1
2026-02-26T09:44:55.241081	0	4	NO_helmet	no_helmet	0.6225	0.00	14.75	640.00	457.62	1
2026-02-26T09:44:55.245081	0	4	NO_helmet	no_helmet	0.6225	0.00	14.75	640.00	457.62	1
2026-02-26T09:44:55.248082	0	4	NO_helmet	no_helmet	0.5708	0.00	15.75	640.00	457.75	1
2026-02-26T09:44:55.250310	0	4	NO_helmet	no_helmet	0.5860	0.00	15.50	640.00	457.62	1
2026-02-26T09:44:55.290567	0	4	NO_helmet	no_helmet	0.5917	0.00	15.25	640.00	457.75	1
2026-02-26T09:44:55.293566	0	4	NO_helmet	no_helmet	0.5889	0.00	15.38	640.00	457.62	1
2026-02-26T09:44:55.296567	0	4	NO_helmet	no_helmet	0.5832	0.00	9.50	639.25	457.38	1
2026-02-26T09:44:55.297231	0	4	NO_helmet	no_helmet	0.5927	0.00	15.00	640.00	457.62	1
2026-02-26T09:44:55.357437	0	4	NO_helmet	no_helmet	0.6002	0.00	9.00	639.50	457.38	1
2026-02-26T09:44:55.359437	0	4	NO_helmet	no_helmet	0.6030	0.00	14.62	640.00	457.75	1
2026-02-26T09:44:55.366794	0	4	NO_helmet	no_helmet	0.5964	0.00	14.62	640.00	457.75	1
2026-02-26T09:44:55.369795	0	4	NO_helmet	no_helmet	0.5964	0.00	14.62	640.00	457.75	1
2026-02-26T09:44:55.417247	0	4	NO_helmet	no_helmet	0.5927	0.00	14.62	640.00	457.75	1
2026-02-26T09:44:55.422248	0	4	NO_helmet	no_helmet	0.6021	0.00	14.88	640.00	457.75	1
2026-02-26T09:44:55.424145	0	4	NO_helmet	no_helmet	0.6021	0.00	14.75	640.00	457.75	1
2026-02-26T09:44:55.437562	0	4	NO_helmet	no_helmet	0.6067	0.00	14.62	640.00	457.75	1
2026-02-26T09:44:55.513754	0	4	NO_helmet	no_helmet	0.5993	0.00	15.12	640.00	457.75	1
2026-02-26T09:44:55.515754	0	4	NO_helmet	no_helmet	0.5927	0.00	15.12	640.00	457.75	1
2026-02-26T09:44:55.570385	0	4	NO_helmet	no_helmet	0.5813	0.00	15.62	640.00	457.88	1
2026-02-26T09:44:55.595451	0	4	NO_helmet	no_helmet	0.5775	0.00	15.88	640.00	457.88	1
2026-02-26T09:44:55.666283	0	4	NO_helmet	no_helmet	0.5651	0.00	15.88	640.00	457.75	1
2026-02-26T09:44:55.669840	0	4	NO_helmet	no_helmet	0.5718	0.00	15.88	640.00	457.75	1
2026-02-26T09:44:55.746920	0	4	NO_helmet	no_helmet	0.5708	0.00	15.25	640.00	457.88	1
2026-02-26T09:44:55.746920	0	4	NO_helmet	no_helmet	0.5737	0.00	15.00	640.00	457.88	1
2026-02-26T09:44:55.824802	0	4	NO_helmet	no_helmet	0.5727	0.00	15.25	640.00	457.88	1
2026-02-26T09:44:55.829611	0	4	NO_helmet	no_helmet	0.5794	0.00	14.75	640.00	457.75	1
2026-02-26T09:44:55.901874	0	4	NO_helmet	no_helmet	0.5660	0.00	14.88	640.00	457.75	1
2026-02-26T09:44:55.907595	0	4	NO_helmet	no_helmet	0.5612	0.00	15.00	640.00	458.00	1
2026-02-26T09:44:56.002204	0	4	NO_helmet	no_helmet	0.5622	0.00	14.62	640.00	457.75	1
2026-02-26T09:44:56.002204	0	4	NO_helmet	no_helmet	0.5660	0.00	14.62	640.00	457.88	1
2026-02-26T09:44:56.066445	0	4	NO_helmet	no_helmet	0.5622	0.00	15.00	640.00	457.88	1
2026-02-26T09:44:56.068445	0	4	NO_helmet	no_helmet	0.5746	0.00	14.75	640.00	457.88	1
2026-02-26T09:44:56.137297	0	4	NO_helmet	no_helmet	0.5737	0.00	14.50	640.00	457.75	1
2026-02-26T09:44:56.137297	0	4	NO_helmet	no_helmet	0.5737	0.00	14.12	640.00	457.75	1
2026-02-26T09:44:56.219483	0	4	NO_helmet	no_helmet	0.5775	0.00	14.25	640.00	457.75	1
2026-02-26T09:44:56.236452	0	4	NO_helmet	no_helmet	0.5832	0.00	14.00	640.00	457.88	1
2026-02-26T09:44:56.378157	0	4	NO_helmet	no_helmet	0.5832	0.00	14.00	640.00	457.75	1
2026-02-26T09:44:56.535005	0	4	NO_helmet	no_helmet	0.5964	0.00	13.88	640.00	457.75	1
2026-02-26T09:44:56.587209	0	4	NO_helmet	no_helmet	0.5955	0.00	14.00	640.00	457.88	1
2026-02-26T09:44:56.607038	0	4	NO_helmet	no_helmet	0.5889	0.00	14.00	640.00	457.88	1
2026-02-26T09:44:56.607931	0	4	NO_helmet	no_helmet	0.5955	0.00	13.50	640.00	457.88	1
2026-02-26T09:44:56.607931	0	4	NO_helmet	no_helmet	0.6002	0.00	13.62	640.00	457.75	1
2026-02-26T09:44:56.656430	0	4	NO_helmet	no_helmet	0.6011	0.00	13.62	640.00	457.88	1
2026-02-26T09:44:56.661431	0	4	NO_helmet	no_helmet	0.6049	0.00	13.50	640.00	457.62	1
2026-02-26T09:44:56.662416	0	4	NO_helmet	no_helmet	0.5983	0.00	13.25	640.00	457.75	1
2026-02-26T09:44:56.662416	0	4	NO_helmet	no_helmet	0.5898	0.00	13.62	640.00	457.75	1
2026-02-26T09:44:56.784741	0	4	NO_helmet	no_helmet	0.6002	0.00	13.38	640.00	457.88	1
2026-02-26T09:44:56.784741	0	4	NO_helmet	no_helmet	0.6011	0.00	13.50	640.00	457.75	1
2026-02-26T09:44:56.891040	0	4	NO_helmet	no_helmet	0.5813	0.00	13.50	640.00	457.62	1
2026-02-26T09:44:56.895039	0	4	NO_helmet	no_helmet	0.5898	0.00	13.75	640.00	457.75	1
2026-02-26T09:44:56.898041	0	4	NO_helmet	no_helmet	0.5813	0.00	13.38	640.00	457.75	1
2026-02-26T09:44:56.900042	0	4	NO_helmet	no_helmet	0.5746	0.00	13.62	640.00	457.75	1
2026-02-26T09:44:56.991580	0	4	NO_helmet	no_helmet	0.5361	0.00	15.38	640.00	457.38	1
2026-02-26T09:44:57.007291	0	4	NO_helmet	no_helmet	0.5458	0.00	15.38	640.00	457.50	1
2026-02-26T09:44:57.125504	0	4	NO_helmet	no_helmet	0.5545	0.00	14.88	640.00	457.50	1
2026-02-26T09:44:57.131504	0	4	NO_helmet	no_helmet	0.5631	0.00	14.75	640.00	457.62	1
2026-02-26T09:44:57.134505	0	4	NO_helmet	no_helmet	0.5670	0.00	14.50	640.00	457.50	1
2026-02-26T09:44:57.137726	0	4	NO_helmet	no_helmet	0.5708	0.00	14.38	640.00	457.50	1
2026-02-26T09:44:57.233413	0	4	NO_helmet	no_helmet	0.5622	0.00	14.62	640.00	457.50	1
2026-02-26T09:44:57.237414	0	4	NO_helmet	no_helmet	0.5756	0.00	14.38	640.00	457.62	1
2026-02-26T09:44:57.237414	0	4	NO_helmet	no_helmet	0.5775	0.00	13.88	640.00	457.62	1
2026-02-26T09:44:57.319378	0	4	NO_helmet	no_helmet	0.5870	0.00	14.00	640.00	457.50	1
2026-02-26T09:44:57.331781	0	4	NO_helmet	no_helmet	0.5851	0.00	14.25	640.00	457.50	1
2026-02-26T09:44:57.399071	0	4	NO_helmet	no_helmet	0.5851	0.00	14.25	640.00	457.75	1
2026-02-26T09:44:57.403179	0	4	NO_helmet	no_helmet	0.6011	0.00	12.62	640.00	457.75	1
2026-02-26T09:44:57.505189	0	4	NO_helmet	no_helmet	0.6021	0.00	12.75	640.00	457.75	1
2026-02-26T09:44:57.508189	0	4	NO_helmet	no_helmet	0.6011	0.00	12.75	640.00	457.50	1
2026-02-26T09:44:57.586399	0	4	NO_helmet	no_helmet	0.6058	0.00	12.75	640.00	457.62	1
2026-02-26T09:44:57.605279	0	4	NO_helmet	no_helmet	0.6049	0.00	12.88	640.00	457.62	1
2026-02-26T09:44:57.605279	0	4	NO_helmet	no_helmet	0.6049	0.00	12.75	640.00	457.62	1
2026-02-26T09:44:57.701542	0	4	NO_helmet	no_helmet	0.6086	0.00	12.88	640.00	457.62	1
2026-02-26T09:44:57.720838	0	4	NO_helmet	no_helmet	0.6114	0.00	12.75	640.00	457.62	1
2026-02-26T09:44:57.723838	0	4	NO_helmet	no_helmet	0.6058	0.00	12.88	640.00	457.62	1
2026-02-26T09:44:57.808741	0	4	NO_helmet	no_helmet	0.6077	0.00	12.62	640.00	457.62	1
2026-02-26T09:44:57.817593	0	4	NO_helmet	no_helmet	0.6021	0.00	12.62	640.00	457.62	1
2026-02-26T09:44:57.927737	0	4	NO_helmet	no_helmet	0.6142	0.00	12.50	640.00	457.62	1
2026-02-26T09:44:57.931482	0	4	NO_helmet	no_helmet	0.6105	0.00	12.62	640.00	457.75	1
2026-02-26T09:44:57.934957	0	4	NO_helmet	no_helmet	0.6234	0.00	12.50	640.00	457.75	1
2026-02-26T09:44:58.019660	0	4	NO_helmet	no_helmet	0.6252	0.00	12.25	640.00	457.75	1
2026-02-26T09:44:58.037055	0	4	NO_helmet	no_helmet	0.6316	0.00	12.38	640.00	457.88	1
2026-02-26T09:44:58.038248	0	4	NO_helmet	no_helmet	0.6234	0.00	12.12	640.00	458.00	1
2026-02-26T09:44:58.119378	0	4	NO_helmet	no_helmet	0.6280	0.00	12.38	640.00	457.75	1
2026-02-26T09:44:58.119378	0	4	NO_helmet	no_helmet	0.6225	0.00	12.25	640.00	457.62	1
2026-02-26T09:44:58.302958	0	4	NO_helmet	no_helmet	0.6243	0.00	12.38	640.00	457.62	1
2026-02-26T09:44:58.326158	0	4	NO_helmet	no_helmet	0.6261	0.00	12.50	640.00	458.00	1
2026-02-26T09:44:58.328163	0	4	NO_helmet	no_helmet	0.6289	0.00	12.25	640.00	457.88	1
2026-02-26T09:44:58.451550	0	4	NO_helmet	no_helmet	0.6316	0.00	12.12	640.00	457.88	1
2026-02-26T09:44:58.569636	0	4	NO_helmet	no_helmet	0.6298	0.00	11.88	640.00	457.75	1
2026-02-26T09:44:58.582516	0	4	NO_helmet	no_helmet	0.6307	0.00	11.88	640.00	457.75	1
2026-02-26T09:44:58.586425	0	4	NO_helmet	no_helmet	0.6261	0.00	12.00	640.00	457.88	1
2026-02-26T09:44:58.589517	0	4	NO_helmet	no_helmet	0.6252	0.00	12.12	640.00	457.88	1
2026-02-26T09:44:58.673802	0	4	NO_helmet	no_helmet	0.6334	0.00	11.62	640.00	457.88	1
2026-02-26T09:44:58.689851	0	4	NO_helmet	no_helmet	0.6316	0.00	11.38	640.00	457.62	1
2026-02-26T09:44:58.694850	0	4	NO_helmet	no_helmet	0.6298	0.00	11.38	640.00	457.75	1
2026-02-26T09:44:58.696850	0	4	NO_helmet	no_helmet	0.6252	0.00	11.00	640.00	457.88	1
2026-02-26T09:44:58.769319	0	4	NO_helmet	no_helmet	0.6289	0.00	11.25	640.00	457.62	1
2026-02-26T09:44:58.770318	0	4	NO_helmet	no_helmet	0.6289	0.00	11.12	640.00	457.75	1
2026-02-26T09:44:58.778421	0	4	NO_helmet	no_helmet	0.6343	0.00	11.38	640.00	457.88	1
2026-02-26T09:44:58.778421	0	4	NO_helmet	no_helmet	0.6270	0.00	11.25	640.00	457.75	1
2026-02-26T09:44:58.868795	0	4	NO_helmet	no_helmet	0.6261	0.00	11.38	640.00	457.88	1
2026-02-26T09:44:58.890460	0	4	NO_helmet	no_helmet	0.6234	0.00	11.75	640.00	457.88	1
2026-02-26T09:44:58.893460	0	4	NO_helmet	no_helmet	0.6298	0.00	11.50	640.00	457.88	1
2026-02-26T09:44:58.986935	0	4	NO_helmet	no_helmet	0.6334	0.00	11.12	640.00	457.62	1
2026-02-26T09:44:58.986935	0	4	NO_helmet	no_helmet	0.6307	0.00	11.00	640.00	457.38	1
2026-02-26T09:44:59.005774	0	4	NO_helmet	no_helmet	0.6388	0.00	11.00	640.00	457.50	1
2026-02-26T09:44:59.105152	0	4	NO_helmet	no_helmet	0.6442	0.00	10.62	640.00	457.50	1
2026-02-26T09:44:59.123087	0	4	NO_helmet	no_helmet	0.6352	0.00	10.88	640.00	457.50	1
2026-02-26T09:44:59.123974	0	4	NO_helmet	no_helmet	0.6388	0.00	10.50	640.00	457.62	1
2026-02-26T09:44:59.221779	0	4	NO_helmet	no_helmet	0.6406	0.00	10.62	640.00	457.62	1
2026-02-26T09:44:59.221779	0	4	NO_helmet	no_helmet	0.6424	0.00	10.50	640.00	457.62	1
2026-02-26T09:44:59.334949	0	4	NO_helmet	no_helmet	0.6406	0.00	10.38	640.00	457.50	1
2026-02-26T09:44:59.334949	0	4	NO_helmet	no_helmet	0.6379	0.00	10.25	640.00	457.62	1
2026-02-26T09:44:59.334949	0	4	NO_helmet	no_helmet	0.6361	0.00	10.25	640.00	457.62	1
2026-02-26T09:44:59.452755	0	4	NO_helmet	no_helmet	0.6397	0.00	10.38	640.00	457.50	1
2026-02-26T09:44:59.452755	0	4	NO_helmet	no_helmet	0.6397	0.00	10.62	640.00	457.50	1
2026-02-26T09:44:59.452755	0	4	NO_helmet	no_helmet	0.6352	0.00	10.88	640.00	457.50	1
2026-02-26T09:44:59.541996	0	4	NO_helmet	no_helmet	0.6361	0.00	10.75	640.00	457.50	1
2026-02-26T09:44:59.547996	0	4	NO_helmet	no_helmet	0.6298	0.00	10.38	640.00	457.75	1
2026-02-26T09:44:59.668316	0	4	NO_helmet	no_helmet	0.6289	0.00	10.38	640.00	457.75	1
2026-02-26T09:44:59.674097	0	4	NO_helmet	no_helmet	0.6307	0.00	10.50	640.00	457.62	1
2026-02-26T09:44:59.679098	0	4	NO_helmet	no_helmet	0.6397	0.00	10.38	640.00	457.50	1
2026-02-26T09:44:59.786831	0	4	NO_helmet	no_helmet	0.6361	0.00	10.38	640.00	457.62	1
2026-02-26T09:44:59.809968	0	4	NO_helmet	no_helmet	0.6298	0.00	10.38	640.00	457.88	1
2026-02-26T09:44:59.813968	0	4	NO_helmet	no_helmet	0.6352	0.00	10.50	640.00	457.62	1
2026-02-26T09:44:59.920140	0	4	NO_helmet	no_helmet	0.6397	0.00	9.88	640.00	457.75	1
2026-02-26T09:44:59.920140	0	4	NO_helmet	no_helmet	0.6388	0.00	10.00	640.00	457.75	1
2026-02-26T09:44:59.928600	0	4	NO_helmet	no_helmet	0.6397	0.00	9.75	640.00	458.00	1
2026-02-26T09:44:59.932755	0	4	NO_helmet	no_helmet	0.6370	0.00	9.88	640.00	457.88	1
2026-02-26T09:45:00.056239	0	4	NO_helmet	no_helmet	0.6397	0.00	9.75	640.00	457.75	1
2026-02-26T09:45:00.070141	0	4	NO_helmet	no_helmet	0.6379	0.00	9.88	640.00	457.75	1
2026-02-26T09:45:00.071868	0	4	NO_helmet	no_helmet	0.6424	0.00	9.88	640.00	457.75	1
2026-02-26T09:45:00.247853	0	4	NO_helmet	no_helmet	0.6424	0.00	9.88	640.00	457.88	1
2026-02-26T09:45:00.263927	0	4	NO_helmet	no_helmet	0.6415	0.00	9.75	640.00	457.75	1
2026-02-26T09:45:00.275400	0	4	NO_helmet	no_helmet	0.6388	0.00	9.88	640.00	457.75	1
2026-02-26T09:45:00.416825	0	4	NO_helmet	no_helmet	0.6334	0.00	10.25	640.00	458.00	1
2026-02-26T09:45:00.441712	0	4	NO_helmet	no_helmet	0.6298	0.00	10.38	640.00	458.00	1
2026-02-26T09:45:00.441712	0	4	NO_helmet	no_helmet	0.6270	0.00	10.50	640.00	458.00	1
2026-02-26T09:45:00.557709	0	4	NO_helmet	no_helmet	0.6289	0.00	10.50	640.00	457.88	1
2026-02-26T09:45:00.562709	0	4	NO_helmet	no_helmet	0.6169	0.00	10.62	640.00	457.75	1
2026-02-26T09:45:00.564710	0	4	NO_helmet	no_helmet	0.6270	0.00	10.88	640.00	457.75	1
2026-02-26T09:45:00.567710	0	4	NO_helmet	no_helmet	0.6261	0.00	10.75	640.00	458.00	1
2026-02-26T09:45:00.653086	0	4	NO_helmet	no_helmet	0.6397	0.00	10.75	640.00	457.88	1
2026-02-26T09:45:00.659369	0	4	NO_helmet	no_helmet	0.6370	0.00	10.62	640.00	457.88	1
2026-02-26T09:45:00.662371	0	4	NO_helmet	no_helmet	0.6406	0.00	10.25	640.00	457.75	1
2026-02-26T09:45:00.666368	0	4	NO_helmet	no_helmet	0.6379	0.00	10.25	640.00	458.00	1
2026-02-26T09:45:00.773305	0	4	NO_helmet	no_helmet	0.6406	0.00	10.25	640.00	458.00	1
2026-02-26T09:45:00.779306	0	4	NO_helmet	no_helmet	0.6370	0.00	10.62	640.00	458.00	1
2026-02-26T09:45:00.784305	0	4	NO_helmet	no_helmet	0.6334	0.00	10.50	640.00	457.88	1
2026-02-26T09:45:00.788356	0	4	NO_helmet	no_helmet	0.6307	0.00	10.50	640.00	457.88	1
2026-02-26T09:45:00.896689	0	4	NO_helmet	no_helmet	0.6307	0.00	10.62	640.00	457.88	1
2026-02-26T09:45:00.902690	0	4	NO_helmet	no_helmet	0.6352	0.00	9.88	640.00	457.75	1
2026-02-26T09:45:00.903690	0	4	NO_helmet	no_helmet	0.6370	0.00	9.75	640.00	457.75	1
2026-02-26T09:45:01.017294	0	4	NO_helmet	no_helmet	0.6270	0.00	9.75	640.00	457.50	1
2026-02-26T09:45:01.024159	0	4	NO_helmet	no_helmet	0.6379	0.00	10.00	640.00	457.38	1
2026-02-26T09:45:01.024159	0	4	NO_helmet	no_helmet	0.6379	0.00	10.38	640.00	457.50	1
2026-02-26T09:45:01.133863	0	4	NO_helmet	no_helmet	0.6316	0.00	10.12	640.00	457.38	1
2026-02-26T09:45:01.138611	0	4	NO_helmet	no_helmet	0.6379	0.00	9.75	640.00	457.38	1
2026-02-26T09:45:01.141611	0	4	NO_helmet	no_helmet	0.6406	0.00	10.00	640.00	457.25	1
2026-02-26T09:45:01.253916	0	4	NO_helmet	no_helmet	0.6289	0.00	10.25	640.00	457.38	1
2026-02-26T09:45:01.266957	0	4	NO_helmet	no_helmet	0.6270	0.00	10.00	640.00	457.25	1
2026-02-26T09:45:01.273673	0	4	NO_helmet	no_helmet	0.6261	0.00	10.00	640.00	457.38	1
2026-02-26T09:45:01.369569	0	4	NO_helmet	no_helmet	0.6188	0.00	10.00	640.00	457.25	1
2026-02-26T09:45:01.369569	0	4	NO_helmet	no_helmet	0.6197	0.00	9.75	640.00	457.25	1
2026-02-26T09:45:01.369569	0	4	NO_helmet	no_helmet	0.6197	0.00	9.62	640.00	457.25	1
2026-02-26T09:45:01.486199	0	4	NO_helmet	no_helmet	0.6261	0.00	9.62	640.00	457.25	1
2026-02-26T09:45:01.486199	0	4	NO_helmet	no_helmet	0.6325	0.00	9.62	640.00	457.25	1
2026-02-26T09:45:01.486199	0	4	NO_helmet	no_helmet	0.6307	0.00	9.75	640.00	457.25	1
2026-02-26T09:45:01.603261	0	4	NO_helmet	no_helmet	0.6316	0.00	9.88	640.00	457.25	1
2026-02-26T09:45:01.609299	0	4	NO_helmet	no_helmet	0.6298	0.00	9.75	640.00	457.38	1
2026-02-26T09:45:01.614299	0	4	NO_helmet	no_helmet	0.6298	0.00	10.25	640.00	457.25	1
2026-02-26T09:45:01.709269	0	4	NO_helmet	no_helmet	0.6169	0.00	9.88	640.00	457.38	1
2026-02-26T09:45:01.714270	0	4	NO_helmet	no_helmet	0.6225	0.00	10.38	640.00	457.25	1
2026-02-26T09:45:01.720269	0	4	NO_helmet	no_helmet	0.6105	0.00	10.88	640.00	457.25	1
2026-02-26T09:45:01.886244	0	4	NO_helmet	no_helmet	0.6095	0.00	10.75	640.00	457.25	1
2026-02-26T09:45:01.901973	0	4	NO_helmet	no_helmet	0.6105	0.00	10.88	640.00	457.00	1
2026-02-26T09:45:01.909934	0	4	NO_helmet	no_helmet	0.6058	0.00	11.00	640.00	457.12	1
2026-02-26T09:45:02.050007	0	4	NO_helmet	no_helmet	0.6077	0.00	10.88	640.00	457.00	1
2026-02-26T09:45:02.050007	0	4	NO_helmet	no_helmet	0.6058	0.00	10.88	640.00	457.25	1
2026-02-26T09:45:02.065730	0	4	NO_helmet	no_helmet	0.5993	0.00	10.38	640.00	457.25	1
2026-02-26T09:45:02.190535	0	4	NO_helmet	no_helmet	0.6039	0.00	10.75	640.00	457.12	1
2026-02-26T09:45:02.197536	0	4	NO_helmet	no_helmet	0.6105	0.00	10.75	640.00	457.25	1
2026-02-26T09:45:02.203536	0	4	NO_helmet	no_helmet	0.6197	0.00	10.25	640.00	457.25	1
2026-02-26T09:45:02.205857	0	4	NO_helmet	no_helmet	0.6160	0.00	10.50	640.00	457.25	1
2026-02-26T09:45:02.316149	0	4	NO_helmet	no_helmet	0.6197	0.00	10.50	640.00	457.38	1
2026-02-26T09:45:02.319149	0	4	NO_helmet	no_helmet	0.6114	0.00	10.75	640.00	457.38	1
2026-02-26T09:45:02.322145	0	4	NO_helmet	no_helmet	0.6132	0.00	10.62	640.00	457.50	1
2026-02-26T09:45:02.322995	0	4	NO_helmet	no_helmet	0.6132	0.00	10.75	640.00	457.38	1
2026-02-26T09:45:02.547687	0	4	NO_helmet	no_helmet	0.6160	0.00	11.00	640.00	457.38	1
2026-02-26T09:45:02.619276	0	4	NO_helmet	no_helmet	0.6142	0.00	11.12	640.00	457.38	1
2026-02-26T09:45:02.628000	0	4	NO_helmet	no_helmet	0.6215	0.00	11.25	640.00	457.38	1
2026-02-26T09:45:02.628702	0	4	NO_helmet	no_helmet	0.6215	0.00	10.88	640.00	457.38	1
2026-02-26T09:45:02.637232	0	4	NO_helmet	no_helmet	0.6197	0.00	11.00	640.00	457.25	1
2026-02-26T09:45:02.703712	0	4	NO_helmet	no_helmet	0.6179	0.00	11.12	640.00	457.38	1
2026-02-26T09:45:02.719525	0	4	NO_helmet	no_helmet	0.6234	0.00	11.00	640.00	457.38	1
2026-02-26T09:45:02.724662	0	4	NO_helmet	no_helmet	0.6289	0.00	10.88	640.00	457.38	1
2026-02-26T09:45:02.726667	0	4	NO_helmet	no_helmet	0.6280	0.00	10.88	640.00	457.38	1
2026-02-26T09:45:02.820404	0	4	NO_helmet	no_helmet	0.6206	0.00	10.88	640.00	457.25	1
2026-02-26T09:45:02.820404	0	4	NO_helmet	no_helmet	0.6243	0.00	10.88	640.00	457.25	1
2026-02-26T09:45:02.837284	0	4	NO_helmet	no_helmet	0.6261	0.00	10.38	640.00	457.12	1
2026-02-26T09:45:02.841282	0	4	NO_helmet	no_helmet	0.6270	0.00	10.38	640.00	457.12	1
2026-02-26T09:45:02.976454	0	4	NO_helmet	no_helmet	0.6252	0.00	10.75	640.00	457.12	1
2026-02-26T09:45:02.980453	0	4	NO_helmet	no_helmet	0.6252	0.00	10.62	640.00	457.12	1
2026-02-26T09:45:02.983454	0	4	NO_helmet	no_helmet	0.5879	0.00	9.25	640.00	457.75	1
2026-02-26T09:45:03.070703	0	4	NO_helmet	no_helmet	0.5889	0.00	9.38	640.00	457.75	1
2026-02-26T09:45:03.075703	0	4	NO_helmet	no_helmet	0.5908	0.00	9.50	640.00	457.75	1
2026-02-26T09:45:03.081702	0	4	NO_helmet	no_helmet	0.5946	0.00	5.88	640.00	457.00	1
2026-02-26T09:45:03.083702	0	4	NO_helmet	no_helmet	0.5917	0.00	6.12	640.00	457.12	1
2026-02-26T09:45:03.189718	0	4	NO_helmet	no_helmet	0.5946	0.00	9.38	640.00	457.88	1
2026-02-26T09:45:03.191718	0	4	NO_helmet	no_helmet	0.6067	0.00	9.00	640.00	457.75	1
2026-02-26T09:45:03.192718	0	4	NO_helmet	no_helmet	0.6011	0.00	9.50	640.00	457.62	1
2026-02-26T09:45:03.284776	0	4	NO_helmet	no_helmet	0.5974	0.00	9.62	640.00	457.75	1
2026-02-26T09:45:03.284776	0	4	NO_helmet	no_helmet	0.6002	0.00	9.62	640.00	457.75	1
2026-02-26T09:45:03.385278	0	4	NO_helmet	no_helmet	0.5908	0.00	9.75	640.00	457.75	1
2026-02-26T09:45:03.388268	0	4	NO_helmet	no_helmet	0.5927	0.00	9.75	640.00	457.75	1
2026-02-26T09:45:03.507206	0	4	NO_helmet	no_helmet	0.5879	0.00	9.50	640.00	457.88	1
2026-02-26T09:45:03.514390	0	4	NO_helmet	no_helmet	0.5898	0.00	9.50	640.00	457.88	1
2026-02-26T09:45:03.520831	0	4	NO_helmet	no_helmet	0.5889	0.00	9.38	640.00	457.88	1
2026-02-26T09:45:03.720163	0	4	NO_helmet	no_helmet	0.5908	0.00	9.38	640.00	457.88	1
2026-02-26T09:45:03.739293	0	4	NO_helmet	no_helmet	0.5898	0.00	9.75	640.00	458.00	1
2026-02-26T09:45:03.739293	0	4	NO_helmet	no_helmet	0.5889	0.00	9.75	640.00	457.88	1
2026-02-26T09:45:03.853598	0	4	NO_helmet	no_helmet	0.5889	0.00	9.62	640.00	458.00	1
2026-02-26T09:45:03.853598	0	4	NO_helmet	no_helmet	0.5860	0.00	9.75	640.00	457.88	1
2026-02-26T09:45:03.870301	0	4	NO_helmet	no_helmet	0.5870	0.00	9.62	640.00	457.88	1
2026-02-26T09:45:03.874296	0	4	NO_helmet	no_helmet	0.5898	0.00	10.00	640.00	457.88	1
2026-02-26T09:45:03.957583	0	4	NO_helmet	no_helmet	0.5898	0.00	9.88	640.00	457.75	1
2026-02-26T09:45:03.964205	0	4	NO_helmet	no_helmet	0.5908	0.00	10.12	640.00	457.75	1
2026-02-26T09:45:03.972078	0	4	NO_helmet	no_helmet	0.5889	0.00	10.00	640.00	457.88	1
2026-02-26T09:45:03.972078	0	4	NO_helmet	no_helmet	0.5927	0.00	10.00	640.00	457.88	1
2026-02-26T09:45:04.060855	0	4	NO_helmet	no_helmet	0.5993	0.00	10.12	640.00	457.75	1
2026-02-26T09:45:04.069474	0	4	NO_helmet	no_helmet	0.5955	0.00	6.38	640.00	456.88	1
2026-02-26T09:45:04.071928	0	4	NO_helmet	no_helmet	0.6002	0.00	10.12	640.00	457.75	1
2026-02-26T09:45:04.071928	0	4	NO_helmet	no_helmet	0.6011	0.00	10.00	640.00	457.75	1
2026-02-26T09:45:04.158831	0	4	NO_helmet	no_helmet	0.6002	0.00	10.00	640.00	457.62	1
2026-02-26T09:45:04.160831	0	4	NO_helmet	no_helmet	0.6030	0.00	10.25	640.00	457.62	1
2026-02-26T09:45:04.237312	0	4	NO_helmet	no_helmet	0.6095	0.00	10.75	640.00	457.62	1
2026-02-26T09:45:04.242312	0	4	NO_helmet	no_helmet	0.6123	0.00	10.38	640.00	457.62	1
2026-02-26T09:45:04.309868	0	4	NO_helmet	no_helmet	0.6188	0.00	10.12	640.00	457.62	1
2026-02-26T09:45:04.431395	0	4	NO_helmet	no_helmet	0.6234	0.00	10.50	640.00	457.50	1
2026-02-26T09:45:04.495721	0	4	NO_helmet	no_helmet	0.6105	0.00	10.75	640.00	457.62	1
2026-02-26T09:45:04.501722	0	4	NO_helmet	no_helmet	0.6114	0.00	10.75	640.00	457.62	1
2026-02-26T09:45:04.505846	0	4	NO_helmet	no_helmet	0.6039	0.00	10.62	640.00	457.62	1
2026-02-26T09:45:04.508073	0	4	NO_helmet	no_helmet	0.6114	0.00	10.50	640.00	457.62	1
2026-02-26T09:45:04.614294	0	4	NO_helmet	no_helmet	0.6077	0.00	10.62	640.00	457.62	1
2026-02-26T09:45:04.620535	0	4	NO_helmet	no_helmet	0.6095	0.00	10.50	640.00	457.62	1
2026-02-26T09:45:04.625533	0	4	NO_helmet	no_helmet	0.6077	0.00	10.75	640.00	457.62	1
2026-02-26T09:45:04.717230	0	4	NO_helmet	no_helmet	0.6179	0.00	10.62	640.00	457.62	1
2026-02-26T09:45:04.720488	0	4	NO_helmet	no_helmet	0.6151	0.00	10.75	640.00	457.62	1
2026-02-26T09:45:04.723487	0	4	NO_helmet	no_helmet	0.6132	0.00	10.62	640.00	457.62	1
2026-02-26T09:45:04.804456	0	4	NO_helmet	no_helmet	0.6114	0.00	10.88	640.00	457.62	1
2026-02-26T09:45:04.811387	0	4	NO_helmet	no_helmet	0.6067	0.00	10.75	640.00	457.62	1
2026-02-26T09:45:04.909503	0	4	NO_helmet	no_helmet	0.6114	0.00	10.88	640.00	457.50	1
2026-02-26T09:45:04.916053	0	4	NO_helmet	no_helmet	0.6142	0.00	11.12	640.00	457.50	1
2026-02-26T09:45:04.927271	0	4	NO_helmet	no_helmet	0.6723	0.00	12.00	640.00	457.00	1
2026-02-26T09:45:05.011247	0	4	NO_helmet	no_helmet	0.6697	0.00	12.12	640.00	457.00	1
2026-02-26T09:45:05.017246	0	4	NO_helmet	no_helmet	0.6740	0.00	11.75	640.00	456.88	1
2026-02-26T09:45:05.114275	0	4	NO_helmet	no_helmet	0.6740	0.00	11.88	640.00	457.12	1
2026-02-26T09:45:05.129061	0	4	NO_helmet	no_helmet	0.6715	0.00	11.50	640.00	457.12	1
2026-02-26T09:45:05.133440	0	4	NO_helmet	no_helmet	0.6732	0.00	11.62	640.00	457.25	1
2026-02-26T09:45:05.222858	0	4	NO_helmet	no_helmet	0.6749	0.00	11.62	640.00	457.12	1
2026-02-26T09:45:05.226859	0	4	NO_helmet	no_helmet	0.6706	0.00	11.50	640.00	457.00	1
2026-02-26T09:45:05.230859	0	4	NO_helmet	no_helmet	0.6697	0.00	11.38	640.00	457.12	1
2026-02-26T09:45:05.320510	0	4	NO_helmet	no_helmet	0.6723	0.00	11.12	640.00	457.12	1
2026-02-26T09:45:05.325510	0	4	NO_helmet	no_helmet	0.6689	0.00	11.12	640.00	457.12	1
2026-02-26T09:45:05.413332	0	4	NO_helmet	no_helmet	0.6732	0.00	11.12	640.00	457.12	1
2026-02-26T09:45:05.418333	0	4	NO_helmet	no_helmet	0.6723	0.00	11.00	640.00	457.12	1
2026-02-26T09:45:05.420736	0	4	NO_helmet	no_helmet	0.6749	0.00	10.88	640.00	457.12	1
2026-02-26T09:45:05.526581	0	4	NO_helmet	no_helmet	0.6706	0.00	11.12	640.00	457.25	1
2026-02-26T09:45:05.543761	0	4	NO_helmet	no_helmet	0.6671	0.00	11.38	640.00	457.12	1
2026-02-26T09:45:05.718653	0	4	NO_helmet	no_helmet	0.6671	0.00	11.50	640.00	457.25	1
2026-02-26T09:45:05.720065	0	4	NO_helmet	no_helmet	0.6706	0.00	12.12	640.00	457.25	1
2026-02-26T09:45:05.735098	0	4	NO_helmet	no_helmet	0.6758	0.00	11.88	640.00	457.00	1
2026-02-26T09:45:05.808930	0	4	NO_helmet	no_helmet	0.6715	0.00	12.00	640.00	457.12	1
2026-02-26T09:45:05.818925	0	4	NO_helmet	no_helmet	0.6610	0.00	11.75	640.00	457.25	1
2026-02-26T09:45:05.825926	0	4	NO_helmet	no_helmet	0.6602	0.00	12.25	640.00	457.00	1
2026-02-26T09:45:05.830926	0	4	NO_helmet	no_helmet	0.6549	0.00	12.12	640.00	457.12	1
2026-02-26T09:45:05.906972	0	4	NO_helmet	no_helmet	0.6469	0.00	12.12	640.00	457.12	1
2026-02-26T09:45:05.907973	0	4	NO_helmet	no_helmet	0.6514	0.00	12.12	640.00	457.38	1
2026-02-26T09:45:05.997488	0	4	NO_helmet	no_helmet	0.6540	0.00	12.12	640.00	457.25	1
2026-02-26T09:45:05.999487	0	4	NO_helmet	no_helmet	0.6522	0.00	12.12	640.00	457.25	1
2026-02-26T09:45:06.000488	0	4	NO_helmet	no_helmet	0.6522	0.00	12.38	640.00	457.12	1
2026-02-26T09:45:06.097633	0	4	NO_helmet	no_helmet	0.6549	0.00	12.62	640.00	457.25	1
2026-02-26T09:45:06.099634	0	4	NO_helmet	no_helmet	0.6540	0.00	12.50	640.00	457.38	1
2026-02-26T09:45:06.100634	0	4	NO_helmet	no_helmet	0.6558	0.00	11.88	640.00	457.25	1
2026-02-26T09:45:06.190606	0	4	NO_helmet	no_helmet	0.6514	0.00	12.00	640.00	457.25	1
2026-02-26T09:45:06.192607	0	4	NO_helmet	no_helmet	0.6522	0.00	12.38	640.00	457.25	1
2026-02-26T09:45:06.266723	0	4	NO_helmet	no_helmet	0.6505	0.00	12.00	640.00	457.12	1
2026-02-26T09:45:06.350365	0	4	NO_helmet	no_helmet	0.6496	0.00	12.00	640.00	457.25	1
2026-02-26T09:45:06.500508	0	4	NO_helmet	no_helmet	0.6505	0.00	12.12	640.00	457.25	1
2026-02-26T09:45:06.555399	0	4	NO_helmet	no_helmet	0.6575	0.00	11.75	640.00	457.25	1
2026-02-26T09:45:06.557446	0	4	NO_helmet	no_helmet	0.6487	0.00	11.62	640.00	457.25	1
2026-02-26T09:45:06.559446	0	4	NO_helmet	no_helmet	0.6522	0.00	11.25	640.00	457.38	1
2026-02-26T09:45:06.561447	0	4	NO_helmet	no_helmet	0.6540	0.00	11.50	640.00	457.12	1
2026-02-26T09:45:06.649370	0	4	NO_helmet	no_helmet	0.6549	0.00	11.38	640.00	457.12	1
2026-02-26T09:45:06.651369	0	4	NO_helmet	no_helmet	0.6505	0.00	11.25	640.00	457.25	1
2026-02-26T09:45:06.652740	0	4	NO_helmet	no_helmet	0.6496	0.00	11.38	640.00	457.25	1
2026-02-26T09:45:06.655465	0	4	NO_helmet	no_helmet	0.6514	0.00	11.12	640.00	457.38	1
2026-02-26T09:45:06.760704	0	4	NO_helmet	no_helmet	0.6496	0.00	11.25	640.00	457.25	1
2026-02-26T09:45:06.764351	0	4	NO_helmet	no_helmet	0.6505	0.00	11.12	640.00	457.25	1
2026-02-26T09:45:06.764351	0	4	NO_helmet	no_helmet	0.6388	0.00	11.50	640.00	457.38	1
2026-02-26T09:45:06.849414	0	4	NO_helmet	no_helmet	0.6442	0.00	11.50	640.00	457.25	1
2026-02-26T09:45:06.851413	0	4	NO_helmet	no_helmet	0.6406	0.00	11.88	640.00	457.38	1
2026-02-26T09:45:06.958104	0	4	NO_helmet	no_helmet	0.6433	0.00	11.75	640.00	457.38	1
2026-02-26T09:45:06.960607	0	4	NO_helmet	no_helmet	0.6619	0.00	14.25	640.00	457.12	1
2026-02-26T09:45:06.962174	0	4	NO_helmet	no_helmet	0.6680	0.00	14.12	640.00	457.12	1
2026-02-26T09:45:07.077330	0	4	NO_helmet	no_helmet	0.6645	0.00	13.75	640.00	457.12	1
2026-02-26T09:45:07.078331	0	4	NO_helmet	no_helmet	0.6671	0.00	14.25	640.00	457.25	1
2026-02-26T09:45:07.080330	0	4	NO_helmet	no_helmet	0.6689	0.00	13.75	640.00	457.12	1
2026-02-26T09:45:07.163797	0	4	NO_helmet	no_helmet	0.6697	0.00	13.50	640.00	457.25	1
2026-02-26T09:45:07.165795	0	4	NO_helmet	no_helmet	0.6740	0.00	13.50	640.00	457.12	1
2026-02-26T09:45:07.256935	0	4	NO_helmet	no_helmet	0.6834	0.00	13.25	640.00	457.00	1
2026-02-26T09:45:07.258936	0	4	NO_helmet	no_helmet	0.6775	0.00	13.12	640.00	457.12	1
2026-02-26T09:45:07.384005	0	4	NO_helmet	no_helmet	0.6809	0.00	13.00	640.00	456.88	1
2026-02-26T09:45:07.386046	0	4	NO_helmet	no_helmet	0.6783	0.00	12.75	640.00	457.00	1
2026-02-26T09:45:07.386475	0	4	NO_helmet	no_helmet	0.6860	0.00	13.25	640.00	456.88	1
2026-02-26T09:45:07.490504	0	4	NO_helmet	no_helmet	0.6885	0.00	13.00	640.00	457.00	1
2026-02-26T09:45:07.490504	0	4	NO_helmet	no_helmet	0.6918	0.00	13.00	640.00	457.12	1
2026-02-26T09:45:07.490504	0	4	NO_helmet	no_helmet	0.6876	0.00	13.12	640.00	456.88	1
2026-02-26T09:45:07.602526	0	4	NO_helmet	no_helmet	0.6984	0.00	13.25	640.00	457.00	1
2026-02-26T09:45:07.604527	0	4	NO_helmet	no_helmet	0.6976	0.00	13.38	640.00	456.88	1
2026-02-26T09:45:07.607527	0	4	NO_helmet	no_helmet	0.6943	0.00	13.12	640.00	457.00	1
2026-02-26T09:45:07.695995	0	4	NO_helmet	no_helmet	0.7001	0.00	13.25	640.00	457.00	1
2026-02-26T09:45:07.698993	0	4	NO_helmet	no_helmet	0.6968	0.00	12.88	640.00	456.88	1
2026-02-26T09:45:07.813907	0	4	NO_helmet	no_helmet	0.6993	0.00	13.00	640.00	457.00	1
2026-02-26T09:45:07.814908	0	4	NO_helmet	no_helmet	0.6993	0.00	13.25	640.00	457.00	1
2026-02-26T09:45:07.816909	0	4	NO_helmet	no_helmet	0.7033	0.00	13.00	640.00	457.00	1
2026-02-26T09:45:07.928328	0	4	NO_helmet	no_helmet	0.7042	0.00	13.00	640.00	457.12	1
2026-02-26T09:45:07.928328	0	4	NO_helmet	no_helmet	0.7082	0.00	12.62	640.00	457.12	1
2026-02-26T09:45:07.928328	0	4	NO_helmet	no_helmet	0.7106	0.00	12.88	640.00	457.00	1
2026-02-26T09:45:08.046934	0	4	NO_helmet	no_helmet	0.7106	0.00	12.75	640.00	457.00	1
2026-02-26T09:45:08.053735	0	4	NO_helmet	no_helmet	0.7130	0.00	12.38	640.00	457.00	1
2026-02-26T09:45:08.055733	0	4	NO_helmet	no_helmet	0.7066	0.00	13.00	640.00	456.88	1
2026-02-26T09:45:08.158732	0	4	NO_helmet	no_helmet	0.7122	0.00	12.88	640.00	457.00	1
2026-02-26T09:45:08.159733	0	4	NO_helmet	no_helmet	0.7122	0.00	12.75	640.00	457.12	1
2026-02-26T09:45:08.161732	0	4	NO_helmet	no_helmet	0.7090	0.00	12.88	640.00	457.12	1
2026-02-26T09:45:08.252475	0	4	NO_helmet	no_helmet	0.7082	0.00	12.75	640.00	457.12	1
2026-02-26T09:45:08.254885	0	4	NO_helmet	no_helmet	0.7162	0.00	12.88	640.00	457.12	1
2026-02-26T09:45:08.335936	0	4	NO_helmet	no_helmet	0.7178	0.00	12.88	640.00	457.12	1
2026-02-26T09:45:08.419893	0	4	NO_helmet	no_helmet	0.7146	0.00	12.88	640.00	457.12	1
2026-02-26T09:45:08.420894	0	4	NO_helmet	no_helmet	0.7090	0.00	12.88	640.00	457.12	1
2026-02-26T09:45:08.518335	0	4	NO_helmet	no_helmet	0.7186	0.00	12.38	640.00	457.25	1
2026-02-26T09:45:08.519296	0	4	NO_helmet	no_helmet	0.7170	0.00	12.25	640.00	457.25	1
2026-02-26T09:45:08.519296	0	4	NO_helmet	no_helmet	0.7186	0.00	12.25	640.00	457.25	1
2026-02-26T09:45:08.519296	0	4	NO_helmet	no_helmet	0.7194	0.00	12.25	640.00	457.25	1
2026-02-26T09:45:08.646511	0	4	NO_helmet	no_helmet	0.7202	0.00	12.12	640.00	457.25	1
2026-02-26T09:45:08.648375	0	4	NO_helmet	no_helmet	0.7178	0.00	12.12	640.00	457.25	1
2026-02-26T09:45:08.648375	0	4	NO_helmet	no_helmet	0.7225	0.00	12.00	640.00	457.25	1
2026-02-26T09:45:08.765932	0	4	NO_helmet	no_helmet	0.7256	0.00	11.88	640.00	457.25	1
2026-02-26T09:45:08.765932	0	4	NO_helmet	no_helmet	0.7233	0.00	11.62	640.00	457.00	1
2026-02-26T09:45:08.769307	0	4	NO_helmet	no_helmet	0.7241	0.00	11.88	640.00	457.12	1
2026-02-26T09:45:08.882259	0	4	NO_helmet	no_helmet	0.7272	0.00	7.25	640.00	456.50	1
2026-02-26T09:45:08.882259	0	4	NO_helmet	no_helmet	0.7295	0.00	7.12	640.00	456.50	1
2026-02-26T09:45:08.885070	0	4	NO_helmet	no_helmet	0.7225	0.00	7.12	640.00	456.50	1
2026-02-26T09:45:08.999941	0	4	NO_helmet	no_helmet	0.7154	0.00	8.12	639.75	456.50	1
2026-02-26T09:45:09.003647	0	4	NO_helmet	no_helmet	0.7194	0.00	8.38	639.75	456.75	1
2026-02-26T09:45:09.004648	0	4	NO_helmet	no_helmet	0.7186	0.00	12.50	640.00	457.25	1
2026-02-26T09:45:09.115241	0	4	NO_helmet	no_helmet	0.7138	0.00	12.12	639.75	457.12	1
2026-02-26T09:45:09.118249	0	4	NO_helmet	no_helmet	0.7138	0.00	12.38	640.00	457.25	1
2026-02-26T09:45:09.119253	0	4	NO_helmet	no_helmet	0.7210	0.00	11.75	640.00	457.25	1
2026-02-26T09:45:09.211414	0	4	NO_helmet	no_helmet	0.7194	0.00	11.62	640.00	457.25	1
2026-02-26T09:45:09.218670	0	4	NO_helmet	no_helmet	0.7146	0.00	12.25	639.75	457.25	1
2026-02-26T09:45:09.313907	0	4	NO_helmet	no_helmet	0.7146	0.00	12.25	640.00	457.25	1
2026-02-26T09:45:09.316908	0	4	NO_helmet	no_helmet	0.7090	0.00	12.50	639.75	457.38	1
2026-02-26T09:45:09.420709	0	4	NO_helmet	no_helmet	0.7074	0.00	12.62	639.75	457.25	1
2026-02-26T09:45:09.437170	0	4	NO_helmet	no_helmet	0.7146	0.00	11.88	640.00	457.25	1
2026-02-26T09:45:09.437170	0	4	NO_helmet	no_helmet	0.7154	0.00	11.88	640.00	457.25	1
2026-02-26T09:45:09.535225	0	4	NO_helmet	no_helmet	0.7098	0.00	12.12	639.75	457.38	1
2026-02-26T09:45:09.536973	0	4	NO_helmet	no_helmet	0.7146	0.00	12.12	640.00	457.25	1
2026-02-26T09:45:09.538266	0	4	NO_helmet	no_helmet	0.7170	0.00	12.25	640.00	457.38	1
2026-02-26T09:45:09.641349	0	4	NO_helmet	no_helmet	0.7146	0.00	12.38	640.00	457.38	1
2026-02-26T09:45:09.643350	0	4	NO_helmet	no_helmet	0.7138	0.00	12.25	639.75	457.38	1
2026-02-26T09:45:09.644352	0	4	NO_helmet	no_helmet	0.7098	0.00	12.38	640.00	457.38	1
2026-02-26T09:45:09.728530	0	4	NO_helmet	no_helmet	0.7098	0.00	12.50	640.00	457.38	1
2026-02-26T09:45:09.730529	0	4	NO_helmet	no_helmet	0.7090	0.00	12.38	640.00	457.38	1
2026-02-26T09:45:09.841945	0	4	NO_helmet	no_helmet	0.7114	0.00	12.50	639.75	457.38	1
2026-02-26T09:45:09.842946	0	4	NO_helmet	no_helmet	0.7106	0.00	12.50	639.75	457.38	1
2026-02-26T09:45:09.844944	0	4	NO_helmet	no_helmet	0.7162	0.00	12.50	640.00	457.38	1
2026-02-26T09:45:09.944240	0	4	NO_helmet	no_helmet	0.7186	0.00	12.38	639.75	457.50	1
2026-02-26T09:45:09.946240	0	4	NO_helmet	no_helmet	0.7146	0.00	12.50	640.00	457.50	1
2026-02-26T09:45:09.947169	0	4	NO_helmet	no_helmet	0.7122	0.00	12.62	640.00	457.50	1
2026-02-26T09:45:10.036022	0	4	NO_helmet	no_helmet	0.7130	0.00	12.50	640.00	457.62	1
2026-02-26T09:45:10.038024	0	4	NO_helmet	no_helmet	0.7130	0.00	7.75	639.75	457.00	1
2026-02-26T09:45:10.128445	0	4	NO_helmet	no_helmet	0.7074	0.00	13.12	639.75	457.75	1
2026-02-26T09:45:10.128445	0	4	NO_helmet	no_helmet	0.7074	0.00	13.38	639.75	457.62	1
2026-02-26T09:45:10.228444	0	4	NO_helmet	no_helmet	0.7066	0.00	13.62	640.00	457.50	1
2026-02-26T09:45:10.230444	0	4	NO_helmet	no_helmet	0.7074	0.00	13.12	639.75	457.62	1
2026-02-26T09:45:10.232444	0	4	NO_helmet	no_helmet	0.7074	0.00	7.88	639.75	457.12	1
2026-02-26T09:45:10.301856	0	4	NO_helmet	no_helmet	0.7058	0.00	8.12	639.75	457.12	1
2026-02-26T09:45:10.404609	0	4	NO_helmet	no_helmet	0.7033	0.00	8.12	639.75	457.12	1
2026-02-26T09:45:10.486520	0	4	NO_helmet	no_helmet	0.7058	0.00	8.12	639.75	457.12	1
2026-02-26T09:45:10.489519	0	4	NO_helmet	no_helmet	0.7001	0.00	8.25	639.75	457.12	1
2026-02-26T09:45:10.490518	0	4	NO_helmet	no_helmet	0.7042	0.00	8.25	639.75	457.12	1
2026-02-26T09:45:10.490518	0	4	NO_helmet	no_helmet	0.7130	0.00	8.00	640.00	456.75	1
2026-02-26T09:45:10.586843	0	4	NO_helmet	no_helmet	0.7130	0.00	8.00	639.75	456.88	1
2026-02-26T09:45:10.590353	0	4	NO_helmet	no_helmet	0.7058	0.00	8.12	639.75	457.00	1
2026-02-26T09:45:10.680581	0	4	NO_helmet	no_helmet	0.7106	0.00	8.00	639.75	457.12	1
2026-02-26T09:45:10.685870	0	4	NO_helmet	no_helmet	0.7114	0.00	8.12	639.75	457.00	1
2026-02-26T09:45:10.687725	0	4	NO_helmet	no_helmet	0.7042	0.00	8.25	639.75	457.00	1
2026-02-26T09:45:10.803574	0	4	NO_helmet	no_helmet	0.7042	0.00	8.12	639.75	457.00	1
2026-02-26T09:45:10.805575	0	4	NO_helmet	no_helmet	0.7009	0.00	8.38	639.75	457.00	1
2026-02-26T09:45:10.808575	0	4	NO_helmet	no_helmet	0.6993	0.00	8.62	639.75	456.88	1
2026-02-26T09:45:10.935943	0	4	NO_helmet	no_helmet	0.6951	0.00	8.38	639.75	456.75	1
2026-02-26T09:45:10.935943	0	4	NO_helmet	no_helmet	0.6976	0.00	8.25	640.00	456.88	1
2026-02-26T09:45:10.958348	0	4	NO_helmet	no_helmet	0.7424	0.00	6.38	640.00	457.12	1
2026-02-26T09:45:11.073986	0	4	NO_helmet	no_helmet	0.7476	0.00	6.38	640.00	457.25	1
2026-02-26T09:45:11.077986	0	4	NO_helmet	no_helmet	0.7491	0.00	6.50	640.00	457.12	1
2026-02-26T09:45:11.081986	0	4	NO_helmet	no_helmet	0.7424	0.00	6.62	640.00	457.12	1
2026-02-26T09:45:11.276187	0	4	NO_helmet	no_helmet	0.7439	0.00	6.62	640.00	457.38	1
2026-02-26T09:45:11.290117	0	4	NO_helmet	no_helmet	0.7439	0.00	6.38	639.75	457.12	1
2026-02-26T09:45:11.303944	0	4	NO_helmet	no_helmet	0.7476	0.00	6.38	640.00	457.12	1
2026-02-26T09:45:11.431298	0	4	NO_helmet	no_helmet	0.7394	0.00	6.62	639.75	457.12	1
2026-02-26T09:45:11.440690	0	4	NO_helmet	no_helmet	0.7402	0.00	6.25	640.00	457.12	1
2026-02-26T09:45:11.445169	0	4	NO_helmet	no_helmet	0.7394	0.00	6.12	640.00	457.00	1
2026-02-26T09:45:11.448169	0	4	NO_helmet	no_helmet	0.7326	0.25	6.38	640.00	457.12	1
2026-02-26T09:45:11.541036	0	4	NO_helmet	no_helmet	0.7356	0.00	6.38	640.00	457.12	1
2026-02-26T09:45:11.545036	0	4	NO_helmet	no_helmet	0.7417	0.00	6.38	640.00	457.00	1
2026-02-26T09:45:11.547967	0	4	NO_helmet	no_helmet	0.7424	0.00	6.50	640.00	457.00	1
2026-02-26T09:45:11.553143	0	4	NO_helmet	no_helmet	0.7394	0.00	6.50	640.00	457.00	1
2026-02-26T09:45:11.666895	0	4	NO_helmet	no_helmet	0.7364	0.00	6.62	640.00	457.00	1
2026-02-26T09:45:11.673260	0	4	NO_helmet	no_helmet	0.7272	0.00	6.75	640.00	457.00	1
2026-02-26T09:45:11.678260	0	4	NO_helmet	no_helmet	0.7272	0.00	6.62	640.00	457.00	1
2026-02-26T09:45:11.682261	0	4	NO_helmet	no_helmet	0.7280	0.00	6.50	639.75	456.75	1
2026-02-26T09:45:11.786320	0	4	NO_helmet	no_helmet	0.7249	0.00	6.62	640.00	456.88	1
2026-02-26T09:45:11.786320	0	4	NO_helmet	no_helmet	0.7186	0.00	6.50	640.00	457.00	1
2026-02-26T09:45:11.786320	0	4	NO_helmet	no_helmet	0.7154	0.00	6.38	640.00	457.00	1
2026-02-26T09:45:11.786320	0	4	NO_helmet	no_helmet	0.7138	0.00	6.88	640.00	457.12	1
2026-02-26T09:45:11.910556	0	4	NO_helmet	no_helmet	0.7090	0.00	7.12	640.00	457.12	1
2026-02-26T09:45:11.915556	0	4	NO_helmet	no_helmet	0.7098	0.00	7.00	640.00	457.12	1
2026-02-26T09:45:12.021478	0	4	NO_helmet	no_helmet	0.7130	0.00	6.75	640.00	457.12	1
2026-02-26T09:45:12.027480	0	4	NO_helmet	no_helmet	0.7287	0.00	6.62	640.00	457.12	1
2026-02-26T09:45:12.033478	0	4	NO_helmet	no_helmet	0.7256	0.00	6.62	640.00	457.25	1
2026-02-26T09:45:12.152842	0	4	NO_helmet	no_helmet	0.7241	0.00	6.62	640.00	457.38	1
2026-02-26T09:45:12.156908	0	4	NO_helmet	no_helmet	0.7178	0.00	6.75	640.00	457.25	1
2026-02-26T09:45:12.162908	0	4	NO_helmet	no_helmet	0.7210	0.00	7.00	640.00	457.12	1
2026-02-26T09:45:31.260841	0	4	NO_helmet	no_helmet	0.5860	0.00	10.25	640.00	458.00	1
2026-02-26T09:45:31.549757	0	4	NO_helmet	no_helmet	0.5889	0.00	10.38	640.00	458.12	1
2026-02-26T09:45:31.549757	0	4	NO_helmet	no_helmet	0.5804	0.00	10.62	640.00	458.00	1
2026-02-26T09:45:31.564541	0	4	NO_helmet	no_helmet	0.5955	0.00	10.62	640.00	458.00	1
2026-02-26T09:45:31.566311	0	4	NO_helmet	no_helmet	0.5974	0.00	10.50	640.00	458.00	1
2026-02-26T09:45:31.610765	0	4	NO_helmet	no_helmet	0.5898	0.00	10.38	640.00	458.00	1
2026-02-26T09:45:31.614766	0	4	NO_helmet	no_helmet	0.5927	0.00	10.38	640.00	458.00	1
2026-02-26T09:45:31.616765	0	4	NO_helmet	no_helmet	0.5898	0.00	10.25	640.00	457.88	1
2026-02-26T09:45:31.619835	0	4	NO_helmet	no_helmet	0.5983	0.00	10.38	640.00	457.88	1
2026-02-26T09:45:31.662654	0	4	NO_helmet	no_helmet	0.5964	0.00	10.50	640.00	458.00	1
2026-02-26T09:45:31.667655	0	4	NO_helmet	no_helmet	0.5898	0.00	10.50	640.00	458.12	1
2026-02-26T09:45:31.669270	0	4	NO_helmet	no_helmet	0.5946	0.00	10.62	640.00	458.12	1
2026-02-26T09:45:31.669270	0	4	NO_helmet	no_helmet	0.6030	0.00	10.62	640.00	458.12	1
2026-02-26T09:45:31.708706	0	4	NO_helmet	no_helmet	0.6049	0.00	10.38	640.00	458.00	1
2026-02-26T09:45:31.713707	0	4	NO_helmet	no_helmet	0.5955	0.00	10.50	640.00	458.00	1
2026-02-26T09:45:31.715289	0	4	NO_helmet	no_helmet	0.5993	0.00	10.62	640.00	458.00	1
2026-02-26T09:45:31.719292	0	4	NO_helmet	no_helmet	0.6002	0.00	10.62	640.00	458.12	1
2026-02-26T09:45:31.758661	0	4	NO_helmet	no_helmet	0.5974	0.00	10.88	640.00	458.00	1
2026-02-26T09:45:31.763663	0	4	NO_helmet	no_helmet	0.5946	0.00	11.12	640.00	458.00	1
2026-02-26T09:45:31.764663	0	4	NO_helmet	no_helmet	0.6002	0.00	11.00	640.00	458.00	1
2026-02-26T09:45:31.764663	0	4	NO_helmet	no_helmet	0.5936	0.00	11.25	640.00	458.00	1
2026-02-26T09:45:31.868812	0	4	NO_helmet	no_helmet	0.5974	0.00	10.75	640.00	458.00	1
2026-02-26T09:45:31.868812	0	4	NO_helmet	no_helmet	0.5974	0.00	10.75	640.00	458.25	1
2026-02-26T09:45:31.878013	0	4	NO_helmet	no_helmet	0.6002	0.00	10.88	640.00	458.12	1
2026-02-26T09:45:31.886917	0	4	NO_helmet	no_helmet	0.5879	0.00	10.75	640.00	458.00	1
2026-02-26T09:45:31.985521	0	4	NO_helmet	no_helmet	0.5946	0.00	10.75	640.00	458.00	1
2026-02-26T09:45:32.002082	0	4	NO_helmet	no_helmet	0.5927	0.00	10.50	640.00	458.00	1
2026-02-26T09:45:32.009438	0	4	NO_helmet	no_helmet	0.5889	0.00	10.75	640.00	458.00	1
2026-02-26T09:45:32.010809	0	4	NO_helmet	no_helmet	0.5889	0.00	11.00	640.00	458.12	1
2026-02-26T09:45:32.157176	0	4	NO_helmet	no_helmet	0.5784	0.00	11.50	640.00	458.00	1
2026-02-26T09:45:32.157176	0	4	NO_helmet	no_helmet	0.5641	0.00	11.50	640.00	458.00	1
2026-02-26T09:45:32.157176	0	4	NO_helmet	no_helmet	0.5670	0.00	11.62	640.00	458.00	1
2026-02-26T09:45:32.161657	0	4	NO_helmet	no_helmet	0.5516	0.00	11.25	640.00	458.00	1
2026-02-26T09:45:32.568830	0	4	NO_helmet	no_helmet	0.5419	0.00	11.62	640.00	457.75	1
2026-02-26T09:45:32.585640	0	4	NO_helmet	no_helmet	0.5351	0.00	11.62	640.00	457.88	1
2026-02-26T09:45:32.590274	0	4	NO_helmet	no_helmet	0.5370	0.00	11.75	640.00	458.00	1
2026-02-26T09:45:32.624276	0	4	NO_helmet	no_helmet	0.5185	0.00	11.75	640.00	458.00	1
2026-02-26T09:45:32.672365	0	4	NO_helmet	no_helmet	0.5224	0.00	12.12	640.00	458.00	1
2026-02-26T09:45:32.677365	0	4	NO_helmet	no_helmet	0.5146	0.00	11.88	640.00	458.25	1
2026-02-26T09:45:32.678744	0	4	NO_helmet	no_helmet	0.5312	0.00	12.38	640.00	458.00	1
2026-02-26T09:45:32.678744	0	4	NO_helmet	no_helmet	0.5146	0.00	12.25	640.00	458.12	1
2026-02-26T09:45:32.703195	0	4	NO_helmet	no_helmet	0.5059	0.00	12.50	640.00	458.00	1
2026-02-26T09:45:32.719235	0	4	NO_helmet	no_helmet	0.4932	0.00	12.50	640.00	458.12	1
2026-02-26T09:45:32.721234	0	4	NO_helmet	no_helmet	0.4902	0.00	12.88	640.00	458.00	1
2026-02-26T09:45:32.722555	0	4	NO_helmet	no_helmet	0.4795	0.00	12.88	640.00	457.88	1
2026-02-26T09:45:32.835339	0	4	NO_helmet	no_helmet	0.4717	0.00	13.00	640.00	458.00	1
2026-02-26T09:45:32.842092	0	4	NO_helmet	no_helmet	0.4707	0.00	13.12	640.00	458.00	1
2026-02-26T09:45:32.843305	0	4	NO_helmet	no_helmet	0.4785	0.00	12.75	640.00	458.00	1
2026-02-26T09:45:32.843305	0	4	NO_helmet	no_helmet	0.4756	0.00	12.88	640.00	458.00	1
2026-02-26T09:45:32.956552	0	4	NO_helmet	no_helmet	0.4737	0.00	12.75	640.00	457.88	1
2026-02-26T09:45:32.957551	0	4	NO_helmet	no_helmet	0.4834	0.00	13.88	640.00	457.50	1
2026-02-26T09:45:32.959553	0	4	NO_helmet	no_helmet	0.4795	0.00	14.25	640.00	457.38	1
2026-02-26T09:45:32.961551	0	4	NO_helmet	no_helmet	0.4639	0.00	9.12	640.00	457.12	1
2026-02-26T09:45:33.116179	0	4	NO_helmet	no_helmet	0.4668	0.00	14.12	640.00	457.25	1
2026-02-26T09:45:33.125539	0	4	NO_helmet	no_helmet	0.4639	0.00	14.00	640.00	457.38	1
2026-02-26T09:45:33.129375	0	4	NO_helmet	no_helmet	0.4542	0.00	9.12	640.00	457.12	1
2026-02-26T09:45:33.129375	0	4	NO_helmet	no_helmet	0.4455	0.00	9.62	640.00	457.00	1
2026-02-26T09:45:33.302183	0	4	NO_helmet	no_helmet	0.4484	0.00	9.25	640.00	457.12	1
2026-02-26T09:45:33.319288	0	4	NO_helmet	no_helmet	0.4417	0.00	9.25	640.00	457.12	1
2026-02-26T09:45:33.334916	0	4	NO_helmet	no_helmet	0.4417	0.00	9.50	640.00	457.00	1
2026-02-26T09:45:33.337920	0	4	NO_helmet	no_helmet	0.4436	0.00	14.62	640.00	457.38	1
2026-02-26T09:45:33.435338	0	4	NO_helmet	no_helmet	0.4513	0.00	14.75	640.00	457.38	1
2026-02-26T09:45:33.442186	0	4	NO_helmet	no_helmet	0.4513	0.00	14.62	640.00	457.50	1
2026-02-26T09:45:33.443089	0	4	NO_helmet	no_helmet	0.4446	0.00	15.00	640.00	457.38	1
2026-02-26T09:45:33.443089	0	4	NO_helmet	no_helmet	0.4426	0.00	14.88	640.00	457.50	1
2026-02-26T09:45:33.618717	0	4	NO_helmet	no_helmet	0.4349	0.00	14.88	640.00	457.50	1
2026-02-26T09:45:33.626445	0	4	NO_helmet	no_helmet	0.4475	0.00	15.00	640.00	457.50	1
2026-02-26T09:45:33.627283	0	4	NO_helmet	no_helmet	0.4455	0.00	15.12	640.00	457.50	1
2026-02-26T09:45:33.627283	0	4	NO_helmet	no_helmet	0.4484	0.00	15.12	640.00	457.50	1
2026-02-26T09:45:33.752058	0	4	NO_helmet	no_helmet	0.4321	0.00	15.12	640.00	457.62	1
2026-02-26T09:45:33.768258	0	4	NO_helmet	no_helmet	0.4378	0.00	15.38	640.00	457.62	1
2026-02-26T09:45:33.776286	0	4	NO_helmet	no_helmet	0.4378	0.00	15.25	640.00	457.62	1
2026-02-26T09:45:33.776286	0	4	NO_helmet	no_helmet	0.4436	0.00	15.00	640.00	457.50	1
2026-02-26T09:45:33.928476	0	4	NO_helmet	no_helmet	0.4465	0.00	15.25	640.00	457.50	1
2026-02-26T09:45:33.938063	0	4	NO_helmet	no_helmet	0.4321	0.00	15.25	640.00	457.50	1
2026-02-26T09:45:33.939018	0	4	NO_helmet	no_helmet	0.4111	0.00	15.38	640.00	457.50	1
2026-02-26T09:45:33.939018	0	4	NO_helmet	no_helmet	0.4045	0.00	10.12	640.00	457.25	1
2026-02-26T09:45:34.117449	0	4	NO_helmet	no_helmet	0.3868	0.00	10.50	640.00	457.38	1
2026-02-26T09:45:34.120199	0	4	NO_helmet	no_helmet	0.3933	0.00	16.38	640.00	457.38	1
2026-02-26T09:45:34.122198	0	4	NO_helmet	no_helmet	0.4064	0.00	16.12	640.00	457.38	1
2026-02-26T09:45:34.124198	0	4	NO_helmet	no_helmet	0.4073	0.00	16.50	640.00	457.50	1
2026-02-26T09:45:34.306777	0	4	NO_helmet	no_helmet	0.4007	0.00	16.25	640.00	457.50	1
2026-02-26T09:45:34.311776	0	4	NO_helmet	no_helmet	0.4168	0.00	15.88	640.00	457.50	1
2026-02-26T09:45:34.318112	0	4	NO_helmet	no_helmet	0.4235	0.00	15.88	640.00	457.50	1
2026-02-26T09:45:34.323172	0	4	NO_helmet	no_helmet	0.4244	0.00	15.88	640.00	457.62	1
2026-02-26T09:45:34.528433	0	4	NO_helmet	no_helmet	0.4149	0.00	15.62	640.00	457.62	1
2026-02-26T09:45:34.556616	0	4	NO_helmet	no_helmet	0.4225	0.00	15.25	640.00	457.50	1
2026-02-26T09:45:34.573221	0	4	NO_helmet	no_helmet	0.4330	0.00	15.25	640.00	457.50	1
2026-02-26T09:45:34.589891	0	4	NO_helmet	no_helmet	0.4263	0.00	15.25	640.00	457.50	1
2026-02-26T09:45:34.652087	0	4	NO_helmet	no_helmet	0.4301	0.00	15.25	640.00	457.62	1
2026-02-26T09:45:34.652087	0	4	NO_helmet	no_helmet	0.4225	0.00	15.50	640.00	457.50	1
2026-02-26T09:45:34.669161	0	4	NO_helmet	no_helmet	0.4206	0.00	15.75	640.00	457.62	1
2026-02-26T09:45:34.669681	0	4	NO_helmet	no_helmet	0.4092	0.00	15.75	640.00	457.50	1
2026-02-26T09:45:34.746151	0	4	NO_helmet	no_helmet	0.4206	0.00	15.38	640.00	457.62	1
2026-02-26T09:45:34.750151	0	4	NO_helmet	no_helmet	0.4149	0.00	15.25	640.00	457.62	1
2026-02-26T09:45:34.752726	0	4	NO_helmet	no_helmet	0.4254	0.00	15.25	640.00	457.50	1
2026-02-26T09:45:34.753696	0	4	NO_helmet	no_helmet	0.4263	0.00	15.00	640.00	457.75	1
2026-02-26T09:45:34.901354	0	4	NO_helmet	no_helmet	0.4282	0.00	15.12	640.00	457.50	1
2026-02-26T09:45:34.925438	0	4	NO_helmet	no_helmet	0.4083	0.00	15.25	640.00	457.75	1
2026-02-26T09:45:34.925438	0	4	NO_helmet	no_helmet	0.4149	0.00	15.50	640.00	457.75	1
2026-02-26T09:45:34.935942	0	4	NO_helmet	no_helmet	0.3594	0.00	14.88	640.00	457.75	1
2026-02-26T09:45:35.050098	0	4	NO_helmet	no_helmet	0.3549	0.00	14.75	640.00	457.88	1
2026-02-26T09:45:35.059204	0	4	NO_helmet	no_helmet	0.3486	0.00	14.62	640.00	457.88	1
2026-02-26T09:45:35.060085	0	4	NO_helmet	no_helmet	0.3398	0.00	14.75	640.00	457.88	1
2026-02-26T09:45:35.066191	0	4	NO_helmet	no_helmet	0.3337	0.00	14.75	640.00	457.88	1
2026-02-26T09:45:35.200282	0	4	NO_helmet	no_helmet	0.3478	0.00	14.75	640.00	457.62	1
2026-02-26T09:45:35.200282	0	4	NO_helmet	no_helmet	0.3416	0.00	15.00	640.00	457.62	1
2026-02-26T09:45:35.205304	0	4	NO_helmet	no_helmet	0.3372	0.00	15.25	640.00	457.75	1
2026-02-26T09:45:35.206375	0	4	NO_helmet	no_helmet	0.3398	0.00	15.12	640.00	457.75	1
2026-02-26T09:45:35.381031	0	4	NO_helmet	no_helmet	0.3329	0.00	15.12	640.00	457.75	1
2026-02-26T09:45:35.381031	0	4	NO_helmet	no_helmet	0.3469	0.00	14.75	640.00	457.62	1
2026-02-26T09:45:35.400477	0	4	NO_helmet	no_helmet	0.3495	0.00	14.50	640.00	457.75	1
2026-02-26T09:45:35.455627	0	4	NO_helmet	no_helmet	0.3549	0.00	14.25	640.00	457.75	1
2026-02-26T09:45:35.460627	0	4	NO_helmet	no_helmet	0.3567	0.00	14.38	640.00	457.75	1
2026-02-26T09:45:35.514556	0	4	NO_helmet	no_helmet	0.3549	0.00	14.25	640.00	457.62	1
2026-02-26T09:45:35.520076	0	4	NO_helmet	no_helmet	0.3558	0.00	14.12	640.00	457.75	1
2026-02-26T09:45:35.563521	0	4	NO_helmet	no_helmet	0.3775	0.00	13.62	640.00	457.62	1
2026-02-26T09:45:35.609428	0	4	NO_helmet	no_helmet	0.3639	0.00	13.75	640.00	457.62	1
2026-02-26T09:45:35.658540	0	4	NO_helmet	no_helmet	0.3639	0.00	14.00	640.00	457.50	1
2026-02-26T09:45:35.663540	0	4	NO_helmet	no_helmet	0.3621	0.00	14.12	640.00	457.75	1
2026-02-26T09:45:35.715597	0	4	NO_helmet	no_helmet	0.3567	0.00	14.50	640.00	457.75	1
2026-02-26T09:45:35.779570	0	4	NO_helmet	no_helmet	0.3621	0.00	14.50	640.00	457.62	1
2026-02-26T09:45:35.787195	0	4	NO_helmet	no_helmet	0.3531	0.00	14.50	640.00	457.62	1
2026-02-26T09:45:35.881092	0	4	NO_helmet	no_helmet	0.3495	0.00	14.88	640.00	457.75	1
2026-02-26T09:45:35.889269	0	4	NO_helmet	no_helmet	0.3433	0.00	14.88	640.00	457.75	1
2026-02-26T09:45:35.937908	0	4	NO_helmet	no_helmet	0.3495	0.00	14.75	640.00	457.62	1
2026-02-26T09:45:35.944908	0	4	NO_helmet	no_helmet	0.3513	0.00	14.75	640.00	457.75	1
2026-02-26T09:45:36.018863	0	4	NO_helmet	no_helmet	0.3594	0.00	14.62	640.00	457.75	1
2026-02-26T09:45:36.028496	0	4	NO_helmet	no_helmet	0.3666	0.00	14.25	640.00	457.75	1
2026-02-26T09:45:36.088857	0	4	NO_helmet	no_helmet	0.3693	0.00	14.12	640.00	457.62	1
2026-02-26T09:45:36.091093	0	4	NO_helmet	no_helmet	0.3666	0.00	14.00	640.00	457.75	1
2026-02-26T09:45:36.159658	0	4	NO_helmet	no_helmet	0.3684	0.00	14.25	640.00	457.75	1
2026-02-26T09:45:36.169228	0	4	NO_helmet	no_helmet	0.3639	0.00	14.38	640.00	457.62	1
2026-02-26T09:45:36.267028	0	4	NO_helmet	no_helmet	0.3666	0.00	14.00	640.00	457.62	1
2026-02-26T09:45:36.463788	0	4	NO_helmet	no_helmet	0.3666	0.00	14.25	640.00	457.62	1
2026-02-26T09:45:36.968753	0	4	NO_helmet	no_helmet	0.3478	0.00	14.12	640.00	457.50	1
2026-02-26T09:45:36.994812	0	4	NO_helmet	no_helmet	0.3460	0.00	14.00	640.00	457.88	1
2026-02-26T09:45:37.016813	0	4	NO_helmet	no_helmet	0.3442	0.00	14.12	640.00	457.62	1
2026-02-26T09:45:37.158354	0	4	NO_helmet	no_helmet	0.3478	0.00	13.88	640.00	457.75	1
2026-02-26T09:45:37.171607	0	4	NO_helmet	no_helmet	0.3513	0.00	13.62	640.00	457.88	1
2026-02-26T09:45:37.252188	0	4	NO_helmet	no_helmet	0.3469	0.00	13.88	640.00	457.88	1
2026-02-26T09:45:37.263946	0	4	NO_helmet	no_helmet	0.3407	0.00	14.12	640.00	457.75	1
2026-02-26T09:45:37.335358	0	4	NO_helmet	no_helmet	0.3416	0.00	13.62	640.00	457.62	1
2026-02-26T09:45:37.350770	0	4	NO_helmet	no_helmet	0.3478	0.00	13.88	640.00	457.75	1
2026-02-26T09:45:37.418861	0	4	NO_helmet	no_helmet	0.3513	0.00	14.25	640.00	457.88	1
2026-02-26T09:45:37.435367	0	4	NO_helmet	no_helmet	0.3567	0.00	14.12	640.00	457.75	1
2026-02-26T09:45:37.540799	0	4	NO_helmet	no_helmet	0.3567	0.00	14.12	640.00	457.75	1
2026-02-26T09:45:37.543798	0	4	NO_helmet	no_helmet	0.3504	0.00	14.38	640.00	457.88	1
2026-02-26T09:45:37.594825	0	4	NO_helmet	no_helmet	0.3478	0.00	14.50	640.00	457.88	1
2026-02-26T09:45:37.599826	0	4	NO_helmet	no_helmet	0.3416	0.00	14.75	640.00	457.88	1
2026-02-26T09:45:37.636779	0	4	NO_helmet	no_helmet	0.4600	0.00	8.12	640.00	457.38	1
2026-02-26T09:45:37.639778	0	4	NO_helmet	no_helmet	0.4649	0.00	7.88	640.00	457.50	1
2026-02-26T09:45:37.684109	0	4	NO_helmet	no_helmet	0.4600	0.00	8.00	640.00	457.62	1
2026-02-26T09:45:37.690232	0	4	NO_helmet	no_helmet	0.4727	0.00	7.88	640.00	457.50	1
2026-02-26T09:45:37.729192	0	4	NO_helmet	no_helmet	0.4727	0.00	8.00	640.00	457.50	1
2026-02-26T09:45:37.734191	0	4	NO_helmet	no_helmet	0.4426	0.00	8.12	640.00	457.50	1
2026-02-26T09:45:37.769046	0	4	NO_helmet	no_helmet	0.4436	0.00	8.00	640.00	457.50	1
2026-02-26T09:45:37.774047	0	4	NO_helmet	no_helmet	0.4484	0.00	7.88	640.00	457.62	1
2026-02-26T09:45:37.810487	0	4	NO_helmet	no_helmet	0.4533	0.00	7.88	640.00	457.62	1
2026-02-26T09:45:37.814491	0	4	NO_helmet	no_helmet	0.4484	0.00	7.88	640.00	457.62	1
2026-02-26T09:45:37.864367	0	4	NO_helmet	no_helmet	0.4523	0.00	7.88	640.00	457.50	1
2026-02-26T09:45:37.868247	0	4	NO_helmet	no_helmet	0.4417	0.00	8.12	640.00	457.50	1
2026-02-26T09:45:37.907352	0	4	NO_helmet	no_helmet	0.4494	0.00	8.00	640.00	457.75	1
2026-02-26T09:45:37.910353	0	4	NO_helmet	no_helmet	0.4542	0.00	7.75	640.00	457.50	1
2026-02-26T09:45:37.951402	0	4	NO_helmet	no_helmet	0.4475	0.00	8.12	640.00	457.50	1
2026-02-26T09:45:37.955840	0	4	NO_helmet	no_helmet	0.4562	0.00	8.12	640.00	457.75	1
2026-02-26T09:45:37.995755	0	4	NO_helmet	no_helmet	0.4504	0.00	8.00	640.00	457.50	1
2026-02-26T09:45:38.001327	0	4	NO_helmet	no_helmet	0.4542	0.00	8.00	640.00	457.62	1
2026-02-26T09:45:38.045854	0	4	NO_helmet	no_helmet	0.4446	0.00	8.38	640.00	457.50	1
2026-02-26T09:45:38.047853	0	4	NO_helmet	no_helmet	0.4349	0.00	8.62	640.00	457.62	1
2026-02-26T09:45:38.088814	0	4	NO_helmet	no_helmet	0.4301	0.00	8.75	640.00	457.75	1
2026-02-26T09:45:38.091814	0	4	NO_helmet	no_helmet	0.4301	0.00	9.00	640.00	457.75	1
2026-02-26T09:45:38.136140	0	4	NO_helmet	no_helmet	0.4216	0.00	9.00	640.00	457.75	1
2026-02-26T09:45:38.141691	0	4	NO_helmet	no_helmet	0.4292	0.00	8.62	640.00	457.62	1
2026-02-26T09:45:38.183201	0	4	NO_helmet	no_helmet	0.4340	0.00	8.62	640.00	457.75	1
2026-02-26T09:45:38.187796	0	4	NO_helmet	no_helmet	0.4397	0.00	8.75	640.00	457.62	1
2026-02-26T09:45:38.218964	0	4	NO_helmet	no_helmet	0.4359	0.00	8.62	640.00	457.75	1
2026-02-26T09:45:38.223964	0	4	NO_helmet	no_helmet	0.4378	0.00	13.25	640.00	458.00	1
2026-02-26T09:45:38.262351	0	4	NO_helmet	no_helmet	0.4397	0.00	13.25	640.00	458.00	1
2026-02-26T09:45:38.266354	0	4	NO_helmet	no_helmet	0.4407	0.00	8.62	640.00	457.88	1
2026-02-26T09:45:38.286124	0	4	NO_helmet	no_helmet	0.4426	0.00	13.50	640.00	458.00	1
2026-02-26T09:45:38.302398	0	4	NO_helmet	no_helmet	0.4340	0.00	8.88	640.00	457.75	1
2026-02-26T09:45:38.345690	0	4	NO_helmet	no_helmet	0.4311	0.00	8.88	640.00	457.75	1
2026-02-26T09:45:38.351692	0	4	NO_helmet	no_helmet	0.4244	0.00	9.12	640.00	457.75	1
2026-02-26T09:45:38.585299	0	4	NO_helmet	no_helmet	0.4244	0.00	9.25	640.00	457.88	1
2026-02-26T09:45:39.319800	0	4	NO_helmet	no_helmet	0.4301	0.00	9.25	640.00	458.00	1
2026-02-26T09:45:39.398111	0	4	NO_helmet	no_helmet	0.4359	0.00	9.12	640.00	457.88	1
2026-02-26T09:45:39.402112	0	4	NO_helmet	no_helmet	0.4359	0.00	9.00	640.00	457.75	1
2026-02-26T09:45:39.478573	0	4	NO_helmet	no_helmet	0.4311	0.00	9.12	640.00	458.00	1
2026-02-26T09:45:39.479363	0	4	NO_helmet	no_helmet	0.4330	0.00	8.88	640.00	457.88	1
2026-02-26T09:45:39.551942	0	4	NO_helmet	no_helmet	0.4340	0.00	8.88	640.00	457.88	1
2026-02-26T09:45:39.551942	0	4	NO_helmet	no_helmet	0.4340	0.00	9.00	640.00	457.88	1
2026-02-26T09:45:39.626563	0	4	NO_helmet	no_helmet	0.4562	0.00	13.38	640.00	457.88	1
2026-02-26T09:45:39.629564	0	4	NO_helmet	no_helmet	0.4513	0.00	13.50	640.00	458.00	1
2026-02-26T09:45:39.680995	0	4	NO_helmet	no_helmet	0.4504	0.00	13.62	640.00	457.62	1
2026-02-26T09:45:39.682995	0	4	NO_helmet	no_helmet	0.4523	0.00	13.62	640.00	457.88	1
2026-02-26T09:45:39.741750	0	4	NO_helmet	no_helmet	0.4504	0.00	13.62	640.00	458.00	1
2026-02-26T09:45:39.744749	0	4	NO_helmet	no_helmet	0.4533	0.00	13.50	640.00	458.00	1
2026-02-26T09:45:39.799622	0	4	NO_helmet	no_helmet	0.4552	0.00	13.62	640.00	458.00	1
2026-02-26T09:45:39.810141	0	4	NO_helmet	no_helmet	0.4639	0.00	13.38	640.00	458.00	1
2026-02-26T09:45:39.836344	0	4	NO_helmet	no_helmet	0.4727	0.00	13.88	640.00	457.88	1
2026-02-26T09:45:39.853245	0	4	NO_helmet	no_helmet	0.4717	0.00	14.00	640.00	457.88	1
2026-02-26T09:45:39.896769	0	4	NO_helmet	no_helmet	0.4805	0.00	9.12	640.00	457.75	1
2026-02-26T09:45:39.900769	0	4	NO_helmet	no_helmet	0.4854	0.00	9.25	640.00	457.88	1
2026-02-26T09:45:39.943601	0	4	NO_helmet	no_helmet	0.4824	0.00	9.50	640.00	457.62	1
2026-02-26T09:45:39.949603	0	4	NO_helmet	no_helmet	0.4922	0.00	14.00	640.00	457.50	1
2026-02-26T09:45:39.994583	0	4	NO_helmet	no_helmet	0.4854	0.00	9.12	640.00	457.62	1
2026-02-26T09:45:39.999583	0	4	NO_helmet	no_helmet	0.4854	0.00	13.88	640.00	457.75	1
2026-02-26T09:45:40.051581	0	4	NO_helmet	no_helmet	0.4659	0.00	14.12	640.00	457.88	1
2026-02-26T09:45:40.053580	0	4	NO_helmet	no_helmet	0.4707	0.00	14.00	640.00	457.88	1
2026-02-26T09:45:40.103478	0	4	NO_helmet	no_helmet	0.4698	0.00	14.00	640.00	458.00	1
2026-02-26T09:45:40.108402	0	4	NO_helmet	no_helmet	0.4776	0.00	13.75	640.00	457.88	1
2026-02-26T09:45:40.155241	0	4	NO_helmet	no_helmet	0.4815	0.00	13.88	640.00	458.00	1
2026-02-26T09:45:40.160242	0	4	NO_helmet	no_helmet	0.4776	0.00	13.75	640.00	458.00	1
2026-02-26T09:45:40.205361	0	4	NO_helmet	no_helmet	0.4844	0.00	13.50	640.00	458.00	1
2026-02-26T09:45:40.211697	0	4	NO_helmet	no_helmet	0.4873	0.00	13.50	640.00	457.88	1
2026-02-26T09:45:40.270108	0	4	NO_helmet	no_helmet	0.4854	0.00	13.62	640.00	457.88	1
2026-02-26T09:45:40.276108	0	4	NO_helmet	no_helmet	0.4795	0.00	13.62	640.00	458.00	1
2026-02-26T09:45:40.419380	0	4	NO_helmet	no_helmet	0.4688	0.00	13.75	640.00	458.00	1
2026-02-26T09:45:40.423379	0	4	NO_helmet	no_helmet	0.4610	0.00	14.12	640.00	458.00	1
2026-02-26T09:45:40.551034	0	4	NO_helmet	no_helmet	0.4388	0.00	14.88	640.00	458.00	1
2026-02-26T09:45:40.551034	0	4	NO_helmet	no_helmet	0.4321	0.00	15.00	640.00	458.00	1
2026-02-26T09:45:40.645125	0	4	NO_helmet	no_helmet	0.4282	0.00	14.88	640.00	457.88	1
2026-02-26T09:45:40.649125	0	4	NO_helmet	no_helmet	0.4378	0.00	14.88	640.00	457.88	1
2026-02-26T09:45:40.706423	0	4	NO_helmet	no_helmet	0.4388	0.00	14.75	640.00	458.00	1
2026-02-26T09:45:40.710423	0	4	NO_helmet	no_helmet	0.4378	0.00	14.50	640.00	458.00	1
2026-02-26T09:45:40.800449	0	4	NO_helmet	no_helmet	0.4388	0.00	14.50	640.00	458.00	1
2026-02-26T09:45:40.806640	0	4	NO_helmet	no_helmet	0.4513	0.00	14.38	640.00	458.00	1
2026-02-26T09:45:40.859220	0	4	NO_helmet	no_helmet	0.4417	0.00	14.12	640.00	458.00	1
2026-02-26T09:45:40.862220	0	4	NO_helmet	no_helmet	0.4417	0.00	14.12	640.00	458.00	1
2026-02-26T09:45:40.918310	0	4	NO_helmet	no_helmet	0.4475	0.00	13.88	640.00	457.88	1
2026-02-26T09:45:40.923309	0	4	NO_helmet	no_helmet	0.4426	0.00	13.88	640.00	457.88	1
2026-02-26T09:45:40.969083	0	4	NO_helmet	no_helmet	0.4426	0.00	13.88	640.00	457.88	1
2026-02-26T09:45:40.974393	0	4	NO_helmet	no_helmet	0.4465	0.00	13.75	640.00	457.88	1
2026-02-26T09:45:41.024095	0	4	NO_helmet	no_helmet	0.4533	0.00	13.75	640.00	458.00	1
2026-02-26T09:45:41.031101	0	4	NO_helmet	no_helmet	0.4591	0.00	13.75	640.00	458.00	1
2026-02-26T09:45:41.077013	0	4	NO_helmet	no_helmet	0.4542	0.00	13.75	640.00	458.00	1
2026-02-26T09:45:41.083012	0	4	NO_helmet	no_helmet	0.4542	0.00	13.88	640.00	457.88	1
2026-02-26T09:45:41.136811	0	4	NO_helmet	no_helmet	0.4504	0.00	13.62	640.00	458.00	1
2026-02-26T09:45:41.141811	0	4	NO_helmet	no_helmet	0.4630	0.00	13.75	640.00	458.00	1
2026-02-26T09:45:41.189625	0	4	NO_helmet	no_helmet	0.4630	0.00	13.88	640.00	458.00	1
2026-02-26T09:45:41.193623	0	4	NO_helmet	no_helmet	0.4513	0.00	13.88	640.00	458.00	1
2026-02-26T09:45:41.244704	0	4	NO_helmet	no_helmet	0.4494	0.00	13.62	640.00	458.00	1
2026-02-26T09:45:41.247705	0	4	NO_helmet	no_helmet	0.4446	0.00	14.12	640.00	457.88	1
2026-02-26T09:45:41.295575	0	4	NO_helmet	no_helmet	0.4407	0.00	14.00	640.00	457.75	1
2026-02-26T09:45:41.303348	0	4	NO_helmet	no_helmet	0.4494	0.00	13.88	640.00	457.75	1
2026-02-26T09:45:41.376715	0	4	NO_helmet	no_helmet	0.4484	0.00	13.75	640.00	457.88	1
2026-02-26T09:45:41.382143	0	4	NO_helmet	no_helmet	0.4581	0.00	13.88	640.00	457.62	1
2026-02-26T09:45:41.434860	0	4	NO_helmet	no_helmet	0.4649	0.00	13.38	640.00	457.88	1
2026-02-26T09:45:41.442858	0	4	NO_helmet	no_helmet	0.4659	0.00	13.25	640.00	458.00	1
2026-02-26T09:45:41.499562	0	4	NO_helmet	no_helmet	0.4863	0.00	14.12	640.00	457.75	1
2026-02-26T09:45:41.505562	0	4	NO_helmet	no_helmet	0.4863	0.00	13.75	640.00	457.75	1
2026-02-26T09:45:41.554630	0	4	NO_helmet	no_helmet	0.4902	0.00	14.12	640.00	457.75	1
2026-02-26T09:45:41.561630	0	4	NO_helmet	no_helmet	0.5029	0.00	14.00	640.00	457.75	1
2026-02-26T09:45:41.613764	0	4	NO_helmet	no_helmet	0.5029	0.00	14.12	640.00	458.00	1
2026-02-26T09:45:41.620012	0	4	NO_helmet	no_helmet	0.5088	0.00	14.12	640.00	457.88	1
2026-02-26T09:45:41.660436	0	4	NO_helmet	no_helmet	0.5068	0.00	13.88	640.00	458.00	1
2026-02-26T09:45:41.665438	0	4	NO_helmet	no_helmet	0.4951	0.00	14.00	640.00	457.88	1
2026-02-26T09:45:41.718486	0	4	NO_helmet	no_helmet	0.4941	0.00	13.88	640.00	457.75	1
2026-02-26T09:45:41.718486	0	4	NO_helmet	no_helmet	0.4932	0.00	13.88	640.00	457.88	1
2026-02-26T09:45:41.782889	0	4	NO_helmet	no_helmet	0.5000	0.00	13.62	640.00	458.00	1
2026-02-26T09:45:41.787890	0	4	NO_helmet	no_helmet	0.4951	0.00	14.00	640.00	457.75	1
2026-02-26T09:45:41.835547	0	4	NO_helmet	no_helmet	0.4893	0.00	14.00	640.00	458.00	1
2026-02-26T09:45:41.835547	0	4	NO_helmet	no_helmet	0.4883	0.00	13.88	640.00	458.00	1
2026-02-26T09:45:41.897572	0	4	NO_helmet	no_helmet	0.4990	0.00	13.75	640.00	458.00	1
2026-02-26T09:45:41.902573	0	4	NO_helmet	no_helmet	0.5059	0.00	13.62	640.00	458.00	1
2026-02-26T09:45:41.947600	0	4	NO_helmet	no_helmet	0.5039	0.00	13.88	640.00	457.88	1
2026-02-26T09:45:41.950600	0	4	NO_helmet	no_helmet	0.5117	0.00	13.38	640.00	458.00	1
2026-02-26T09:45:41.997558	0	4	NO_helmet	no_helmet	0.5176	0.00	13.00	640.00	458.00	1
2026-02-26T09:45:42.002347	0	4	NO_helmet	no_helmet	0.5166	0.00	13.25	640.00	458.00	1
2026-02-26T09:45:42.049532	0	4	NO_helmet	no_helmet	0.5224	0.00	13.00	640.00	458.00	1
2026-02-26T09:45:42.052532	0	4	NO_helmet	no_helmet	0.5322	0.00	12.88	640.00	457.88	1
2026-02-26T09:45:42.096635	0	4	NO_helmet	no_helmet	0.5400	0.00	12.88	640.00	457.88	1
2026-02-26T09:45:42.104638	0	4	NO_helmet	no_helmet	0.5419	0.00	12.88	640.00	458.00	1
2026-02-26T09:45:42.157344	0	4	NO_helmet	no_helmet	0.5273	0.00	12.88	640.00	458.00	1
2026-02-26T09:45:42.160344	0	4	NO_helmet	no_helmet	0.5409	0.00	12.75	640.00	457.88	1
2026-02-26T09:45:42.163953	0	4	NO_helmet	no_helmet	0.5273	0.00	12.75	640.00	457.88	1
2026-02-26T09:45:42.214275	0	4	NO_helmet	no_helmet	0.5283	0.00	12.62	640.00	457.75	1
2026-02-26T09:45:42.220277	0	4	NO_helmet	no_helmet	0.5361	0.00	12.88	640.00	457.88	1
2026-02-26T09:45:42.268370	0	4	NO_helmet	no_helmet	0.5332	0.00	12.50	640.00	457.75	1
2026-02-26T09:45:42.273370	0	4	NO_helmet	no_helmet	0.5332	0.00	13.00	640.00	458.00	1
2026-02-26T09:45:42.275370	0	4	NO_helmet	no_helmet	0.5293	0.00	12.50	640.00	457.88	1
2026-02-26T09:45:42.322925	0	4	NO_helmet	no_helmet	0.5244	0.00	12.50	640.00	457.75	1
2026-02-26T09:45:42.325926	0	4	NO_helmet	no_helmet	0.5244	0.00	12.50	640.00	457.75	1
2026-02-26T09:45:42.337519	0	4	NO_helmet	no_helmet	0.5302	0.00	12.25	640.00	457.88	1
